label,alpha,payload_size,request_seq,request_no,worker,target_fn,switched,delta_cycles,cntfrq,delta_ns,requests_per_conn,top1_rdtsc,top2_rdtsc
proto_two_containers_step32kb_32_to_1024,0,32768,1,1,bench2-fn-a,bench2-fn-a,0,5952092,1000000000,5952092,50,747923876554,747929828646
proto_two_containers_step32kb_32_to_1024,0,32768,2,1,bench2-fn-b,bench2-fn-b,1,4771722,1000000000,4771722,50,747932281369,747937053091
proto_two_containers_step32kb_32_to_1024,0,32768,3,1,bench2-fn-a,bench2-fn-a,1,3427852,1000000000,3427852,50,747938513202,747941941054
proto_two_containers_step32kb_32_to_1024,0,32768,4,1,bench2-fn-b,bench2-fn-b,1,3472315,1000000000,3472315,50,747943260109,747946732424
proto_two_containers_step32kb_32_to_1024,0,32768,5,1,bench2-fn-a,bench2-fn-a,1,3641278,1000000000,3641278,50,747948612813,747952254091
proto_two_containers_step32kb_32_to_1024,0,32768,6,1,bench2-fn-b,bench2-fn-b,1,3984815,1000000000,3984815,50,747953693702,747957678517
proto_two_containers_step32kb_32_to_1024,0,32768,7,1,bench2-fn-a,bench2-fn-a,1,4436926,1000000000,4436926,50,747960098776,747964535702
proto_two_containers_step32kb_32_to_1024,0,32768,8,1,bench2-fn-b,bench2-fn-b,1,3809222,1000000000,3809222,50,747966280628,747970089850
proto_two_containers_step32kb_32_to_1024,0,32768,9,1,bench2-fn-a,bench2-fn-a,1,3787241,1000000000,3787241,50,747971791998,747975579239
proto_two_containers_step32kb_32_to_1024,0,32768,10,1,bench2-fn-b,bench2-fn-b,1,3991241,1000000000,3991241,50,747977439609,747981430850
proto_two_containers_step32kb_32_to_1024,0,32768,11,1,bench2-fn-a,bench2-fn-a,1,3914629,1000000000,3914629,50,747983157054,747987071683
proto_two_containers_step32kb_32_to_1024,0,32768,12,1,bench2-fn-b,bench2-fn-b,1,3716019,1000000000,3716019,50,747988318535,747992034554
proto_two_containers_step32kb_32_to_1024,0,32768,13,1,bench2-fn-a,bench2-fn-a,1,3766889,1000000000,3766889,50,747993099128,747996866017
proto_two_containers_step32kb_32_to_1024,0,32768,14,1,bench2-fn-b,bench2-fn-b,1,3057093,1000000000,3057093,50,747998845387,748001902480
proto_two_containers_step32kb_32_to_1024,0,32768,15,1,bench2-fn-a,bench2-fn-a,1,3210129,1000000000,3210129,50,748003596443,748006806572
proto_two_containers_step32kb_32_to_1024,0,32768,16,1,bench2-fn-b,bench2-fn-b,1,4327259,1000000000,4327259,50,748008306887,748012634146
proto_two_containers_step32kb_32_to_1024,0,32768,17,1,bench2-fn-a,bench2-fn-a,1,4426796,1000000000,4426796,50,748014086498,748018513294
proto_two_containers_step32kb_32_to_1024,0,32768,18,1,bench2-fn-b,bench2-fn-b,1,3974592,1000000000,3974592,50,748021202406,748025176998
proto_two_containers_step32kb_32_to_1024,0,32768,19,1,bench2-fn-a,bench2-fn-a,1,3858037,1000000000,3858037,50,748026398350,748030256387
proto_two_containers_step32kb_32_to_1024,0,32768,20,1,bench2-fn-b,bench2-fn-b,1,3663537,1000000000,3663537,50,748032480572,748036144109
proto_two_containers_step32kb_32_to_1024,0,32768,21,1,bench2-fn-a,bench2-fn-a,1,3511834,1000000000,3511834,50,748037343831,748040855665
proto_two_containers_step32kb_32_to_1024,0,32768,22,1,bench2-fn-b,bench2-fn-b,1,3280796,1000000000,3280796,50,748041940091,748045220887
proto_two_containers_step32kb_32_to_1024,0,32768,23,1,bench2-fn-a,bench2-fn-a,1,3386630,1000000000,3386630,50,748046481683,748049868313
proto_two_containers_step32kb_32_to_1024,0,32768,24,1,bench2-fn-b,bench2-fn-b,1,3168685,1000000000,3168685,50,748051511906,748054680591
proto_two_containers_step32kb_32_to_1024,0,32768,25,1,bench2-fn-a,bench2-fn-a,1,3186537,1000000000,3186537,50,748056707054,748059893591
proto_two_containers_step32kb_32_to_1024,0,32768,26,1,bench2-fn-b,bench2-fn-b,1,3701870,1000000000,3701870,50,748061004480,748064706350
proto_two_containers_step32kb_32_to_1024,0,32768,27,1,bench2-fn-a,bench2-fn-a,1,3741426,1000000000,3741426,50,748067653146,748071394572
proto_two_containers_step32kb_32_to_1024,0,32768,28,1,bench2-fn-b,bench2-fn-b,1,3424611,1000000000,3424611,50,748072655776,748076080387
proto_two_containers_step32kb_32_to_1024,0,32768,29,1,bench2-fn-a,bench2-fn-a,1,3523926,1000000000,3523926,50,748077199572,748080723498
proto_two_containers_step32kb_32_to_1024,0,32768,30,1,bench2-fn-b,bench2-fn-b,1,3210611,1000000000,3210611,50,748082575906,748085786517
proto_two_containers_step32kb_32_to_1024,0,32768,31,1,bench2-fn-a,bench2-fn-a,1,3392518,1000000000,3392518,50,748087577591,748090970109
proto_two_containers_step32kb_32_to_1024,0,32768,32,1,bench2-fn-b,bench2-fn-b,1,3529555,1000000000,3529555,50,748092344591,748095874146
proto_two_containers_step32kb_32_to_1024,0,32768,33,1,bench2-fn-a,bench2-fn-a,1,3489981,1000000000,3489981,50,748096951443,748100441424
proto_two_containers_step32kb_32_to_1024,0,32768,34,1,bench2-fn-b,bench2-fn-b,1,3230778,1000000000,3230778,50,748103040387,748106271165
proto_two_containers_step32kb_32_to_1024,0,32768,35,1,bench2-fn-a,bench2-fn-a,1,3252167,1000000000,3252167,50,748108202239,748111454406
proto_two_containers_step32kb_32_to_1024,0,32768,36,1,bench2-fn-b,bench2-fn-b,1,3586722,1000000000,3586722,50,748112859980,748116446702
proto_two_containers_step32kb_32_to_1024,0,32768,37,1,bench2-fn-a,bench2-fn-a,1,3611093,1000000000,3611093,50,748118243794,748121854887
proto_two_containers_step32kb_32_to_1024,0,32768,38,1,bench2-fn-b,bench2-fn-b,1,3172018,1000000000,3172018,50,748123700387,748126872405
proto_two_containers_step32kb_32_to_1024,0,32768,39,1,bench2-fn-a,bench2-fn-a,1,3240277,1000000000,3240277,50,748128404554,748131644831
proto_two_containers_step32kb_32_to_1024,0,32768,40,1,bench2-fn-b,bench2-fn-b,1,3344870,1000000000,3344870,50,748133898980,748137243850
proto_two_containers_step32kb_32_to_1024,0,32768,41,1,bench2-fn-a,bench2-fn-a,1,3376389,1000000000,3376389,50,748138846905,748142223294
proto_two_containers_step32kb_32_to_1024,0,32768,42,1,bench2-fn-b,bench2-fn-b,1,3370908,1000000000,3370908,50,748143748757,748147119665
proto_two_containers_step32kb_32_to_1024,0,32768,43,1,bench2-fn-a,bench2-fn-a,1,3428944,1000000000,3428944,50,748148842128,748152271072
proto_two_containers_step32kb_32_to_1024,0,32768,44,1,bench2-fn-b,bench2-fn-b,1,3262593,1000000000,3262593,50,748153944035,748157206628
proto_two_containers_step32kb_32_to_1024,0,32768,45,1,bench2-fn-a,bench2-fn-a,1,3167907,1000000000,3167907,50,748159193239,748162361146
proto_two_containers_step32kb_32_to_1024,0,32768,46,1,bench2-fn-b,bench2-fn-b,1,4225389,1000000000,4225389,50,748164102350,748168327739
proto_two_containers_step32kb_32_to_1024,0,32768,47,1,bench2-fn-a,bench2-fn-a,1,4287500,1000000000,4287500,50,748170661146,748174948646
proto_two_containers_step32kb_32_to_1024,0,32768,48,1,bench2-fn-b,bench2-fn-b,1,4296963,1000000000,4296963,50,748176542405,748180839368
proto_two_containers_step32kb_32_to_1024,0,32768,49,1,bench2-fn-a,bench2-fn-a,1,4317093,1000000000,4317093,50,748182818424,748187135517
proto_two_containers_step32kb_32_to_1024,0,32768,50,1,bench2-fn-b,bench2-fn-b,1,3875204,1000000000,3875204,50,748188729998,748192605202
proto_two_containers_step32kb_32_to_1024,0,65536,1,1,bench2-fn-a,bench2-fn-a,0,12342148,1000000000,12342148,50,748285423424,748297765572
proto_two_containers_step32kb_32_to_1024,0,65536,2,1,bench2-fn-b,bench2-fn-b,1,5139111,1000000000,5139111,50,748299822646,748304961757
proto_two_containers_step32kb_32_to_1024,0,65536,3,1,bench2-fn-a,bench2-fn-a,1,6420555,1000000000,6420555,50,748306697591,748313118146
proto_two_containers_step32kb_32_to_1024,0,65536,4,1,bench2-fn-b,bench2-fn-b,1,7073908,1000000000,7073908,50,748314635331,748321709239
proto_two_containers_step32kb_32_to_1024,0,65536,5,1,bench2-fn-a,bench2-fn-a,1,5033389,1000000000,5033389,50,748323420868,748328454257
proto_two_containers_step32kb_32_to_1024,0,65536,6,1,bench2-fn-b,bench2-fn-b,1,6537074,1000000000,6537074,50,748329722665,748336259739
proto_two_containers_step32kb_32_to_1024,0,65536,7,1,bench2-fn-a,bench2-fn-a,1,6434500,1000000000,6434500,50,748338487498,748344921998
proto_two_containers_step32kb_32_to_1024,0,65536,8,1,bench2-fn-b,bench2-fn-b,1,6241222,1000000000,6241222,50,748346203072,748352444294
proto_two_containers_step32kb_32_to_1024,0,65536,9,1,bench2-fn-a,bench2-fn-a,1,5712241,1000000000,5712241,50,748354183757,748359895998
proto_two_containers_step32kb_32_to_1024,0,65536,10,1,bench2-fn-b,bench2-fn-b,1,5299592,1000000000,5299592,50,748361642202,748366941794
proto_two_containers_step32kb_32_to_1024,0,65536,11,1,bench2-fn-a,bench2-fn-a,1,5974130,1000000000,5974130,50,748369253683,748375227813
proto_two_containers_step32kb_32_to_1024,0,65536,12,1,bench2-fn-b,bench2-fn-b,1,5909722,1000000000,5909722,50,748377519424,748383429146
proto_two_containers_step32kb_32_to_1024,0,65536,13,1,bench2-fn-a,bench2-fn-a,1,6314222,1000000000,6314222,50,748384672794,748390987016
proto_two_containers_step32kb_32_to_1024,0,65536,14,1,bench2-fn-b,bench2-fn-b,1,5526889,1000000000,5526889,50,748392111109,748397637998
proto_two_containers_step32kb_32_to_1024,0,65536,15,1,bench2-fn-a,bench2-fn-a,1,5962759,1000000000,5962759,50,748399795739,748405758498
proto_two_containers_step32kb_32_to_1024,0,65536,16,1,bench2-fn-b,bench2-fn-b,1,5865019,1000000000,5865019,50,748407108257,748412973276
proto_two_containers_step32kb_32_to_1024,0,65536,17,1,bench2-fn-a,bench2-fn-a,1,6039426,1000000000,6039426,50,748414260202,748420299628
proto_two_containers_step32kb_32_to_1024,0,65536,18,1,bench2-fn-b,bench2-fn-b,1,5113611,1000000000,5113611,50,748421493387,748426606998
proto_two_containers_step32kb_32_to_1024,0,65536,19,1,bench2-fn-a,bench2-fn-a,1,5247370,1000000000,5247370,50,748427987646,748433235016
proto_two_containers_step32kb_32_to_1024,0,65536,20,1,bench2-fn-b,bench2-fn-b,1,5711278,1000000000,5711278,50,748435644350,748441355628
proto_two_containers_step32kb_32_to_1024,0,65536,21,1,bench2-fn-a,bench2-fn-a,1,6953704,1000000000,6953704,50,748442627868,748449581572
proto_two_containers_step32kb_32_to_1024,0,65536,22,1,bench2-fn-b,bench2-fn-b,1,5904685,1000000000,5904685,50,748451472609,748457377294
proto_two_containers_step32kb_32_to_1024,0,65536,23,1,bench2-fn-a,bench2-fn-a,1,5668426,1000000000,5668426,50,748458522924,748464191350
proto_two_containers_step32kb_32_to_1024,0,65536,24,1,bench2-fn-b,bench2-fn-b,1,5422518,1000000000,5422518,50,748466143165,748471565683
proto_two_containers_step32kb_32_to_1024,0,65536,25,1,bench2-fn-a,bench2-fn-a,1,5330926,1000000000,5330926,50,748472966220,748478297146
proto_two_containers_step32kb_32_to_1024,0,65536,26,1,bench2-fn-b,bench2-fn-b,1,5475148,1000000000,5475148,50,748479727128,748485202276
proto_two_containers_step32kb_32_to_1024,0,65536,27,1,bench2-fn-a,bench2-fn-a,1,5968148,1000000000,5968148,50,748486737720,748492705868
proto_two_containers_step32kb_32_to_1024,0,65536,28,1,bench2-fn-b,bench2-fn-b,1,5590962,1000000000,5590962,50,748494143665,748499734627
proto_two_containers_step32kb_32_to_1024,0,65536,29,1,bench2-fn-a,bench2-fn-a,1,5657444,1000000000,5657444,50,748501684961,748507342405
proto_two_containers_step32kb_32_to_1024,0,65536,30,1,bench2-fn-b,bench2-fn-b,1,5973611,1000000000,5973611,50,748508439035,748514412646
proto_two_containers_step32kb_32_to_1024,0,65536,31,1,bench2-fn-a,bench2-fn-a,1,5548352,1000000000,5548352,50,748515706405,748521254757
proto_two_containers_step32kb_32_to_1024,0,65536,32,1,bench2-fn-b,bench2-fn-b,1,6795741,1000000000,6795741,50,748522969979,748529765720
proto_two_containers_step32kb_32_to_1024,0,65536,33,1,bench2-fn-a,bench2-fn-a,1,6713815,1000000000,6713815,50,748530878998,748537592813
proto_two_containers_step32kb_32_to_1024,0,65536,34,1,bench2-fn-b,bench2-fn-b,1,5840166,1000000000,5840166,50,748538776924,748544617090
proto_two_containers_step32kb_32_to_1024,0,65536,35,1,bench2-fn-a,bench2-fn-a,1,5046259,1000000000,5046259,50,748546424072,748551470331
proto_two_containers_step32kb_32_to_1024,0,65536,36,1,bench2-fn-b,bench2-fn-b,1,6003630,1000000000,6003630,50,748552832905,748558836535
proto_two_containers_step32kb_32_to_1024,0,65536,37,1,bench2-fn-a,bench2-fn-a,1,6192797,1000000000,6192797,50,748560295942,748566488739
proto_two_containers_step32kb_32_to_1024,0,65536,38,1,bench2-fn-b,bench2-fn-b,1,5481352,1000000000,5481352,50,748568025127,748573506479
proto_two_containers_step32kb_32_to_1024,0,65536,39,1,bench2-fn-a,bench2-fn-a,1,5479222,1000000000,5479222,50,748574691442,748580170664
proto_two_containers_step32kb_32_to_1024,0,65536,40,1,bench2-fn-b,bench2-fn-b,1,5644704,1000000000,5644704,50,748581989109,748587633813
proto_two_containers_step32kb_32_to_1024,0,65536,41,1,bench2-fn-a,bench2-fn-a,1,5295333,1000000000,5295333,50,748589001387,748594296720
proto_two_containers_step32kb_32_to_1024,0,65536,42,1,bench2-fn-b,bench2-fn-b,1,5986815,1000000000,5986815,50,748595912609,748601899424
proto_two_containers_step32kb_32_to_1024,0,65536,43,1,bench2-fn-a,bench2-fn-a,1,5760519,1000000000,5760519,50,748603627794,748609388313
proto_two_containers_step32kb_32_to_1024,0,65536,44,1,bench2-fn-b,bench2-fn-b,1,5524944,1000000000,5524944,50,748610707498,748616232442
proto_two_containers_step32kb_32_to_1024,0,65536,45,1,bench2-fn-a,bench2-fn-a,1,6639518,1000000000,6639518,50,748618856739,748625496257
proto_two_containers_step32kb_32_to_1024,0,65536,46,1,bench2-fn-b,bench2-fn-b,1,5929444,1000000000,5929444,50,748627066387,748632995831
proto_two_containers_step32kb_32_to_1024,0,65536,47,1,bench2-fn-a,bench2-fn-a,1,6211649,1000000000,6211649,50,748635700090,748641911739
proto_two_containers_step32kb_32_to_1024,0,65536,48,1,bench2-fn-b,bench2-fn-b,1,6384056,1000000000,6384056,50,748643086553,748649470609
proto_two_containers_step32kb_32_to_1024,0,65536,49,1,bench2-fn-a,bench2-fn-a,1,7078445,1000000000,7078445,50,748651765090,748658843535
proto_two_containers_step32kb_32_to_1024,0,65536,50,1,bench2-fn-b,bench2-fn-b,1,7107018,1000000000,7107018,50,748660243276,748667350294
proto_two_containers_step32kb_32_to_1024,0,98304,1,1,bench2-fn-a,bench2-fn-a,0,14657425,1000000000,14657425,50,748767143813,748781801238
proto_two_containers_step32kb_32_to_1024,0,98304,2,1,bench2-fn-b,bench2-fn-b,1,7872704,1000000000,7872704,50,748783120757,748790993461
proto_two_containers_step32kb_32_to_1024,0,98304,3,1,bench2-fn-a,bench2-fn-a,1,7477685,1000000000,7477685,50,748792512942,748799990627
proto_two_containers_step32kb_32_to_1024,0,98304,4,1,bench2-fn-b,bench2-fn-b,1,8133629,1000000000,8133629,50,748801883424,748810017053
proto_two_containers_step32kb_32_to_1024,0,98304,5,1,bench2-fn-a,bench2-fn-a,1,8108222,1000000000,8108222,50,748811298405,748819406627
proto_two_containers_step32kb_32_to_1024,0,98304,6,1,bench2-fn-b,bench2-fn-b,1,7677203,1000000000,7677203,50,748820622924,748828300127
proto_two_containers_step32kb_32_to_1024,0,98304,7,1,bench2-fn-a,bench2-fn-a,1,7333815,1000000000,7333815,50,748829600331,748836934146
proto_two_containers_step32kb_32_to_1024,0,98304,8,1,bench2-fn-b,bench2-fn-b,1,7764555,1000000000,7764555,50,748838500035,748846264590
proto_two_containers_step32kb_32_to_1024,0,98304,9,1,bench2-fn-a,bench2-fn-a,1,10151926,1000000000,10151926,50,748847535127,748857687053
proto_two_containers_step32kb_32_to_1024,0,98304,10,1,bench2-fn-b,bench2-fn-b,1,8685611,1000000000,8685611,50,748858980072,748867665683
proto_two_containers_step32kb_32_to_1024,0,98304,11,1,bench2-fn-a,bench2-fn-a,1,9295648,1000000000,9295648,50,748869939479,748879235127
proto_two_containers_step32kb_32_to_1024,0,98304,12,1,bench2-fn-b,bench2-fn-b,1,8297574,1000000000,8297574,50,748881671553,748889969127
proto_two_containers_step32kb_32_to_1024,0,98304,13,1,bench2-fn-a,bench2-fn-a,1,7723592,1000000000,7723592,50,748892326461,748900050053
proto_two_containers_step32kb_32_to_1024,0,98304,14,1,bench2-fn-b,bench2-fn-b,1,7899241,1000000000,7899241,50,748902938701,748910837942
proto_two_containers_step32kb_32_to_1024,0,98304,15,1,bench2-fn-a,bench2-fn-a,1,8101203,1000000000,8101203,50,748912070146,748920171349
proto_two_containers_step32kb_32_to_1024,0,98304,16,1,bench2-fn-b,bench2-fn-b,1,7773555,1000000000,7773555,50,748921447498,748929221053
proto_two_containers_step32kb_32_to_1024,0,98304,17,1,bench2-fn-a,bench2-fn-a,1,7987703,1000000000,7987703,50,748930296924,748938284627
proto_two_containers_step32kb_32_to_1024,0,98304,18,1,bench2-fn-b,bench2-fn-b,1,9273074,1000000000,9273074,50,748940383516,748949656590
proto_two_containers_step32kb_32_to_1024,0,98304,19,1,bench2-fn-a,bench2-fn-a,1,7839018,1000000000,7839018,50,748951539961,748959378979
proto_two_containers_step32kb_32_to_1024,0,98304,20,1,bench2-fn-b,bench2-fn-b,1,8286000,1000000000,8286000,50,748960504553,748968790553
proto_two_containers_step32kb_32_to_1024,0,98304,21,1,bench2-fn-a,bench2-fn-a,1,8372407,1000000000,8372407,50,748971155831,748979528238
proto_two_containers_step32kb_32_to_1024,0,98304,22,1,bench2-fn-b,bench2-fn-b,1,8309981,1000000000,8309981,50,748980913646,748989223627
proto_two_containers_step32kb_32_to_1024,0,98304,23,1,bench2-fn-a,bench2-fn-a,1,7389593,1000000000,7389593,50,748990740516,748998130109
proto_two_containers_step32kb_32_to_1024,0,98304,24,1,bench2-fn-b,bench2-fn-b,1,8022778,1000000000,8022778,50,748999476738,749007499516
proto_two_containers_step32kb_32_to_1024,0,98304,25,1,bench2-fn-a,bench2-fn-a,1,7670389,1000000000,7670389,50,749008713979,749016384368
proto_two_containers_step32kb_32_to_1024,0,98304,26,1,bench2-fn-b,bench2-fn-b,1,7876926,1000000000,7876926,50,749017730572,749025607498
proto_two_containers_step32kb_32_to_1024,0,98304,27,1,bench2-fn-a,bench2-fn-a,1,7549519,1000000000,7549519,50,749026771701,749034321220
proto_two_containers_step32kb_32_to_1024,0,98304,28,1,bench2-fn-b,bench2-fn-b,1,7579889,1000000000,7579889,50,749035889405,749043469294
proto_two_containers_step32kb_32_to_1024,0,98304,29,1,bench2-fn-a,bench2-fn-a,1,8447055,1000000000,8447055,50,749044822683,749053269738
proto_two_containers_step32kb_32_to_1024,0,98304,30,1,bench2-fn-b,bench2-fn-b,1,10378463,1000000000,10378463,50,749054586812,749064965275
proto_two_containers_step32kb_32_to_1024,0,98304,31,1,bench2-fn-a,bench2-fn-a,1,9174667,1000000000,9174667,50,749066824868,749075999535
proto_two_containers_step32kb_32_to_1024,0,98304,32,1,bench2-fn-b,bench2-fn-b,1,7840778,1000000000,7840778,50,749077145460,749084986238
proto_two_containers_step32kb_32_to_1024,0,98304,33,1,bench2-fn-a,bench2-fn-a,1,7492907,1000000000,7492907,50,749086476831,749093969738
proto_two_containers_step32kb_32_to_1024,0,98304,34,1,bench2-fn-b,bench2-fn-b,1,10282612,1000000000,10282612,50,749095301960,749105584572
proto_two_containers_step32kb_32_to_1024,0,98304,35,1,bench2-fn-a,bench2-fn-a,1,7455537,1000000000,7455537,50,749106756664,749114212201
proto_two_containers_step32kb_32_to_1024,0,98304,36,1,bench2-fn-b,bench2-fn-b,1,7332574,1000000000,7332574,50,749116306386,749123638960
proto_two_containers_step32kb_32_to_1024,0,98304,37,1,bench2-fn-a,bench2-fn-a,1,7671426,1000000000,7671426,50,749126129960,749133801386
proto_two_containers_step32kb_32_to_1024,0,98304,38,1,bench2-fn-b,bench2-fn-b,1,8916722,1000000000,8916722,50,749135708794,749144625516
proto_two_containers_step32kb_32_to_1024,0,98304,39,1,bench2-fn-a,bench2-fn-a,1,8042351,1000000000,8042351,50,749145855072,749153897423
proto_two_containers_step32kb_32_to_1024,0,98304,40,1,bench2-fn-b,bench2-fn-b,1,7755389,1000000000,7755389,50,749155172053,749162927442
proto_two_containers_step32kb_32_to_1024,0,98304,41,1,bench2-fn-a,bench2-fn-a,1,7756388,1000000000,7756388,50,749164374109,749172130497
proto_two_containers_step32kb_32_to_1024,0,98304,42,1,bench2-fn-b,bench2-fn-b,1,8500592,1000000000,8500592,50,749173662442,749182163034
proto_two_containers_step32kb_32_to_1024,0,98304,43,1,bench2-fn-a,bench2-fn-a,1,8400333,1000000000,8400333,50,749184813053,749193213386
proto_two_containers_step32kb_32_to_1024,0,98304,44,1,bench2-fn-b,bench2-fn-b,1,8020241,1000000000,8020241,50,749194356886,749202377127
proto_two_containers_step32kb_32_to_1024,0,98304,45,1,bench2-fn-a,bench2-fn-a,1,7692648,1000000000,7692648,50,749204043979,749211736627
proto_two_containers_step32kb_32_to_1024,0,98304,46,1,bench2-fn-b,bench2-fn-b,1,7649278,1000000000,7649278,50,749212808868,749220458146
proto_two_containers_step32kb_32_to_1024,0,98304,47,1,bench2-fn-a,bench2-fn-a,1,7639833,1000000000,7639833,50,749222275053,749229914886
proto_two_containers_step32kb_32_to_1024,0,98304,48,1,bench2-fn-b,bench2-fn-b,1,7965611,1000000000,7965611,50,749231225886,749239191497
proto_two_containers_step32kb_32_to_1024,0,98304,49,1,bench2-fn-a,bench2-fn-a,1,9675277,1000000000,9675277,50,749240477609,749250152886
proto_two_containers_step32kb_32_to_1024,0,98304,50,1,bench2-fn-b,bench2-fn-b,1,7395333,1000000000,7395333,50,749251647942,749259043275
proto_two_containers_step32kb_32_to_1024,0,131072,1,1,bench2-fn-a,bench2-fn-a,0,17194685,1000000000,17194685,50,749353241757,749370436442
proto_two_containers_step32kb_32_to_1024,0,131072,2,1,bench2-fn-b,bench2-fn-b,1,10726055,1000000000,10726055,50,749371607942,749382333997
proto_two_containers_step32kb_32_to_1024,0,131072,3,1,bench2-fn-a,bench2-fn-a,1,10396186,1000000000,10396186,50,749384293034,749394689220
proto_two_containers_step32kb_32_to_1024,0,131072,4,1,bench2-fn-b,bench2-fn-b,1,9190333,1000000000,9190333,50,749396023201,749405213534
proto_two_containers_step32kb_32_to_1024,0,131072,5,1,bench2-fn-a,bench2-fn-a,1,9349129,1000000000,9349129,50,749406460979,749415810108
proto_two_containers_step32kb_32_to_1024,0,131072,6,1,bench2-fn-b,bench2-fn-b,1,9605760,1000000000,9605760,50,749417307571,749426913331
proto_two_containers_step32kb_32_to_1024,0,131072,7,1,bench2-fn-a,bench2-fn-a,1,10432944,1000000000,10432944,50,749428063257,749438496201
proto_two_containers_step32kb_32_to_1024,0,131072,8,1,bench2-fn-b,bench2-fn-b,1,9903445,1000000000,9903445,50,749440208349,749450111794
proto_two_containers_step32kb_32_to_1024,0,131072,9,1,bench2-fn-a,bench2-fn-a,1,10062574,1000000000,10062574,50,749452095201,749462157775
proto_two_containers_step32kb_32_to_1024,0,131072,10,1,bench2-fn-b,bench2-fn-b,1,10032630,1000000000,10032630,50,749463412275,749473444905
proto_two_containers_step32kb_32_to_1024,0,131072,11,1,bench2-fn-a,bench2-fn-a,1,9629889,1000000000,9629889,50,749474642553,749484272442
proto_two_containers_step32kb_32_to_1024,0,131072,12,1,bench2-fn-b,bench2-fn-b,1,10508259,1000000000,10508259,50,749486539164,749497047423
proto_two_containers_step32kb_32_to_1024,0,131072,13,1,bench2-fn-a,bench2-fn-a,1,9710649,1000000000,9710649,50,749499680719,749509391368
proto_two_containers_step32kb_32_to_1024,0,131072,14,1,bench2-fn-b,bench2-fn-b,1,9032704,1000000000,9032704,50,749511188423,749520221127
proto_two_containers_step32kb_32_to_1024,0,131072,15,1,bench2-fn-a,bench2-fn-a,1,11001444,1000000000,11001444,50,749521533238,749532534682
proto_two_containers_step32kb_32_to_1024,0,131072,16,1,bench2-fn-b,bench2-fn-b,1,10040185,1000000000,10040185,50,749534022960,749544063145
proto_two_containers_step32kb_32_to_1024,0,131072,17,1,bench2-fn-a,bench2-fn-a,1,9990260,1000000000,9990260,50,749545205645,749555195905
proto_two_containers_step32kb_32_to_1024,0,131072,18,1,bench2-fn-b,bench2-fn-b,1,10415296,1000000000,10415296,50,749556411590,749566826886
proto_two_containers_step32kb_32_to_1024,0,131072,19,1,bench2-fn-a,bench2-fn-a,1,11405740,1000000000,11405740,50,749568751942,749580157682
proto_two_containers_step32kb_32_to_1024,0,131072,20,1,bench2-fn-b,bench2-fn-b,1,9823389,1000000000,9823389,50,749581416756,749591240145
proto_two_containers_step32kb_32_to_1024,0,131072,21,1,bench2-fn-a,bench2-fn-a,1,8932777,1000000000,8932777,50,749593103905,749602036682
proto_two_containers_step32kb_32_to_1024,0,131072,22,1,bench2-fn-b,bench2-fn-b,1,10154611,1000000000,10154611,50,749603713627,749613868238
proto_two_containers_step32kb_32_to_1024,0,131072,23,1,bench2-fn-a,bench2-fn-a,1,10703889,1000000000,10703889,50,749615145719,749625849608
proto_two_containers_step32kb_32_to_1024,0,131072,24,1,bench2-fn-b,bench2-fn-b,1,11100371,1000000000,11100371,50,749627148997,749638249368
proto_two_containers_step32kb_32_to_1024,0,131072,25,1,bench2-fn-a,bench2-fn-a,1,9716592,1000000000,9716592,50,749639717905,749649434497
proto_two_containers_step32kb_32_to_1024,0,131072,26,1,bench2-fn-b,bench2-fn-b,1,10491630,1000000000,10491630,50,749651702738,749662194368
proto_two_containers_step32kb_32_to_1024,0,131072,27,1,bench2-fn-a,bench2-fn-a,1,9268500,1000000000,9268500,50,749663593368,749672861868
proto_two_containers_step32kb_32_to_1024,0,131072,28,1,bench2-fn-b,bench2-fn-b,1,9552241,1000000000,9552241,50,749674318312,749683870553
proto_two_containers_step32kb_32_to_1024,0,131072,29,1,bench2-fn-a,bench2-fn-a,1,10899241,1000000000,10899241,50,749685218293,749696117534
proto_two_containers_step32kb_32_to_1024,0,131072,30,1,bench2-fn-b,bench2-fn-b,1,11612852,1000000000,11612852,50,749697557923,749709170775
proto_two_containers_step32kb_32_to_1024,0,131072,31,1,bench2-fn-a,bench2-fn-a,1,11371963,1000000000,11371963,50,749710450793,749721822756
proto_two_containers_step32kb_32_to_1024,0,131072,32,1,bench2-fn-b,bench2-fn-b,1,10459723,1000000000,10459723,50,749723453256,749733912979
proto_two_containers_step32kb_32_to_1024,0,131072,33,1,bench2-fn-a,bench2-fn-a,1,9170740,1000000000,9170740,50,749736398090,749745568830
proto_two_containers_step32kb_32_to_1024,0,131072,34,1,bench2-fn-b,bench2-fn-b,1,10716500,1000000000,10716500,50,749746657053,749757373553
proto_two_containers_step32kb_32_to_1024,0,131072,35,1,bench2-fn-a,bench2-fn-a,1,9895852,1000000000,9895852,50,749758521219,749768417071
proto_two_containers_step32kb_32_to_1024,0,131072,36,1,bench2-fn-b,bench2-fn-b,1,11033315,1000000000,11033315,50,749770569330,749781602645
proto_two_containers_step32kb_32_to_1024,0,131072,37,1,bench2-fn-a,bench2-fn-a,1,10483260,1000000000,10483260,50,749782811145,749793294405
proto_two_containers_step32kb_32_to_1024,0,131072,38,1,bench2-fn-b,bench2-fn-b,1,9844278,1000000000,9844278,50,749794592756,749804437034
proto_two_containers_step32kb_32_to_1024,0,131072,39,1,bench2-fn-a,bench2-fn-a,1,9520722,1000000000,9520722,50,749805584127,749815104849
proto_two_containers_step32kb_32_to_1024,0,131072,40,1,bench2-fn-b,bench2-fn-b,1,9591538,1000000000,9591538,50,749816312904,749825904442
proto_two_containers_step32kb_32_to_1024,0,131072,41,1,bench2-fn-a,bench2-fn-a,1,9502815,1000000000,9502815,50,749826965219,749836468034
proto_two_containers_step32kb_32_to_1024,0,131072,42,1,bench2-fn-b,bench2-fn-b,1,9932352,1000000000,9932352,50,749837642293,749847574645
proto_two_containers_step32kb_32_to_1024,0,131072,43,1,bench2-fn-a,bench2-fn-a,1,9607445,1000000000,9607445,50,749848981071,749858588516
proto_two_containers_step32kb_32_to_1024,0,131072,44,1,bench2-fn-b,bench2-fn-b,1,10209741,1000000000,10209741,50,749860289719,749870499460
proto_two_containers_step32kb_32_to_1024,0,131072,45,1,bench2-fn-a,bench2-fn-a,1,10173445,1000000000,10173445,50,749871725571,749881899016
proto_two_containers_step32kb_32_to_1024,0,131072,46,1,bench2-fn-b,bench2-fn-b,1,10059277,1000000000,10059277,50,749885897627,749895956904
proto_two_containers_step32kb_32_to_1024,0,131072,47,1,bench2-fn-a,bench2-fn-a,1,10631426,1000000000,10631426,50,749897139071,749907770497
proto_two_containers_step32kb_32_to_1024,0,131072,48,1,bench2-fn-b,bench2-fn-b,1,10745463,1000000000,10745463,50,749908943960,749919689423
proto_two_containers_step32kb_32_to_1024,0,131072,49,1,bench2-fn-a,bench2-fn-a,1,10380833,1000000000,10380833,50,749921849479,749932230312
proto_two_containers_step32kb_32_to_1024,0,131072,50,1,bench2-fn-b,bench2-fn-b,1,9310833,1000000000,9310833,50,749933831016,749943141849
proto_two_containers_step32kb_32_to_1024,0,163840,1,1,bench2-fn-a,bench2-fn-a,0,17327575,1000000000,17327575,50,750042828515,750060156090
proto_two_containers_step32kb_32_to_1024,0,163840,2,1,bench2-fn-b,bench2-fn-b,1,13521186,1000000000,13521186,50,750061996478,750075517664
proto_two_containers_step32kb_32_to_1024,0,163840,3,1,bench2-fn-a,bench2-fn-a,1,12509815,1000000000,12509815,50,750077784275,750090294090
proto_two_containers_step32kb_32_to_1024,0,163840,4,1,bench2-fn-b,bench2-fn-b,1,12308426,1000000000,12308426,50,750092287386,750104595812
proto_two_containers_step32kb_32_to_1024,0,163840,5,1,bench2-fn-a,bench2-fn-a,1,11571204,1000000000,11571204,50,750106084367,750117655571
proto_two_containers_step32kb_32_to_1024,0,163840,6,1,bench2-fn-b,bench2-fn-b,1,14237833,1000000000,14237833,50,750118748312,750132986145
proto_two_containers_step32kb_32_to_1024,0,163840,7,1,bench2-fn-a,bench2-fn-a,1,13145518,1000000000,13145518,50,750134715275,750147860793
proto_two_containers_step32kb_32_to_1024,0,163840,8,1,bench2-fn-b,bench2-fn-b,1,11956333,1000000000,11956333,50,750149074849,750161031182
proto_two_containers_step32kb_32_to_1024,0,163840,9,1,bench2-fn-a,bench2-fn-a,1,12056611,1000000000,12056611,50,750162080127,750174136738
proto_two_containers_step32kb_32_to_1024,0,163840,10,1,bench2-fn-b,bench2-fn-b,1,12827129,1000000000,12827129,50,750175550960,750188378089
proto_two_containers_step32kb_32_to_1024,0,163840,11,1,bench2-fn-a,bench2-fn-a,1,12489334,1000000000,12489334,50,750189631441,750202120775
proto_two_containers_step32kb_32_to_1024,0,163840,12,1,bench2-fn-b,bench2-fn-b,1,17651425,1000000000,17651425,50,750204086664,750221738089
proto_two_containers_step32kb_32_to_1024,0,163840,13,1,bench2-fn-a,bench2-fn-a,1,11573222,1000000000,11573222,50,750223214071,750234787293
proto_two_containers_step32kb_32_to_1024,0,163840,14,1,bench2-fn-b,bench2-fn-b,1,14298426,1000000000,14298426,50,750236520849,750250819275
proto_two_containers_step32kb_32_to_1024,0,163840,15,1,bench2-fn-a,bench2-fn-a,1,12678611,1000000000,12678611,50,750251992293,750264670904
proto_two_containers_step32kb_32_to_1024,0,163840,16,1,bench2-fn-b,bench2-fn-b,1,13302648,1000000000,13302648,50,750265874830,750279177478
proto_two_containers_step32kb_32_to_1024,0,163840,17,1,bench2-fn-a,bench2-fn-a,1,14069611,1000000000,14069611,50,750282272608,750296342219
proto_two_containers_step32kb_32_to_1024,0,163840,18,1,bench2-fn-b,bench2-fn-b,1,12619537,1000000000,12619537,50,750298127812,750310747349
proto_two_containers_step32kb_32_to_1024,0,163840,19,1,bench2-fn-a,bench2-fn-a,1,13081852,1000000000,13081852,50,750314025886,750327107738
proto_two_containers_step32kb_32_to_1024,0,163840,20,1,bench2-fn-b,bench2-fn-b,1,12665333,1000000000,12665333,50,750328940034,750341605367
proto_two_containers_step32kb_32_to_1024,0,163840,21,1,bench2-fn-a,bench2-fn-a,1,12115500,1000000000,12115500,50,750342976738,750355092238
proto_two_containers_step32kb_32_to_1024,0,163840,22,1,bench2-fn-b,bench2-fn-b,1,11708074,1000000000,11708074,50,750356473867,750368181941
proto_two_containers_step32kb_32_to_1024,0,163840,23,1,bench2-fn-a,bench2-fn-a,1,15273019,1000000000,15273019,50,750369925700,750385198719
proto_two_containers_step32kb_32_to_1024,0,163840,24,1,bench2-fn-b,bench2-fn-b,1,11765944,1000000000,11765944,50,750386785293,750398551237
proto_two_containers_step32kb_32_to_1024,0,163840,25,1,bench2-fn-a,bench2-fn-a,1,11927167,1000000000,11927167,50,750399738645,750411665812
proto_two_containers_step32kb_32_to_1024,0,163840,26,1,bench2-fn-b,bench2-fn-b,1,12122926,1000000000,12122926,50,750412816645,750424939571
proto_two_containers_step32kb_32_to_1024,0,163840,27,1,bench2-fn-a,bench2-fn-a,1,11898241,1000000000,11898241,50,750426349478,750438247719
proto_two_containers_step32kb_32_to_1024,0,163840,28,1,bench2-fn-b,bench2-fn-b,1,11404574,1000000000,11404574,50,750439357719,750450762293
proto_two_containers_step32kb_32_to_1024,0,163840,29,1,bench2-fn-a,bench2-fn-a,1,13109333,1000000000,13109333,50,750451905256,750465014589
proto_two_containers_step32kb_32_to_1024,0,163840,30,1,bench2-fn-b,bench2-fn-b,1,12644815,1000000000,12644815,50,750466647034,750479291849
proto_two_containers_step32kb_32_to_1024,0,163840,31,1,bench2-fn-a,bench2-fn-a,1,11607482,1000000000,11607482,50,750480480663,750492088145
proto_two_containers_step32kb_32_to_1024,0,163840,32,1,bench2-fn-b,bench2-fn-b,1,12326592,1000000000,12326592,50,750493567886,750505894478
proto_two_containers_step32kb_32_to_1024,0,163840,33,1,bench2-fn-a,bench2-fn-a,1,12505129,1000000000,12505129,50,750507012145,750519517274
proto_two_containers_step32kb_32_to_1024,0,163840,34,1,bench2-fn-b,bench2-fn-b,1,11491611,1000000000,11491611,50,750520889997,750532381608
proto_two_containers_step32kb_32_to_1024,0,163840,35,1,bench2-fn-a,bench2-fn-a,1,12084833,1000000000,12084833,50,750534412256,750546497089
proto_two_containers_step32kb_32_to_1024,0,163840,36,1,bench2-fn-b,bench2-fn-b,1,12754074,1000000000,12754074,50,750547699163,750560453237
proto_two_containers_step32kb_32_to_1024,0,163840,37,1,bench2-fn-a,bench2-fn-a,1,11537111,1000000000,11537111,50,750561930367,750573467478
proto_two_containers_step32kb_32_to_1024,0,163840,38,1,bench2-fn-b,bench2-fn-b,1,12665315,1000000000,12665315,50,750574763719,750587429034
proto_two_containers_step32kb_32_to_1024,0,163840,39,1,bench2-fn-a,bench2-fn-a,1,14221093,1000000000,14221093,50,750588597515,750602818608
proto_two_containers_step32kb_32_to_1024,0,163840,40,1,bench2-fn-b,bench2-fn-b,1,12619167,1000000000,12619167,50,750604302737,750616921904
proto_two_containers_step32kb_32_to_1024,0,163840,41,1,bench2-fn-a,bench2-fn-a,1,11489796,1000000000,11489796,50,750617985330,750629475126
proto_two_containers_step32kb_32_to_1024,0,163840,42,1,bench2-fn-b,bench2-fn-b,1,13902130,1000000000,13902130,50,750631379978,750645282108
proto_two_containers_step32kb_32_to_1024,0,163840,43,1,bench2-fn-a,bench2-fn-a,1,11746704,1000000000,11746704,50,750646937256,750658683960
proto_two_containers_step32kb_32_to_1024,0,163840,44,1,bench2-fn-b,bench2-fn-b,1,12638870,1000000000,12638870,50,750660540867,750673179737
proto_two_containers_step32kb_32_to_1024,0,163840,45,1,bench2-fn-a,bench2-fn-a,1,12667630,1000000000,12667630,50,750674655330,750687322960
proto_two_containers_step32kb_32_to_1024,0,163840,46,1,bench2-fn-b,bench2-fn-b,1,12065296,1000000000,12065296,50,750688577034,750700642330
proto_two_containers_step32kb_32_to_1024,0,163840,47,1,bench2-fn-a,bench2-fn-a,1,13229445,1000000000,13229445,50,750702864552,750716093997
proto_two_containers_step32kb_32_to_1024,0,163840,48,1,bench2-fn-b,bench2-fn-b,1,12354352,1000000000,12354352,50,750717564904,750729919256
proto_two_containers_step32kb_32_to_1024,0,163840,49,1,bench2-fn-a,bench2-fn-a,1,11409222,1000000000,11409222,50,750731139941,750742549163
proto_two_containers_step32kb_32_to_1024,0,163840,50,1,bench2-fn-b,bench2-fn-b,1,12790185,1000000000,12790185,50,750744187608,750756977793
proto_two_containers_step32kb_32_to_1024,0,196608,1,1,bench2-fn-a,bench2-fn-a,0,22418815,1000000000,22418815,50,750849348496,750871767311
proto_two_containers_step32kb_32_to_1024,0,196608,2,1,bench2-fn-b,bench2-fn-b,1,14426870,1000000000,14426870,50,750873020552,750887447422
proto_two_containers_step32kb_32_to_1024,0,196608,3,1,bench2-fn-a,bench2-fn-a,1,14520370,1000000000,14520370,50,750888535830,750903056200
proto_two_containers_step32kb_32_to_1024,0,196608,4,1,bench2-fn-b,bench2-fn-b,1,16003537,1000000000,16003537,50,750904554904,750920558441
proto_two_containers_step32kb_32_to_1024,0,196608,5,1,bench2-fn-a,bench2-fn-a,1,14396074,1000000000,14396074,50,750922308756,750936704830
proto_two_containers_step32kb_32_to_1024,0,196608,6,1,bench2-fn-b,bench2-fn-b,1,14883760,1000000000,14883760,50,750938035533,750952919293
proto_two_containers_step32kb_32_to_1024,0,196608,7,1,bench2-fn-a,bench2-fn-a,1,13823519,1000000000,13823519,50,750954156737,750967980256
proto_two_containers_step32kb_32_to_1024,0,196608,8,1,bench2-fn-b,bench2-fn-b,1,17055037,1000000000,17055037,50,750969682663,750986737700
proto_two_containers_step32kb_32_to_1024,0,196608,9,1,bench2-fn-a,bench2-fn-a,1,14438518,1000000000,14438518,50,750988643256,751003081774
proto_two_containers_step32kb_32_to_1024,0,196608,10,1,bench2-fn-b,bench2-fn-b,1,13863074,1000000000,13863074,50,751004246533,751018109607
proto_two_containers_step32kb_32_to_1024,0,196608,11,1,bench2-fn-a,bench2-fn-a,1,16432611,1000000000,16432611,50,751019304237,751035736848
proto_two_containers_step32kb_32_to_1024,0,196608,12,1,bench2-fn-b,bench2-fn-b,1,14003815,1000000000,14003815,50,751037015052,751051018867
proto_two_containers_step32kb_32_to_1024,0,196608,13,1,bench2-fn-a,bench2-fn-a,1,14328666,1000000000,14328666,50,751052249441,751066578107
proto_two_containers_step32kb_32_to_1024,0,196608,14,1,bench2-fn-b,bench2-fn-b,1,15009982,1000000000,15009982,50,751068813607,751083823589
proto_two_containers_step32kb_32_to_1024,0,196608,15,1,bench2-fn-a,bench2-fn-a,1,14816667,1000000000,14816667,50,751084970126,751099786793
proto_two_containers_step32kb_32_to_1024,0,196608,16,1,bench2-fn-b,bench2-fn-b,1,14792778,1000000000,14792778,50,751101525848,751116318626
proto_two_containers_step32kb_32_to_1024,0,196608,17,1,bench2-fn-a,bench2-fn-a,1,13914037,1000000000,13914037,50,751117875904,751131789941
proto_two_containers_step32kb_32_to_1024,0,196608,18,1,bench2-fn-b,bench2-fn-b,1,15624630,1000000000,15624630,50,751133971181,751149595811
proto_two_containers_step32kb_32_to_1024,0,196608,19,1,bench2-fn-a,bench2-fn-a,1,14265982,1000000000,14265982,50,751150728737,751164994719
proto_two_containers_step32kb_32_to_1024,0,196608,20,1,bench2-fn-b,bench2-fn-b,1,16062074,1000000000,16062074,50,751167260941,751183323015
proto_two_containers_step32kb_32_to_1024,0,196608,21,1,bench2-fn-a,bench2-fn-a,1,16579241,1000000000,16579241,50,751184450033,751201029274
proto_two_containers_step32kb_32_to_1024,0,196608,22,1,bench2-fn-b,bench2-fn-b,1,13467611,1000000000,13467611,50,751202613422,751216081033
proto_two_containers_step32kb_32_to_1024,0,196608,23,1,bench2-fn-a,bench2-fn-a,1,15052500,1000000000,15052500,50,751217170070,751232222570
proto_two_containers_step32kb_32_to_1024,0,196608,24,1,bench2-fn-b,bench2-fn-b,1,14411593,1000000000,14411593,50,751234211533,751248623126
proto_two_containers_step32kb_32_to_1024,0,196608,25,1,bench2-fn-a,bench2-fn-a,1,16031297,1000000000,16031297,50,751250256144,751266287441
proto_two_containers_step32kb_32_to_1024,0,196608,26,1,bench2-fn-b,bench2-fn-b,1,14303926,1000000000,14303926,50,751267892644,751282196570
proto_two_containers_step32kb_32_to_1024,0,196608,27,1,bench2-fn-a,bench2-fn-a,1,14514593,1000000000,14514593,50,751283652274,751298166867
proto_two_containers_step32kb_32_to_1024,0,196608,28,1,bench2-fn-b,bench2-fn-b,1,14457759,1000000000,14457759,50,751299819496,751314277255
proto_two_containers_step32kb_32_to_1024,0,196608,29,1,bench2-fn-a,bench2-fn-a,1,14265130,1000000000,14265130,50,751316024848,751330289978
proto_two_containers_step32kb_32_to_1024,0,196608,30,1,bench2-fn-b,bench2-fn-b,1,15004685,1000000000,15004685,50,751331553922,751346558607
proto_two_containers_step32kb_32_to_1024,0,196608,31,1,bench2-fn-a,bench2-fn-a,1,14032333,1000000000,14032333,50,751348363478,751362395811
proto_two_containers_step32kb_32_to_1024,0,196608,32,1,bench2-fn-b,bench2-fn-b,1,14841704,1000000000,14841704,50,751363508237,751378349941
proto_two_containers_step32kb_32_to_1024,0,196608,33,1,bench2-fn-a,bench2-fn-a,1,13879722,1000000000,13879722,50,751379685904,751393565626
proto_two_containers_step32kb_32_to_1024,0,196608,34,1,bench2-fn-b,bench2-fn-b,1,14156333,1000000000,14156333,50,751394846552,751409002885
proto_two_containers_step32kb_32_to_1024,0,196608,35,1,bench2-fn-a,bench2-fn-a,1,14075815,1000000000,14075815,50,751410441922,751424517737
proto_two_containers_step32kb_32_to_1024,0,196608,36,1,bench2-fn-b,bench2-fn-b,1,16531037,1000000000,16531037,50,751426564755,751443095792
proto_two_containers_step32kb_32_to_1024,0,196608,37,1,bench2-fn-a,bench2-fn-a,1,14279149,1000000000,14279149,50,751444575292,751458854441
proto_two_containers_step32kb_32_to_1024,0,196608,38,1,bench2-fn-b,bench2-fn-b,1,14313296,1000000000,14313296,50,751460455311,751474768607
proto_two_containers_step32kb_32_to_1024,0,196608,39,1,bench2-fn-a,bench2-fn-a,1,16412185,1000000000,16412185,50,751476217607,751492629792
proto_two_containers_step32kb_32_to_1024,0,196608,40,1,bench2-fn-b,bench2-fn-b,1,14756185,1000000000,14756185,50,751494087589,751508843774
proto_two_containers_step32kb_32_to_1024,0,196608,41,1,bench2-fn-a,bench2-fn-a,1,17119722,1000000000,17119722,50,751510228959,751527348681
proto_two_containers_step32kb_32_to_1024,0,196608,42,1,bench2-fn-b,bench2-fn-b,1,13940926,1000000000,13940926,50,751528511348,751542452274
proto_two_containers_step32kb_32_to_1024,0,196608,43,1,bench2-fn-a,bench2-fn-a,1,15380907,1000000000,15380907,50,751543738274,751559119181
proto_two_containers_step32kb_32_to_1024,0,196608,44,1,bench2-fn-b,bench2-fn-b,1,15049037,1000000000,15049037,50,751560626403,751575675440
proto_two_containers_step32kb_32_to_1024,0,196608,45,1,bench2-fn-a,bench2-fn-a,1,13817241,1000000000,13817241,50,751577178218,751590995459
proto_two_containers_step32kb_32_to_1024,0,196608,46,1,bench2-fn-b,bench2-fn-b,1,14597388,1000000000,14597388,50,751592524589,751607121977
proto_two_containers_step32kb_32_to_1024,0,196608,47,1,bench2-fn-a,bench2-fn-a,1,14500129,1000000000,14500129,50,751608287552,751622787681
proto_two_containers_step32kb_32_to_1024,0,196608,48,1,bench2-fn-b,bench2-fn-b,1,14412722,1000000000,14412722,50,751624204070,751638616792
proto_two_containers_step32kb_32_to_1024,0,196608,49,1,bench2-fn-a,bench2-fn-a,1,13902648,1000000000,13902648,50,751639885718,751653788366
proto_two_containers_step32kb_32_to_1024,0,196608,50,1,bench2-fn-b,bench2-fn-b,1,16838203,1000000000,16838203,50,751654919552,751671757755
proto_two_containers_step32kb_32_to_1024,0,229376,1,1,bench2-fn-a,bench2-fn-a,0,25276408,1000000000,25276408,50,751764411792,751789688200
proto_two_containers_step32kb_32_to_1024,0,229376,2,1,bench2-fn-b,bench2-fn-b,1,17846518,1000000000,17846518,50,751790989533,751808836051
proto_two_containers_step32kb_32_to_1024,0,229376,3,1,bench2-fn-a,bench2-fn-a,1,16371648,1000000000,16371648,50,751810218440,751826590088
proto_two_containers_step32kb_32_to_1024,0,229376,4,1,bench2-fn-b,bench2-fn-b,1,16085852,1000000000,16085852,50,751828021588,751844107440
proto_two_containers_step32kb_32_to_1024,0,229376,5,1,bench2-fn-a,bench2-fn-a,1,16874537,1000000000,16874537,50,751845723718,751862598255
proto_two_containers_step32kb_32_to_1024,0,229376,6,1,bench2-fn-b,bench2-fn-b,1,16547000,1000000000,16547000,50,751864002866,751880549866
proto_two_containers_step32kb_32_to_1024,0,229376,7,1,bench2-fn-a,bench2-fn-a,1,15868871,1000000000,15868871,50,751881725829,751897594700
proto_two_containers_step32kb_32_to_1024,0,229376,8,1,bench2-fn-b,bench2-fn-b,1,15524315,1000000000,15524315,50,751898952014,751914476329
proto_two_containers_step32kb_32_to_1024,0,229376,9,1,bench2-fn-a,bench2-fn-a,1,17819574,1000000000,17819574,50,751918694237,751936513811
proto_two_containers_step32kb_32_to_1024,0,229376,10,1,bench2-fn-b,bench2-fn-b,1,16794167,1000000000,16794167,50,751937618940,751954413107
proto_two_containers_step32kb_32_to_1024,0,229376,11,1,bench2-fn-a,bench2-fn-a,1,16244519,1000000000,16244519,50,751955871551,751972116070
proto_two_containers_step32kb_32_to_1024,0,229376,12,1,bench2-fn-b,bench2-fn-b,1,15848778,1000000000,15848778,50,751973356329,751989205107
proto_two_containers_step32kb_32_to_1024,0,229376,13,1,bench2-fn-a,bench2-fn-a,1,17341667,1000000000,17341667,50,751990656292,752007997959
proto_two_containers_step32kb_32_to_1024,0,229376,14,1,bench2-fn-b,bench2-fn-b,1,16017186,1000000000,16017186,50,752009255088,752025272274
proto_two_containers_step32kb_32_to_1024,0,229376,15,1,bench2-fn-a,bench2-fn-a,1,17497371,1000000000,17497371,50,752026839588,752044336959
proto_two_containers_step32kb_32_to_1024,0,229376,16,1,bench2-fn-b,bench2-fn-b,1,15971592,1000000000,15971592,50,752045624996,752061596588
proto_two_containers_step32kb_32_to_1024,0,229376,17,1,bench2-fn-a,bench2-fn-a,1,16337277,1000000000,16337277,50,752062945848,752079283125
proto_two_containers_step32kb_32_to_1024,0,229376,18,1,bench2-fn-b,bench2-fn-b,1,15664260,1000000000,15664260,50,752080556088,752096220348
proto_two_containers_step32kb_32_to_1024,0,229376,19,1,bench2-fn-a,bench2-fn-a,1,15572963,1000000000,15572963,50,752097435366,752113008329
proto_two_containers_step32kb_32_to_1024,0,229376,20,1,bench2-fn-b,bench2-fn-b,1,18683037,1000000000,18683037,50,752114194644,752132877681
proto_two_containers_step32kb_32_to_1024,0,229376,21,1,bench2-fn-a,bench2-fn-a,1,15831296,1000000000,15831296,50,752134168533,752149999829
proto_two_containers_step32kb_32_to_1024,0,229376,22,1,bench2-fn-b,bench2-fn-b,1,15961686,1000000000,15961686,50,752151279699,752167241385
proto_two_containers_step32kb_32_to_1024,0,229376,23,1,bench2-fn-a,bench2-fn-a,1,19200204,1000000000,19200204,50,752168546829,752187747033
proto_two_containers_step32kb_32_to_1024,0,229376,24,1,bench2-fn-b,bench2-fn-b,1,17899778,1000000000,17899778,50,752189021162,752206920940
proto_two_containers_step32kb_32_to_1024,0,229376,25,1,bench2-fn-a,bench2-fn-a,1,15810870,1000000000,15810870,50,752208212848,752224023718
proto_two_containers_step32kb_32_to_1024,0,229376,26,1,bench2-fn-b,bench2-fn-b,1,16101630,1000000000,16101630,50,752225351792,752241453422
proto_two_containers_step32kb_32_to_1024,0,229376,27,1,bench2-fn-a,bench2-fn-a,1,16741833,1000000000,16741833,50,752243106885,752259848718
proto_two_containers_step32kb_32_to_1024,0,229376,28,1,bench2-fn-b,bench2-fn-b,1,15739667,1000000000,15739667,50,752261159755,752276899422
proto_two_containers_step32kb_32_to_1024,0,229376,29,1,bench2-fn-a,bench2-fn-a,1,15961389,1000000000,15961389,50,752278412033,752294373422
proto_two_containers_step32kb_32_to_1024,0,229376,30,1,bench2-fn-b,bench2-fn-b,1,17307741,1000000000,17307741,50,752295525662,752312833403
proto_two_containers_step32kb_32_to_1024,0,229376,31,1,bench2-fn-a,bench2-fn-a,1,18745185,1000000000,18745185,50,752313978070,752332723255
proto_two_containers_step32kb_32_to_1024,0,229376,32,1,bench2-fn-b,bench2-fn-b,1,16316352,1000000000,16316352,50,752334557292,752350873644
proto_two_containers_step32kb_32_to_1024,0,229376,33,1,bench2-fn-a,bench2-fn-a,1,16321630,1000000000,16321630,50,752351974310,752368295940
proto_two_containers_step32kb_32_to_1024,0,229376,34,1,bench2-fn-b,bench2-fn-b,1,17015703,1000000000,17015703,50,752369522218,752386537921
proto_two_containers_step32kb_32_to_1024,0,229376,35,1,bench2-fn-a,bench2-fn-a,1,15963833,1000000000,15963833,50,752387920496,752403884329
proto_two_containers_step32kb_32_to_1024,0,229376,36,1,bench2-fn-b,bench2-fn-b,1,15662222,1000000000,15662222,50,752405179662,752420841884
proto_two_containers_step32kb_32_to_1024,0,229376,37,1,bench2-fn-a,bench2-fn-a,1,17263500,1000000000,17263500,50,752422231921,752439495421
proto_two_containers_step32kb_32_to_1024,0,229376,38,1,bench2-fn-b,bench2-fn-b,1,18983556,1000000000,18983556,50,752440656977,752459640533
proto_two_containers_step32kb_32_to_1024,0,229376,39,1,bench2-fn-a,bench2-fn-a,1,15896797,1000000000,15896797,50,752460938958,752476835755
proto_two_containers_step32kb_32_to_1024,0,229376,40,1,bench2-fn-b,bench2-fn-b,1,15981204,1000000000,15981204,50,752478423921,752494405125
proto_two_containers_step32kb_32_to_1024,0,229376,41,1,bench2-fn-a,bench2-fn-a,1,16415518,1000000000,16415518,50,752495829607,752512245125
proto_two_containers_step32kb_32_to_1024,0,229376,42,1,bench2-fn-b,bench2-fn-b,1,18598481,1000000000,18598481,50,752515527477,752534125958
proto_two_containers_step32kb_32_to_1024,0,229376,43,1,bench2-fn-a,bench2-fn-a,1,18489019,1000000000,18489019,50,752537636958,752556125977
proto_two_containers_step32kb_32_to_1024,0,229376,44,1,bench2-fn-b,bench2-fn-b,1,17491778,1000000000,17491778,50,752559854995,752577346773
proto_two_containers_step32kb_32_to_1024,0,229376,45,1,bench2-fn-a,bench2-fn-a,1,18624334,1000000000,18624334,50,752578640810,752597265144
proto_two_containers_step32kb_32_to_1024,0,229376,46,1,bench2-fn-b,bench2-fn-b,1,17857833,1000000000,17857833,50,752601372329,752619230162
proto_two_containers_step32kb_32_to_1024,0,229376,47,1,bench2-fn-a,bench2-fn-a,1,16672019,1000000000,16672019,50,752621898995,752638571014
proto_two_containers_step32kb_32_to_1024,0,229376,48,1,bench2-fn-b,bench2-fn-b,1,16337703,1000000000,16337703,50,752639706829,752656044532
proto_two_containers_step32kb_32_to_1024,0,229376,49,1,bench2-fn-a,bench2-fn-a,1,16140611,1000000000,16140611,50,752657528273,752673668884
proto_two_containers_step32kb_32_to_1024,0,229376,50,1,bench2-fn-b,bench2-fn-b,1,15955314,1000000000,15955314,50,752675315718,752691271032
proto_two_containers_step32kb_32_to_1024,0,262144,1,1,bench2-fn-a,bench2-fn-a,0,22926481,1000000000,22926481,50,752784255792,752807182273
proto_two_containers_step32kb_32_to_1024,0,262144,2,1,bench2-fn-b,bench2-fn-b,1,18621611,1000000000,18621611,50,752808406088,752827027699
proto_two_containers_step32kb_32_to_1024,0,262144,3,1,bench2-fn-a,bench2-fn-a,1,20352592,1000000000,20352592,50,752828058940,752848411532
proto_two_containers_step32kb_32_to_1024,0,262144,4,1,bench2-fn-b,bench2-fn-b,1,18603203,1000000000,18603203,50,752849572903,752868176106
proto_two_containers_step32kb_32_to_1024,0,262144,5,1,bench2-fn-a,bench2-fn-a,1,21132907,1000000000,21132907,50,752869869088,752891001995
proto_two_containers_step32kb_32_to_1024,0,262144,6,1,bench2-fn-b,bench2-fn-b,1,19264018,1000000000,19264018,50,752892728125,752911992143
proto_two_containers_step32kb_32_to_1024,0,262144,7,1,bench2-fn-a,bench2-fn-a,1,18487703,1000000000,18487703,50,752913286366,752931774069
proto_two_containers_step32kb_32_to_1024,0,262144,8,1,bench2-fn-b,bench2-fn-b,1,19430778,1000000000,19430778,50,752933389162,752952819940
proto_two_containers_step32kb_32_to_1024,0,262144,9,1,bench2-fn-a,bench2-fn-a,1,19425075,1000000000,19425075,50,752954255754,752973680829
proto_two_containers_step32kb_32_to_1024,0,262144,10,1,bench2-fn-b,bench2-fn-b,1,18993648,1000000000,18993648,50,752975180514,752994174162
proto_two_containers_step32kb_32_to_1024,0,262144,11,1,bench2-fn-a,bench2-fn-a,1,19296704,1000000000,19296704,50,752995258606,753014555310
proto_two_containers_step32kb_32_to_1024,0,262144,12,1,bench2-fn-b,bench2-fn-b,1,19867334,1000000000,19867334,50,753015820254,753035687588
proto_two_containers_step32kb_32_to_1024,0,262144,13,1,bench2-fn-a,bench2-fn-a,1,19298240,1000000000,19298240,50,753037002588,753056300828
proto_two_containers_step32kb_32_to_1024,0,262144,14,1,bench2-fn-b,bench2-fn-b,1,18478704,1000000000,18478704,50,753057590143,753076068847
proto_two_containers_step32kb_32_to_1024,0,262144,15,1,bench2-fn-a,bench2-fn-a,1,18771703,1000000000,18771703,50,753077307125,753096078828
proto_two_containers_step32kb_32_to_1024,0,262144,16,1,bench2-fn-b,bench2-fn-b,1,21237018,1000000000,21237018,50,753097260051,753118497069
proto_two_containers_step32kb_32_to_1024,0,262144,17,1,bench2-fn-a,bench2-fn-a,1,18614685,1000000000,18614685,50,753119818199,753138432884
proto_two_containers_step32kb_32_to_1024,0,262144,18,1,bench2-fn-b,bench2-fn-b,1,18707093,1000000000,18707093,50,753139663958,753158371051
proto_two_containers_step32kb_32_to_1024,0,262144,19,1,bench2-fn-a,bench2-fn-a,1,18560611,1000000000,18560611,50,753159506514,753178067125
proto_two_containers_step32kb_32_to_1024,0,262144,20,1,bench2-fn-b,bench2-fn-b,1,19468667,1000000000,19468667,50,753179394143,753198862810
proto_two_containers_step32kb_32_to_1024,0,262144,21,1,bench2-fn-a,bench2-fn-a,1,22996185,1000000000,22996185,50,753200618199,753223614384
proto_two_containers_step32kb_32_to_1024,0,262144,22,1,bench2-fn-b,bench2-fn-b,1,19862796,1000000000,19862796,50,753225235606,753245098402
proto_two_containers_step32kb_32_to_1024,0,262144,23,1,bench2-fn-a,bench2-fn-a,1,18707056,1000000000,18707056,50,753246178254,753264885310
proto_two_containers_step32kb_32_to_1024,0,262144,24,1,bench2-fn-b,bench2-fn-b,1,21135593,1000000000,21135593,50,753267244717,753288380310
proto_two_containers_step32kb_32_to_1024,0,262144,25,1,bench2-fn-a,bench2-fn-a,1,18472500,1000000000,18472500,50,753289671865,753308144365
proto_two_containers_step32kb_32_to_1024,0,262144,26,1,bench2-fn-b,bench2-fn-b,1,19625686,1000000000,19625686,50,753309308939,753328934625
proto_two_containers_step32kb_32_to_1024,0,262144,27,1,bench2-fn-a,bench2-fn-a,1,18775389,1000000000,18775389,50,753330236717,753349012106
proto_two_containers_step32kb_32_to_1024,0,262144,28,1,bench2-fn-b,bench2-fn-b,1,18890149,1000000000,18890149,50,753350116976,753369007125
proto_two_containers_step32kb_32_to_1024,0,262144,29,1,bench2-fn-a,bench2-fn-a,1,18740833,1000000000,18740833,50,753370082958,753388823791
proto_two_containers_step32kb_32_to_1024,0,262144,30,1,bench2-fn-b,bench2-fn-b,1,18574555,1000000000,18574555,50,753389937458,753408512013
proto_two_containers_step32kb_32_to_1024,0,262144,31,1,bench2-fn-a,bench2-fn-a,1,18562093,1000000000,18562093,50,753409646828,753428208921
proto_two_containers_step32kb_32_to_1024,0,262144,32,1,bench2-fn-b,bench2-fn-b,1,19110185,1000000000,19110185,50,753429705273,753448815458
proto_two_containers_step32kb_32_to_1024,0,262144,33,1,bench2-fn-a,bench2-fn-a,1,18858704,1000000000,18858704,50,753450286606,753469145310
proto_two_containers_step32kb_32_to_1024,0,262144,34,1,bench2-fn-b,bench2-fn-b,1,18758629,1000000000,18758629,50,753470334199,753489092828
proto_two_containers_step32kb_32_to_1024,0,262144,35,1,bench2-fn-a,bench2-fn-a,1,18850889,1000000000,18850889,50,753490408680,753509259569
proto_two_containers_step32kb_32_to_1024,0,262144,36,1,bench2-fn-b,bench2-fn-b,1,18762370,1000000000,18762370,50,753510453143,753529215513
proto_two_containers_step32kb_32_to_1024,0,262144,37,1,bench2-fn-a,bench2-fn-a,1,18791574,1000000000,18791574,50,753530275495,753549067069
proto_two_containers_step32kb_32_to_1024,0,262144,38,1,bench2-fn-b,bench2-fn-b,1,18607408,1000000000,18607408,50,753550202291,753568809699
proto_two_containers_step32kb_32_to_1024,0,262144,39,1,bench2-fn-a,bench2-fn-a,1,20167592,1000000000,20167592,50,753569879032,753590046624
proto_two_containers_step32kb_32_to_1024,0,262144,40,1,bench2-fn-b,bench2-fn-b,1,21066037,1000000000,21066037,50,753591277143,753612343180
proto_two_containers_step32kb_32_to_1024,0,262144,41,1,bench2-fn-a,bench2-fn-a,1,19245278,1000000000,19245278,50,753613703124,753632948402
proto_two_containers_step32kb_32_to_1024,0,262144,42,1,bench2-fn-b,bench2-fn-b,1,21553555,1000000000,21553555,50,753634516347,753656069902
proto_two_containers_step32kb_32_to_1024,0,262144,43,1,bench2-fn-a,bench2-fn-a,1,18561296,1000000000,18561296,50,753657301680,753675862976
proto_two_containers_step32kb_32_to_1024,0,262144,44,1,bench2-fn-b,bench2-fn-b,1,20967037,1000000000,20967037,50,753677180069,753698147106
proto_two_containers_step32kb_32_to_1024,0,262144,45,1,bench2-fn-a,bench2-fn-a,1,19496426,1000000000,19496426,50,753699616791,753719113217
proto_two_containers_step32kb_32_to_1024,0,262144,46,1,bench2-fn-b,bench2-fn-b,1,19863815,1000000000,19863815,50,753720253550,753740117365
proto_two_containers_step32kb_32_to_1024,0,262144,47,1,bench2-fn-a,bench2-fn-a,1,19876000,1000000000,19876000,50,753741342124,753761218124
proto_two_containers_step32kb_32_to_1024,0,262144,48,1,bench2-fn-b,bench2-fn-b,1,19237704,1000000000,19237704,50,753762303235,753781540939
proto_two_containers_step32kb_32_to_1024,0,262144,49,1,bench2-fn-a,bench2-fn-a,1,18617648,1000000000,18617648,50,753782708254,753801325902
proto_two_containers_step32kb_32_to_1024,0,262144,50,1,bench2-fn-b,bench2-fn-b,1,18423148,1000000000,18423148,50,753802623902,753821047050
proto_two_containers_step32kb_32_to_1024,0,294912,1,1,bench2-fn-a,bench2-fn-a,0,29663408,1000000000,29663408,50,753920440272,753950103680
proto_two_containers_step32kb_32_to_1024,0,294912,2,1,bench2-fn-b,bench2-fn-b,1,20978593,1000000000,20978593,50,753951414698,753972393291
proto_two_containers_step32kb_32_to_1024,0,294912,3,1,bench2-fn-a,bench2-fn-a,1,20481593,1000000000,20481593,50,753973584383,753994065976
proto_two_containers_step32kb_32_to_1024,0,294912,4,1,bench2-fn-b,bench2-fn-b,1,21413111,1000000000,21413111,50,753995668124,754017081235
proto_two_containers_step32kb_32_to_1024,0,294912,5,1,bench2-fn-a,bench2-fn-a,1,22802852,1000000000,22802852,50,754018508383,754041311235
proto_two_containers_step32kb_32_to_1024,0,294912,6,1,bench2-fn-b,bench2-fn-b,1,22481426,1000000000,22481426,50,754044952217,754067433643
proto_two_containers_step32kb_32_to_1024,0,294912,7,1,bench2-fn-a,bench2-fn-a,1,21488685,1000000000,21488685,50,754069168365,754090657050
proto_two_containers_step32kb_32_to_1024,0,294912,8,1,bench2-fn-b,bench2-fn-b,1,21429259,1000000000,21429259,50,754092107254,754113536513
proto_two_containers_step32kb_32_to_1024,0,294912,9,1,bench2-fn-a,bench2-fn-a,1,20855926,1000000000,20855926,50,754114841976,754135697902
proto_two_containers_step32kb_32_to_1024,0,294912,10,1,bench2-fn-b,bench2-fn-b,1,20486741,1000000000,20486741,50,754137069476,754157556217
proto_two_containers_step32kb_32_to_1024,0,294912,11,1,bench2-fn-a,bench2-fn-a,1,21310889,1000000000,21310889,50,754159099457,754180410346
proto_two_containers_step32kb_32_to_1024,0,294912,12,1,bench2-fn-b,bench2-fn-b,1,21063167,1000000000,21063167,50,754181889457,754202952624
proto_two_containers_step32kb_32_to_1024,0,294912,13,1,bench2-fn-a,bench2-fn-a,1,21461722,1000000000,21461722,50,754204576680,754226038402
proto_two_containers_step32kb_32_to_1024,0,294912,14,1,bench2-fn-b,bench2-fn-b,1,22309778,1000000000,22309778,50,754227144494,754249454272
proto_two_containers_step32kb_32_to_1024,0,294912,15,1,bench2-fn-a,bench2-fn-a,1,20767945,1000000000,20767945,50,754250718457,754271486402
proto_two_containers_step32kb_32_to_1024,0,294912,16,1,bench2-fn-b,bench2-fn-b,1,21482167,1000000000,21482167,50,754272949587,754294431754
proto_two_containers_step32kb_32_to_1024,0,294912,17,1,bench2-fn-a,bench2-fn-a,1,20727129,1000000000,20727129,50,754295578180,754316305309
proto_two_containers_step32kb_32_to_1024,0,294912,18,1,bench2-fn-b,bench2-fn-b,1,20554926,1000000000,20554926,50,754317632902,754338187828
proto_two_containers_step32kb_32_to_1024,0,294912,19,1,bench2-fn-a,bench2-fn-a,1,20644759,1000000000,20644759,50,754339491643,754360136402
proto_two_containers_step32kb_32_to_1024,0,294912,20,1,bench2-fn-b,bench2-fn-b,1,21840074,1000000000,21840074,50,754361427383,754383267457
proto_two_containers_step32kb_32_to_1024,0,294912,21,1,bench2-fn-a,bench2-fn-a,1,20868166,1000000000,20868166,50,754384623476,754405491642
proto_two_containers_step32kb_32_to_1024,0,294912,22,1,bench2-fn-b,bench2-fn-b,1,24636444,1000000000,24636444,50,754406657328,754431293772
proto_two_containers_step32kb_32_to_1024,0,294912,23,1,bench2-fn-a,bench2-fn-a,1,21422093,1000000000,21422093,50,754433015087,754454437180
proto_two_containers_step32kb_32_to_1024,0,294912,24,1,bench2-fn-b,bench2-fn-b,1,21424871,1000000000,21424871,50,754456043642,754477468513
proto_two_containers_step32kb_32_to_1024,0,294912,25,1,bench2-fn-a,bench2-fn-a,1,21721445,1000000000,21721445,50,754478688642,754500410087
proto_two_containers_step32kb_32_to_1024,0,294912,26,1,bench2-fn-b,bench2-fn-b,1,20866203,1000000000,20866203,50,754501599976,754522466179
proto_two_containers_step32kb_32_to_1024,0,294912,27,1,bench2-fn-a,bench2-fn-a,1,22770148,1000000000,22770148,50,754523701031,754546471179
proto_two_containers_step32kb_32_to_1024,0,294912,28,1,bench2-fn-b,bench2-fn-b,1,23367871,1000000000,23367871,50,754548151105,754571518976
proto_two_containers_step32kb_32_to_1024,0,294912,29,1,bench2-fn-a,bench2-fn-a,1,20611592,1000000000,20611592,50,754572855291,754593466883
proto_two_containers_step32kb_32_to_1024,0,294912,30,1,bench2-fn-b,bench2-fn-b,1,20543834,1000000000,20543834,50,754594811142,754615354976
proto_two_containers_step32kb_32_to_1024,0,294912,31,1,bench2-fn-a,bench2-fn-a,1,21299926,1000000000,21299926,50,754617875050,754639174976
proto_two_containers_step32kb_32_to_1024,0,294912,32,1,bench2-fn-b,bench2-fn-b,1,22093222,1000000000,22093222,50,754642043439,754664136661
proto_two_containers_step32kb_32_to_1024,0,294912,33,1,bench2-fn-a,bench2-fn-a,1,22004648,1000000000,22004648,50,754665437235,754687441883
proto_two_containers_step32kb_32_to_1024,0,294912,34,1,bench2-fn-b,bench2-fn-b,1,23022407,1000000000,23022407,50,754692061420,754715083827
proto_two_containers_step32kb_32_to_1024,0,294912,35,1,bench2-fn-a,bench2-fn-a,1,23909407,1000000000,23909407,50,754716148624,754740058031
proto_two_containers_step32kb_32_to_1024,0,294912,36,1,bench2-fn-b,bench2-fn-b,1,22723056,1000000000,22723056,50,754743008642,754765731698
proto_two_containers_step32kb_32_to_1024,0,294912,37,1,bench2-fn-a,bench2-fn-a,1,21559945,1000000000,21559945,50,754767218679,754788778624
proto_two_containers_step32kb_32_to_1024,0,294912,38,1,bench2-fn-b,bench2-fn-b,1,20682760,1000000000,20682760,50,754790147290,754810830050
proto_two_containers_step32kb_32_to_1024,0,294912,39,1,bench2-fn-a,bench2-fn-a,1,20634889,1000000000,20634889,50,754812130772,754832765661
proto_two_containers_step32kb_32_to_1024,0,294912,40,1,bench2-fn-b,bench2-fn-b,1,20718018,1000000000,20718018,50,754834109013,754854827031
proto_two_containers_step32kb_32_to_1024,0,294912,41,1,bench2-fn-a,bench2-fn-a,1,21028777,1000000000,21028777,50,754855967013,754876995790
proto_two_containers_step32kb_32_to_1024,0,294912,42,1,bench2-fn-b,bench2-fn-b,1,20649704,1000000000,20649704,50,754878424105,754899073809
proto_two_containers_step32kb_32_to_1024,0,294912,43,1,bench2-fn-a,bench2-fn-a,1,23755944,1000000000,23755944,50,754901130050,754924885994
proto_two_containers_step32kb_32_to_1024,0,294912,44,1,bench2-fn-b,bench2-fn-b,1,20571222,1000000000,20571222,50,754926077957,754946649179
proto_two_containers_step32kb_32_to_1024,0,294912,45,1,bench2-fn-a,bench2-fn-a,1,20602333,1000000000,20602333,50,754947732568,754968334901
proto_two_containers_step32kb_32_to_1024,0,294912,46,1,bench2-fn-b,bench2-fn-b,1,22193797,1000000000,22193797,50,754970421864,754992615661
proto_two_containers_step32kb_32_to_1024,0,294912,47,1,bench2-fn-a,bench2-fn-a,1,20792648,1000000000,20792648,50,754993848957,755014641605
proto_two_containers_step32kb_32_to_1024,0,294912,48,1,bench2-fn-b,bench2-fn-b,1,20900908,1000000000,20900908,50,755015752790,755036653698
proto_two_containers_step32kb_32_to_1024,0,294912,49,1,bench2-fn-a,bench2-fn-a,1,22577241,1000000000,22577241,50,755038058364,755060635605
proto_two_containers_step32kb_32_to_1024,0,294912,50,1,bench2-fn-b,bench2-fn-b,1,20506203,1000000000,20506203,50,755061942124,755082448327
proto_two_containers_step32kb_32_to_1024,0,327680,1,1,bench2-fn-a,bench2-fn-a,0,30029870,1000000000,30029870,50,755182539531,755212569401
proto_two_containers_step32kb_32_to_1024,0,327680,2,1,bench2-fn-b,bench2-fn-b,1,22806537,1000000000,22806537,50,755214770846,755237577383
proto_two_containers_step32kb_32_to_1024,0,327680,3,1,bench2-fn-a,bench2-fn-a,1,22370778,1000000000,22370778,50,755238800364,755261171142
proto_two_containers_step32kb_32_to_1024,0,327680,4,1,bench2-fn-b,bench2-fn-b,1,23037963,1000000000,23037963,50,755262476975,755285514938
proto_two_containers_step32kb_32_to_1024,0,327680,5,1,bench2-fn-a,bench2-fn-a,1,24051111,1000000000,24051111,50,755287042235,755311093346
proto_two_containers_step32kb_32_to_1024,0,327680,6,1,bench2-fn-b,bench2-fn-b,1,23367852,1000000000,23367852,50,755312716549,755336084401
proto_two_containers_step32kb_32_to_1024,0,327680,7,1,bench2-fn-a,bench2-fn-a,1,23455852,1000000000,23455852,50,755339662957,755363118809
proto_two_containers_step32kb_32_to_1024,0,327680,8,1,bench2-fn-b,bench2-fn-b,1,24349334,1000000000,24349334,50,755365115086,755389464420
proto_two_containers_step32kb_32_to_1024,0,327680,9,1,bench2-fn-a,bench2-fn-a,1,22802703,1000000000,22802703,50,755391684383,755414487086
proto_two_containers_step32kb_32_to_1024,0,327680,10,1,bench2-fn-b,bench2-fn-b,1,26085000,1000000000,26085000,50,755419728827,755445813827
proto_two_containers_step32kb_32_to_1024,0,327680,11,1,bench2-fn-a,bench2-fn-a,1,25670167,1000000000,25670167,50,755449022512,755474692679
proto_two_containers_step32kb_32_to_1024,0,327680,12,1,bench2-fn-b,bench2-fn-b,1,26781944,1000000000,26781944,50,755476457679,755503239623
proto_two_containers_step32kb_32_to_1024,0,327680,13,1,bench2-fn-a,bench2-fn-a,1,24016149,1000000000,24016149,50,755507984771,755532000920
proto_two_containers_step32kb_32_to_1024,0,327680,14,1,bench2-fn-b,bench2-fn-b,1,22610407,1000000000,22610407,50,755533626383,755556236790
proto_two_containers_step32kb_32_to_1024,0,327680,15,1,bench2-fn-a,bench2-fn-a,1,22204278,1000000000,22204278,50,755557431549,755579635827
proto_two_containers_step32kb_32_to_1024,0,327680,16,1,bench2-fn-b,bench2-fn-b,1,22934649,1000000000,22934649,50,755581554345,755604488994
proto_two_containers_step32kb_32_to_1024,0,327680,17,1,bench2-fn-a,bench2-fn-a,1,22216278,1000000000,22216278,50,755605883697,755628099975
proto_two_containers_step32kb_32_to_1024,0,327680,18,1,bench2-fn-b,bench2-fn-b,1,22030500,1000000000,22030500,50,755629196049,755651226549
proto_two_containers_step32kb_32_to_1024,0,327680,19,1,bench2-fn-a,bench2-fn-a,1,22168870,1000000000,22168870,50,755652675068,755674843938
proto_two_containers_step32kb_32_to_1024,0,327680,20,1,bench2-fn-b,bench2-fn-b,1,22931574,1000000000,22931574,50,755676407531,755699339105
proto_two_containers_step32kb_32_to_1024,0,327680,21,1,bench2-fn-a,bench2-fn-a,1,22169926,1000000000,22169926,50,755700571660,755722741586
proto_two_containers_step32kb_32_to_1024,0,327680,22,1,bench2-fn-b,bench2-fn-b,1,22957426,1000000000,22957426,50,755724025234,755746982660
proto_two_containers_step32kb_32_to_1024,0,327680,23,1,bench2-fn-a,bench2-fn-a,1,23642075,1000000000,23642075,50,755749490419,755773132494
proto_two_containers_step32kb_32_to_1024,0,327680,24,1,bench2-fn-b,bench2-fn-b,1,23277796,1000000000,23277796,50,755774324790,755797602586
proto_two_containers_step32kb_32_to_1024,0,327680,25,1,bench2-fn-a,bench2-fn-a,1,22029500,1000000000,22029500,50,755798773216,755820802716
proto_two_containers_step32kb_32_to_1024,0,327680,26,1,bench2-fn-b,bench2-fn-b,1,22290315,1000000000,22290315,50,755822117216,755844407531
proto_two_containers_step32kb_32_to_1024,0,327680,27,1,bench2-fn-a,bench2-fn-a,1,22180314,1000000000,22180314,50,755845561142,755867741456
proto_two_containers_step32kb_32_to_1024,0,327680,28,1,bench2-fn-b,bench2-fn-b,1,25141833,1000000000,25141833,50,755868852938,755893994771
proto_two_containers_step32kb_32_to_1024,0,327680,29,1,bench2-fn-a,bench2-fn-a,1,22253852,1000000000,22253852,50,755895142716,755917396568
proto_two_containers_step32kb_32_to_1024,0,327680,30,1,bench2-fn-b,bench2-fn-b,1,22101500,1000000000,22101500,50,755918538179,755940639679
proto_two_containers_step32kb_32_to_1024,0,327680,31,1,bench2-fn-a,bench2-fn-a,1,24165852,1000000000,24165852,50,755941936882,755966102734
proto_two_containers_step32kb_32_to_1024,0,327680,32,1,bench2-fn-b,bench2-fn-b,1,22114167,1000000000,22114167,50,755967528123,755989642290
proto_two_containers_step32kb_32_to_1024,0,327680,33,1,bench2-fn-a,bench2-fn-a,1,25165944,1000000000,25165944,50,755991048123,756016214067
proto_two_containers_step32kb_32_to_1024,0,327680,34,1,bench2-fn-b,bench2-fn-b,1,21997278,1000000000,21997278,50,756017480512,756039477790
proto_two_containers_step32kb_32_to_1024,0,327680,35,1,bench2-fn-a,bench2-fn-a,1,23391389,1000000000,23391389,50,756040667956,756064059345
proto_two_containers_step32kb_32_to_1024,0,327680,36,1,bench2-fn-b,bench2-fn-b,1,22114852,1000000000,22114852,50,756065521697,756087636549
proto_two_containers_step32kb_32_to_1024,0,327680,37,1,bench2-fn-a,bench2-fn-a,1,23161019,1000000000,23161019,50,756088784030,756111945049
proto_two_containers_step32kb_32_to_1024,0,327680,38,1,bench2-fn-b,bench2-fn-b,1,23171092,1000000000,23171092,50,756113532216,756136703308
proto_two_containers_step32kb_32_to_1024,0,327680,39,1,bench2-fn-a,bench2-fn-a,1,24196223,1000000000,24196223,50,756138129641,756162325864
proto_two_containers_step32kb_32_to_1024,0,327680,40,1,bench2-fn-b,bench2-fn-b,1,22652630,1000000000,22652630,50,756163466123,756186118753
proto_two_containers_step32kb_32_to_1024,0,327680,41,1,bench2-fn-a,bench2-fn-a,1,22248963,1000000000,22248963,50,756187423567,756209672530
proto_two_containers_step32kb_32_to_1024,0,327680,42,1,bench2-fn-b,bench2-fn-b,1,25857982,1000000000,25857982,50,756210938993,756236796975
proto_two_containers_step32kb_32_to_1024,0,327680,43,1,bench2-fn-a,bench2-fn-a,1,22499908,1000000000,22499908,50,756238079419,756260579327
proto_two_containers_step32kb_32_to_1024,0,327680,44,1,bench2-fn-b,bench2-fn-b,1,22493519,1000000000,22493519,50,756261729956,756284223475
proto_two_containers_step32kb_32_to_1024,0,327680,45,1,bench2-fn-a,bench2-fn-a,1,24530703,1000000000,24530703,50,756285369049,756309899752
proto_two_containers_step32kb_32_to_1024,0,327680,46,1,bench2-fn-b,bench2-fn-b,1,22154093,1000000000,22154093,50,756311148493,756333302586
proto_two_containers_step32kb_32_to_1024,0,327680,47,1,bench2-fn-a,bench2-fn-a,1,24890722,1000000000,24890722,50,756335273919,756360164641
proto_two_containers_step32kb_32_to_1024,0,327680,48,1,bench2-fn-b,bench2-fn-b,1,22058259,1000000000,22058259,50,756361366993,756383425252
proto_two_containers_step32kb_32_to_1024,0,327680,49,1,bench2-fn-a,bench2-fn-a,1,22015296,1000000000,22015296,50,756384793882,756406809178
proto_two_containers_step32kb_32_to_1024,0,327680,50,1,bench2-fn-b,bench2-fn-b,1,23299778,1000000000,23299778,50,756408409641,756431709419
proto_two_containers_step32kb_32_to_1024,0,360448,1,1,bench2-fn-a,bench2-fn-a,0,33496111,1000000000,33496111,50,756536590919,756570087030
proto_two_containers_step32kb_32_to_1024,0,360448,2,1,bench2-fn-b,bench2-fn-b,1,26496296,1000000000,26496296,50,756572926623,756599422919
proto_two_containers_step32kb_32_to_1024,0,360448,3,1,bench2-fn-a,bench2-fn-a,1,25854630,1000000000,25854630,50,756601014178,756626868808
proto_two_containers_step32kb_32_to_1024,0,360448,4,1,bench2-fn-b,bench2-fn-b,1,25298741,1000000000,25298741,50,756628065382,756653364123
proto_two_containers_step32kb_32_to_1024,0,360448,5,1,bench2-fn-a,bench2-fn-a,1,25141074,1000000000,25141074,50,756654534067,756679675141
proto_two_containers_step32kb_32_to_1024,0,360448,6,1,bench2-fn-b,bench2-fn-b,1,26807611,1000000000,26807611,50,756681394660,756708202271
proto_two_containers_step32kb_32_to_1024,0,360448,7,1,bench2-fn-a,bench2-fn-a,1,27416500,1000000000,27416500,50,756709512511,756736929011
proto_two_containers_step32kb_32_to_1024,0,360448,8,1,bench2-fn-b,bench2-fn-b,1,27402167,1000000000,27402167,50,756741216641,756768618808
proto_two_containers_step32kb_32_to_1024,0,360448,9,1,bench2-fn-a,bench2-fn-a,1,28556833,1000000000,28556833,50,756772561715,756801118548
proto_two_containers_step32kb_32_to_1024,0,360448,10,1,bench2-fn-b,bench2-fn-b,1,26903871,1000000000,26903871,50,756804600511,756831504382
proto_two_containers_step32kb_32_to_1024,0,360448,11,1,bench2-fn-a,bench2-fn-a,1,26179463,1000000000,26179463,50,756832806419,756858985882
proto_two_containers_step32kb_32_to_1024,0,360448,12,1,bench2-fn-b,bench2-fn-b,1,25766130,1000000000,25766130,50,756861074548,756886840678
proto_two_containers_step32kb_32_to_1024,0,360448,13,1,bench2-fn-a,bench2-fn-a,1,30375722,1000000000,30375722,50,756890008363,756920384085
proto_two_containers_step32kb_32_to_1024,0,360448,14,1,bench2-fn-b,bench2-fn-b,1,27339260,1000000000,27339260,50,756924995048,756952334308
proto_two_containers_step32kb_32_to_1024,0,360448,15,1,bench2-fn-a,bench2-fn-a,1,27739408,1000000000,27739408,50,756957104159,756984843567
proto_two_containers_step32kb_32_to_1024,0,360448,16,1,bench2-fn-b,bench2-fn-b,1,27607574,1000000000,27607574,50,756989549419,757017156993
proto_two_containers_step32kb_32_to_1024,0,360448,17,1,bench2-fn-a,bench2-fn-a,1,27030185,1000000000,27030185,50,757021576456,757048606641
proto_two_containers_step32kb_32_to_1024,0,360448,18,1,bench2-fn-b,bench2-fn-b,1,27261222,1000000000,27261222,50,757053414752,757080675974
proto_two_containers_step32kb_32_to_1024,0,360448,19,1,bench2-fn-a,bench2-fn-a,1,25730686,1000000000,25730686,50,757085083159,757110813845
proto_two_containers_step32kb_32_to_1024,0,360448,20,1,bench2-fn-b,bench2-fn-b,1,28479537,1000000000,28479537,50,757112696678,757141176215
proto_two_containers_step32kb_32_to_1024,0,360448,21,1,bench2-fn-a,bench2-fn-a,1,28904852,1000000000,28904852,50,757142898752,757171803604
proto_two_containers_step32kb_32_to_1024,0,360448,22,1,bench2-fn-b,bench2-fn-b,1,27438352,1000000000,27438352,50,757176501715,757203940067
proto_two_containers_step32kb_32_to_1024,0,360448,23,1,bench2-fn-a,bench2-fn-a,1,26989315,1000000000,26989315,50,757208280363,757235269678
proto_two_containers_step32kb_32_to_1024,0,360448,24,1,bench2-fn-b,bench2-fn-b,1,27658574,1000000000,27658574,50,757240027770,757267686344
proto_two_containers_step32kb_32_to_1024,0,360448,25,1,bench2-fn-a,bench2-fn-a,1,26647870,1000000000,26647870,50,757272216456,757298864326
proto_two_containers_step32kb_32_to_1024,0,360448,26,1,bench2-fn-b,bench2-fn-b,1,27645074,1000000000,27645074,50,757303724307,757331369381
proto_two_containers_step32kb_32_to_1024,0,360448,27,1,bench2-fn-a,bench2-fn-a,1,27492686,1000000000,27492686,50,757336122381,757363615067
proto_two_containers_step32kb_32_to_1024,0,360448,28,1,bench2-fn-b,bench2-fn-b,1,29091611,1000000000,29091611,50,757365046289,757394137900
proto_two_containers_step32kb_32_to_1024,0,360448,29,1,bench2-fn-a,bench2-fn-a,1,26982574,1000000000,26982574,50,757398541752,757425524326
proto_two_containers_step32kb_32_to_1024,0,360448,30,1,bench2-fn-b,bench2-fn-b,1,27667241,1000000000,27667241,50,757430464900,757458132141
proto_two_containers_step32kb_32_to_1024,0,360448,31,1,bench2-fn-a,bench2-fn-a,1,26592111,1000000000,26592111,50,757463083363,757489675474
proto_two_containers_step32kb_32_to_1024,0,360448,32,1,bench2-fn-b,bench2-fn-b,1,26782334,1000000000,26782334,50,757494441770,757521224104
proto_two_containers_step32kb_32_to_1024,0,360448,33,1,bench2-fn-a,bench2-fn-a,1,27078389,1000000000,27078389,50,757525817696,757552896085
proto_two_containers_step32kb_32_to_1024,0,360448,34,1,bench2-fn-b,bench2-fn-b,1,26769463,1000000000,26769463,50,757557583918,757584353381
proto_two_containers_step32kb_32_to_1024,0,360448,35,1,bench2-fn-a,bench2-fn-a,1,27024481,1000000000,27024481,50,757588912937,757615937418
proto_two_containers_step32kb_32_to_1024,0,360448,36,1,bench2-fn-b,bench2-fn-b,1,29873704,1000000000,29873704,50,757617250992,757647124696
proto_two_containers_step32kb_32_to_1024,0,360448,37,1,bench2-fn-a,bench2-fn-a,1,27325314,1000000000,27325314,50,757652018215,757679343529
proto_two_containers_step32kb_32_to_1024,0,360448,38,1,bench2-fn-b,bench2-fn-b,1,29797277,1000000000,29797277,50,757681366604,757711163881
proto_two_containers_step32kb_32_to_1024,0,360448,39,1,bench2-fn-a,bench2-fn-a,1,29845315,1000000000,29845315,50,757713121103,757742966418
proto_two_containers_step32kb_32_to_1024,0,360448,40,1,bench2-fn-b,bench2-fn-b,1,25159704,1000000000,25159704,50,757744859548,757770019252
proto_two_containers_step32kb_32_to_1024,0,360448,41,1,bench2-fn-a,bench2-fn-a,1,25360555,1000000000,25360555,50,757771184715,757796545270
proto_two_containers_step32kb_32_to_1024,0,360448,42,1,bench2-fn-b,bench2-fn-b,1,27531037,1000000000,27531037,50,757797665103,757825196140
proto_two_containers_step32kb_32_to_1024,0,360448,43,1,bench2-fn-a,bench2-fn-a,1,24576445,1000000000,24576445,50,757826305103,757850881548
proto_two_containers_step32kb_32_to_1024,0,360448,44,1,bench2-fn-b,bench2-fn-b,1,25036537,1000000000,25036537,50,757852924140,757877960677
proto_two_containers_step32kb_32_to_1024,0,360448,45,1,bench2-fn-a,bench2-fn-a,1,25312037,1000000000,25312037,50,757879730085,757905042122
proto_two_containers_step32kb_32_to_1024,0,360448,46,1,bench2-fn-b,bench2-fn-b,1,24405056,1000000000,24405056,50,757906249455,757930654511
proto_two_containers_step32kb_32_to_1024,0,360448,47,1,bench2-fn-a,bench2-fn-a,1,24295297,1000000000,24295297,50,757931841140,757956136437
proto_two_containers_step32kb_32_to_1024,0,360448,48,1,bench2-fn-b,bench2-fn-b,1,24947537,1000000000,24947537,50,757957679177,757982626714
proto_two_containers_step32kb_32_to_1024,0,360448,49,1,bench2-fn-a,bench2-fn-a,1,24540149,1000000000,24540149,50,757983890751,758008430900
proto_two_containers_step32kb_32_to_1024,0,360448,50,1,bench2-fn-b,bench2-fn-b,1,25180074,1000000000,25180074,50,758009952418,758035132492
proto_two_containers_step32kb_32_to_1024,0,393216,1,1,bench2-fn-a,bench2-fn-a,0,34706833,1000000000,34706833,50,758137336159,758172042992
proto_two_containers_step32kb_32_to_1024,0,393216,2,1,bench2-fn-b,bench2-fn-b,1,28259370,1000000000,28259370,50,758173595881,758201855251
proto_two_containers_step32kb_32_to_1024,0,393216,3,1,bench2-fn-a,bench2-fn-a,1,28484574,1000000000,28484574,50,758203402696,758231887270
proto_two_containers_step32kb_32_to_1024,0,393216,4,1,bench2-fn-b,bench2-fn-b,1,28703074,1000000000,28703074,50,758233034362,758261737436
proto_two_containers_step32kb_32_to_1024,0,393216,5,1,bench2-fn-a,bench2-fn-a,1,28032315,1000000000,28032315,50,758263836918,758291869233
proto_two_containers_step32kb_32_to_1024,0,393216,6,1,bench2-fn-b,bench2-fn-b,1,27597481,1000000000,27597481,50,758293127307,758320724788
proto_two_containers_step32kb_32_to_1024,0,393216,7,1,bench2-fn-a,bench2-fn-a,1,28218056,1000000000,28218056,50,758322108899,758350326955
proto_two_containers_step32kb_32_to_1024,0,393216,8,1,bench2-fn-b,bench2-fn-b,1,28093648,1000000000,28093648,50,758351735825,758379829473
proto_two_containers_step32kb_32_to_1024,0,393216,9,1,bench2-fn-a,bench2-fn-a,1,28189075,1000000000,28189075,50,758382033010,758410222085
proto_two_containers_step32kb_32_to_1024,0,393216,10,1,bench2-fn-b,bench2-fn-b,1,29655555,1000000000,29655555,50,758411509085,758441164640
proto_two_containers_step32kb_32_to_1024,0,393216,11,1,bench2-fn-a,bench2-fn-a,1,29895351,1000000000,29895351,50,758442552696,758472448047
proto_two_containers_step32kb_32_to_1024,0,393216,12,1,bench2-fn-b,bench2-fn-b,1,29598907,1000000000,29598907,50,758473590066,758503188973
proto_two_containers_step32kb_32_to_1024,0,393216,13,1,bench2-fn-a,bench2-fn-a,1,30209334,1000000000,30209334,50,758507636547,758537845881
proto_two_containers_step32kb_32_to_1024,0,393216,14,1,bench2-fn-b,bench2-fn-b,1,28895334,1000000000,28895334,50,758542320325,758571215659
proto_two_containers_step32kb_32_to_1024,0,393216,15,1,bench2-fn-a,bench2-fn-a,1,29267870,1000000000,29267870,50,758576011603,758605279473
proto_two_containers_step32kb_32_to_1024,0,393216,16,1,bench2-fn-b,bench2-fn-b,1,30372537,1000000000,30372537,50,758610711696,758641084233
proto_two_containers_step32kb_32_to_1024,0,393216,17,1,bench2-fn-a,bench2-fn-a,1,30273778,1000000000,30273778,50,758646061362,758676335140
proto_two_containers_step32kb_32_to_1024,0,393216,18,1,bench2-fn-b,bench2-fn-b,1,29260167,1000000000,29260167,50,758681169084,758710429251
proto_two_containers_step32kb_32_to_1024,0,393216,19,1,bench2-fn-a,bench2-fn-a,1,30157778,1000000000,30157778,50,758715238029,758745395807
proto_two_containers_step32kb_32_to_1024,0,393216,20,1,bench2-fn-b,bench2-fn-b,1,30538056,1000000000,30538056,50,758750344251,758780882307
proto_two_containers_step32kb_32_to_1024,0,393216,21,1,bench2-fn-a,bench2-fn-a,1,29973074,1000000000,29973074,50,758786256658,758816229732
proto_two_containers_step32kb_32_to_1024,0,393216,22,1,bench2-fn-b,bench2-fn-b,1,28051130,1000000000,28051130,50,758817583677,758845634807
proto_two_containers_step32kb_32_to_1024,0,393216,23,1,bench2-fn-a,bench2-fn-a,1,28083407,1000000000,28083407,50,758848011307,758876094714
proto_two_containers_step32kb_32_to_1024,0,393216,24,1,bench2-fn-b,bench2-fn-b,1,27799981,1000000000,27799981,50,758877583640,758905383621
proto_two_containers_step32kb_32_to_1024,0,393216,25,1,bench2-fn-a,bench2-fn-a,1,28459537,1000000000,28459537,50,758906931399,758935390936
proto_two_containers_step32kb_32_to_1024,0,393216,26,1,bench2-fn-b,bench2-fn-b,1,30150204,1000000000,30150204,50,758936635010,758966785214
proto_two_containers_step32kb_32_to_1024,0,393216,27,1,bench2-fn-a,bench2-fn-a,1,27352167,1000000000,27352167,50,758967874806,758995226973
proto_two_containers_step32kb_32_to_1024,0,393216,28,1,bench2-fn-b,bench2-fn-b,1,28216203,1000000000,28216203,50,758996876492,759025092695
proto_two_containers_step32kb_32_to_1024,0,393216,29,1,bench2-fn-a,bench2-fn-a,1,27404444,1000000000,27404444,50,759026352992,759053757436
proto_two_containers_step32kb_32_to_1024,0,393216,30,1,bench2-fn-b,bench2-fn-b,1,28149111,1000000000,28149111,50,759055339140,759083488251
proto_two_containers_step32kb_32_to_1024,0,393216,31,1,bench2-fn-a,bench2-fn-a,1,27324926,1000000000,27324926,50,759084874732,759112199658
proto_two_containers_step32kb_32_to_1024,0,393216,32,1,bench2-fn-b,bench2-fn-b,1,29870648,1000000000,29870648,50,759113578529,759143449177
proto_two_containers_step32kb_32_to_1024,0,393216,33,1,bench2-fn-a,bench2-fn-a,1,27426056,1000000000,27426056,50,759144619954,759172046010
proto_two_containers_step32kb_32_to_1024,0,393216,34,1,bench2-fn-b,bench2-fn-b,1,28393055,1000000000,28393055,50,759173209029,759201602084
proto_two_containers_step32kb_32_to_1024,0,393216,35,1,bench2-fn-a,bench2-fn-a,1,27493056,1000000000,27493056,50,759202846973,759230340029
proto_two_containers_step32kb_32_to_1024,0,393216,36,1,bench2-fn-b,bench2-fn-b,1,27861555,1000000000,27861555,50,759232133862,759259995417
proto_two_containers_step32kb_32_to_1024,0,393216,37,1,bench2-fn-a,bench2-fn-a,1,27927611,1000000000,27927611,50,759261600362,759289527973
proto_two_containers_step32kb_32_to_1024,0,393216,38,1,bench2-fn-b,bench2-fn-b,1,28146778,1000000000,28146778,50,759290987862,759319134640
proto_two_containers_step32kb_32_to_1024,0,393216,39,1,bench2-fn-a,bench2-fn-a,1,28437445,1000000000,28437445,50,759320324843,759348762288
proto_two_containers_step32kb_32_to_1024,0,393216,40,1,bench2-fn-b,bench2-fn-b,1,29674074,1000000000,29674074,50,759349948454,759379622528
proto_two_containers_step32kb_32_to_1024,0,393216,41,1,bench2-fn-a,bench2-fn-a,1,30368759,1000000000,30368759,50,759381147788,759411516547
proto_two_containers_step32kb_32_to_1024,0,393216,42,1,bench2-fn-b,bench2-fn-b,1,29238574,1000000000,29238574,50,759413656973,759442895547
proto_two_containers_step32kb_32_to_1024,0,393216,43,1,bench2-fn-a,bench2-fn-a,1,27347630,1000000000,27347630,50,759444255954,759471603584
proto_two_containers_step32kb_32_to_1024,0,393216,44,1,bench2-fn-b,bench2-fn-b,1,27722685,1000000000,27722685,50,759473151899,759500874584
proto_two_containers_step32kb_32_to_1024,0,393216,45,1,bench2-fn-a,bench2-fn-a,1,27466056,1000000000,27466056,50,759502086843,759529552899
proto_two_containers_step32kb_32_to_1024,0,393216,46,1,bench2-fn-b,bench2-fn-b,1,27587333,1000000000,27587333,50,759530710788,759558298121
proto_two_containers_step32kb_32_to_1024,0,393216,47,1,bench2-fn-a,bench2-fn-a,1,27582963,1000000000,27582963,50,759559905806,759587488769
proto_two_containers_step32kb_32_to_1024,0,393216,48,1,bench2-fn-b,bench2-fn-b,1,29836241,1000000000,29836241,50,759588919028,759618755269
proto_two_containers_step32kb_32_to_1024,0,393216,49,1,bench2-fn-a,bench2-fn-a,1,28204074,1000000000,28204074,50,759620235788,759648439862
proto_two_containers_step32kb_32_to_1024,0,393216,50,1,bench2-fn-b,bench2-fn-b,1,29903870,1000000000,29903870,50,759649530436,759679434306
proto_two_containers_step32kb_32_to_1024,0,425984,1,1,bench2-fn-a,bench2-fn-a,0,39615981,1000000000,39615981,50,759776465084,759816081065
proto_two_containers_step32kb_32_to_1024,0,425984,2,1,bench2-fn-b,bench2-fn-b,1,30860000,1000000000,30860000,50,759817775769,759848635769
proto_two_containers_step32kb_32_to_1024,0,425984,3,1,bench2-fn-a,bench2-fn-a,1,32146166,1000000000,32146166,50,759849743010,759881889176
proto_two_containers_step32kb_32_to_1024,0,425984,4,1,bench2-fn-b,bench2-fn-b,1,30874722,1000000000,30874722,50,759883000306,759913875028
proto_two_containers_step32kb_32_to_1024,0,425984,5,1,bench2-fn-a,bench2-fn-a,1,30834593,1000000000,30834593,50,759915258139,759946092732
proto_two_containers_step32kb_32_to_1024,0,425984,6,1,bench2-fn-b,bench2-fn-b,1,31408518,1000000000,31408518,50,759948110880,759979519398
proto_two_containers_step32kb_32_to_1024,0,425984,7,1,bench2-fn-a,bench2-fn-a,1,30393815,1000000000,30393815,50,759981138732,760011532547
proto_two_containers_step32kb_32_to_1024,0,425984,8,1,bench2-fn-b,bench2-fn-b,1,30123685,1000000000,30123685,50,760013261732,760043385417
proto_two_containers_step32kb_32_to_1024,0,425984,9,1,bench2-fn-a,bench2-fn-a,1,29484037,1000000000,29484037,50,760044860565,760074344602
proto_two_containers_step32kb_32_to_1024,0,425984,10,1,bench2-fn-b,bench2-fn-b,1,29494129,1000000000,29494129,50,760075670584,760105164713
proto_two_containers_step32kb_32_to_1024,0,425984,11,1,bench2-fn-a,bench2-fn-a,1,31158222,1000000000,31158222,50,760106600269,760137758491
proto_two_containers_step32kb_32_to_1024,0,425984,12,1,bench2-fn-b,bench2-fn-b,1,29995296,1000000000,29995296,50,760139165602,760169160898
proto_two_containers_step32kb_32_to_1024,0,425984,13,1,bench2-fn-a,bench2-fn-a,1,31612296,1000000000,31612296,50,760173463380,760205075676
proto_two_containers_step32kb_32_to_1024,0,425984,14,1,bench2-fn-b,bench2-fn-b,1,31457278,1000000000,31457278,50,760209129972,760240587250
proto_two_containers_step32kb_32_to_1024,0,425984,15,1,bench2-fn-a,bench2-fn-a,1,32087167,1000000000,32087167,50,760245043713,760277130880
proto_two_containers_step32kb_32_to_1024,0,425984,16,1,bench2-fn-b,bench2-fn-b,1,32959167,1000000000,32959167,50,760279318639,760312277806
proto_two_containers_step32kb_32_to_1024,0,425984,17,1,bench2-fn-a,bench2-fn-a,1,32548482,1000000000,32548482,50,760314635435,760347183917
proto_two_containers_step32kb_32_to_1024,0,425984,18,1,bench2-fn-b,bench2-fn-b,1,32517481,1000000000,32517481,50,760348777213,760381294694
proto_two_containers_step32kb_32_to_1024,0,425984,19,1,bench2-fn-a,bench2-fn-a,1,29546593,1000000000,29546593,50,760382564546,760412111139
proto_two_containers_step32kb_32_to_1024,0,425984,20,1,bench2-fn-b,bench2-fn-b,1,33294833,1000000000,33294833,50,760413441824,760446736657
proto_two_containers_step32kb_32_to_1024,0,425984,21,1,bench2-fn-a,bench2-fn-a,1,30068722,1000000000,30068722,50,760448321176,760478389898
proto_two_containers_step32kb_32_to_1024,0,425984,22,1,bench2-fn-b,bench2-fn-b,1,32673240,1000000000,32673240,50,760484029954,760516703194
proto_two_containers_step32kb_32_to_1024,0,425984,23,1,bench2-fn-a,bench2-fn-a,1,33002518,1000000000,33002518,50,760521686491,760554689009
proto_two_containers_step32kb_32_to_1024,0,425984,24,1,bench2-fn-b,bench2-fn-b,1,32256926,1000000000,32256926,50,760560377861,760592634787
proto_two_containers_step32kb_32_to_1024,0,425984,25,1,bench2-fn-a,bench2-fn-a,1,32140203,1000000000,32140203,50,760593891417,760626031620
proto_two_containers_step32kb_32_to_1024,0,425984,26,1,bench2-fn-b,bench2-fn-b,1,29520704,1000000000,29520704,50,760627256176,760656776880
proto_two_containers_step32kb_32_to_1024,0,425984,27,1,bench2-fn-a,bench2-fn-a,1,29661185,1000000000,29661185,50,760658088287,760687749472
proto_two_containers_step32kb_32_to_1024,0,425984,28,1,bench2-fn-b,bench2-fn-b,1,32551278,1000000000,32551278,50,760689010083,760721561361
proto_two_containers_step32kb_32_to_1024,0,425984,29,1,bench2-fn-a,bench2-fn-a,1,30146630,1000000000,30146630,50,760723516546,760753663176
proto_two_containers_step32kb_32_to_1024,0,425984,30,1,bench2-fn-b,bench2-fn-b,1,30332574,1000000000,30332574,50,760755109935,760785442509
proto_two_containers_step32kb_32_to_1024,0,425984,31,1,bench2-fn-a,bench2-fn-a,1,30345389,1000000000,30345389,50,760786913046,760817258435
proto_two_containers_step32kb_32_to_1024,0,425984,32,1,bench2-fn-b,bench2-fn-b,1,30446815,1000000000,30446815,50,760818575768,760849022583
proto_two_containers_step32kb_32_to_1024,0,425984,33,1,bench2-fn-a,bench2-fn-a,1,32445723,1000000000,32445723,50,760850163953,760882609676
proto_two_containers_step32kb_32_to_1024,0,425984,34,1,bench2-fn-b,bench2-fn-b,1,34448518,1000000000,34448518,50,760883979065,760918427583
proto_two_containers_step32kb_32_to_1024,0,425984,35,1,bench2-fn-a,bench2-fn-a,1,29584944,1000000000,29584944,50,760919700065,760949285009
proto_two_containers_step32kb_32_to_1024,0,425984,36,1,bench2-fn-b,bench2-fn-b,1,31425315,1000000000,31425315,50,760950863527,760982288842
proto_two_containers_step32kb_32_to_1024,0,425984,37,1,bench2-fn-a,bench2-fn-a,1,32026537,1000000000,32026537,50,760983383768,761015410305
proto_two_containers_step32kb_32_to_1024,0,425984,38,1,bench2-fn-b,bench2-fn-b,1,29423851,1000000000,29423851,50,761016761602,761046185453
proto_two_containers_step32kb_32_to_1024,0,425984,39,1,bench2-fn-a,bench2-fn-a,1,31629648,1000000000,31629648,50,761047902083,761079531731
proto_two_containers_step32kb_32_to_1024,0,425984,40,1,bench2-fn-b,bench2-fn-b,1,30486759,1000000000,30486759,50,761081078768,761111565527
proto_two_containers_step32kb_32_to_1024,0,425984,41,1,bench2-fn-a,bench2-fn-a,1,29461129,1000000000,29461129,50,761113019176,761142480305
proto_two_containers_step32kb_32_to_1024,0,425984,42,1,bench2-fn-b,bench2-fn-b,1,29246889,1000000000,29246889,50,761143985546,761173232435
proto_two_containers_step32kb_32_to_1024,0,425984,43,1,bench2-fn-a,bench2-fn-a,1,30130204,1000000000,30130204,50,761174710879,761204841083
proto_two_containers_step32kb_32_to_1024,0,425984,44,1,bench2-fn-b,bench2-fn-b,1,29146482,1000000000,29146482,50,761205967879,761235114361
proto_two_containers_step32kb_32_to_1024,0,425984,45,1,bench2-fn-a,bench2-fn-a,1,29325870,1000000000,29325870,50,761236327898,761265653768
proto_two_containers_step32kb_32_to_1024,0,425984,46,1,bench2-fn-b,bench2-fn-b,1,30028611,1000000000,30028611,50,761267131250,761297159861
proto_two_containers_step32kb_32_to_1024,0,425984,47,1,bench2-fn-a,bench2-fn-a,1,29379019,1000000000,29379019,50,761298404379,761327783398
proto_two_containers_step32kb_32_to_1024,0,425984,48,1,bench2-fn-b,bench2-fn-b,1,31889704,1000000000,31889704,50,761329488564,761361378268
proto_two_containers_step32kb_32_to_1024,0,425984,49,1,bench2-fn-a,bench2-fn-a,1,30439555,1000000000,30439555,50,761362532935,761392972490
proto_two_containers_step32kb_32_to_1024,0,425984,50,1,bench2-fn-b,bench2-fn-b,1,30234389,1000000000,30234389,50,761394241286,761424475675
proto_two_containers_step32kb_32_to_1024,0,458752,1,1,bench2-fn-a,bench2-fn-a,0,38646407,1000000000,38646407,50,761523376379,761562022786
proto_two_containers_step32kb_32_to_1024,0,458752,2,1,bench2-fn-b,bench2-fn-b,1,33783019,1000000000,33783019,50,761563433990,761597217009
proto_two_containers_step32kb_32_to_1024,0,458752,3,1,bench2-fn-a,bench2-fn-a,1,33087574,1000000000,33087574,50,761598406212,761631493786
proto_two_containers_step32kb_32_to_1024,0,458752,4,1,bench2-fn-b,bench2-fn-b,1,34028852,1000000000,34028852,50,761632641342,761666670194
proto_two_containers_step32kb_32_to_1024,0,458752,5,1,bench2-fn-a,bench2-fn-a,1,32603870,1000000000,32603870,50,761668360546,761700964416
proto_two_containers_step32kb_32_to_1024,0,458752,6,1,bench2-fn-b,bench2-fn-b,1,31772223,1000000000,31772223,50,761702238471,761734010694
proto_two_containers_step32kb_32_to_1024,0,458752,7,1,bench2-fn-a,bench2-fn-a,1,32242482,1000000000,32242482,50,761735330434,761767572916
proto_two_containers_step32kb_32_to_1024,0,458752,8,1,bench2-fn-b,bench2-fn-b,1,31770167,1000000000,31770167,50,761768828027,761800598194
proto_two_containers_step32kb_32_to_1024,0,458752,9,1,bench2-fn-a,bench2-fn-a,1,31797352,1000000000,31797352,50,761801841805,761833639157
proto_two_containers_step32kb_32_to_1024,0,458752,10,1,bench2-fn-b,bench2-fn-b,1,33958648,1000000000,33958648,50,761834960934,761868919582
proto_two_containers_step32kb_32_to_1024,0,458752,11,1,bench2-fn-a,bench2-fn-a,1,31903889,1000000000,31903889,50,761870470397,761902374286
proto_two_containers_step32kb_32_to_1024,0,458752,12,1,bench2-fn-b,bench2-fn-b,1,32591945,1000000000,32591945,50,761903765360,761936357305
proto_two_containers_step32kb_32_to_1024,0,458752,13,1,bench2-fn-a,bench2-fn-a,1,32493575,1000000000,32493575,50,761938078619,761970572194
proto_two_containers_step32kb_32_to_1024,0,458752,14,1,bench2-fn-b,bench2-fn-b,1,32487907,1000000000,32487907,50,761972129138,762004617045
proto_two_containers_step32kb_32_to_1024,0,458752,15,1,bench2-fn-a,bench2-fn-a,1,32791148,1000000000,32791148,50,762006827175,762039618323
proto_two_containers_step32kb_32_to_1024,0,458752,16,1,bench2-fn-b,bench2-fn-b,1,32625204,1000000000,32625204,50,762041403971,762074029175
proto_two_containers_step32kb_32_to_1024,0,458752,17,1,bench2-fn-a,bench2-fn-a,1,31982666,1000000000,31982666,50,762075381416,762107364082
proto_two_containers_step32kb_32_to_1024,0,458752,18,1,bench2-fn-b,bench2-fn-b,1,31643074,1000000000,31643074,50,762108616508,762140259582
proto_two_containers_step32kb_32_to_1024,0,458752,19,1,bench2-fn-a,bench2-fn-a,1,31914629,1000000000,31914629,50,762141486638,762173401267
proto_two_containers_step32kb_32_to_1024,0,458752,20,1,bench2-fn-b,bench2-fn-b,1,31961944,1000000000,31961944,50,762174717638,762206679582
proto_two_containers_step32kb_32_to_1024,0,458752,21,1,bench2-fn-a,bench2-fn-a,1,31778759,1000000000,31778759,50,762207849860,762239628619
proto_two_containers_step32kb_32_to_1024,0,458752,22,1,bench2-fn-b,bench2-fn-b,1,31986815,1000000000,31986815,50,762240935471,762272922286
proto_two_containers_step32kb_32_to_1024,0,458752,23,1,bench2-fn-a,bench2-fn-a,1,33235759,1000000000,33235759,50,762274358953,762307594712
proto_two_containers_step32kb_32_to_1024,0,458752,24,1,bench2-fn-b,bench2-fn-b,1,31785722,1000000000,31785722,50,762309000008,762340785730
proto_two_containers_step32kb_32_to_1024,0,458752,25,1,bench2-fn-a,bench2-fn-a,1,33428334,1000000000,33428334,50,762341951304,762375379638
proto_two_containers_step32kb_32_to_1024,0,458752,26,1,bench2-fn-b,bench2-fn-b,1,31879611,1000000000,31879611,50,762376608786,762408488397
proto_two_containers_step32kb_32_to_1024,0,458752,27,1,bench2-fn-a,bench2-fn-a,1,32240685,1000000000,32240685,50,762410076582,762442317267
proto_two_containers_step32kb_32_to_1024,0,458752,28,1,bench2-fn-b,bench2-fn-b,1,31853463,1000000000,31853463,50,762443545786,762475399249
proto_two_containers_step32kb_32_to_1024,0,458752,29,1,bench2-fn-a,bench2-fn-a,1,31832741,1000000000,31832741,50,762476600267,762508433008
proto_two_containers_step32kb_32_to_1024,0,458752,30,1,bench2-fn-b,bench2-fn-b,1,31727407,1000000000,31727407,50,762509689638,762541417045
proto_two_containers_step32kb_32_to_1024,0,458752,31,1,bench2-fn-a,bench2-fn-a,1,31836648,1000000000,31836648,50,762542633267,762574469915
proto_two_containers_step32kb_32_to_1024,0,458752,32,1,bench2-fn-b,bench2-fn-b,1,33761703,1000000000,33761703,50,762576013823,762609775526
proto_two_containers_step32kb_32_to_1024,0,458752,33,1,bench2-fn-a,bench2-fn-a,1,32485186,1000000000,32485186,50,762611166378,762643651564
proto_two_containers_step32kb_32_to_1024,0,458752,34,1,bench2-fn-b,bench2-fn-b,1,32551741,1000000000,32551741,50,762645792267,762678344008
proto_two_containers_step32kb_32_to_1024,0,458752,35,1,bench2-fn-a,bench2-fn-a,1,34375704,1000000000,34375704,50,762680333267,762714708971
proto_two_containers_step32kb_32_to_1024,0,458752,36,1,bench2-fn-b,bench2-fn-b,1,31655815,1000000000,31655815,50,762716022267,762747678082
proto_two_containers_step32kb_32_to_1024,0,458752,37,1,bench2-fn-a,bench2-fn-a,1,32331463,1000000000,32331463,50,762749864767,762782196230
proto_two_containers_step32kb_32_to_1024,0,458752,38,1,bench2-fn-b,bench2-fn-b,1,34460111,1000000000,34460111,50,762783492286,762817952397
proto_two_containers_step32kb_32_to_1024,0,458752,39,1,bench2-fn-a,bench2-fn-a,1,32321278,1000000000,32321278,50,762819964582,762852285860
proto_two_containers_step32kb_32_to_1024,0,458752,40,1,bench2-fn-b,bench2-fn-b,1,32353130,1000000000,32353130,50,762854132267,762886485397
proto_two_containers_step32kb_32_to_1024,0,458752,41,1,bench2-fn-a,bench2-fn-a,1,32459130,1000000000,32459130,50,762888614915,762921074045
proto_two_containers_step32kb_32_to_1024,0,458752,42,1,bench2-fn-b,bench2-fn-b,1,32354703,1000000000,32354703,50,762922715971,762955070674
proto_two_containers_step32kb_32_to_1024,0,458752,43,1,bench2-fn-a,bench2-fn-a,1,31606815,1000000000,31606815,50,762956457674,762988064489
proto_two_containers_step32kb_32_to_1024,0,458752,44,1,bench2-fn-b,bench2-fn-b,1,32646388,1000000000,32646388,50,762989352323,763021998711
proto_two_containers_step32kb_32_to_1024,0,458752,45,1,bench2-fn-a,bench2-fn-a,1,34102963,1000000000,34102963,50,763023115656,763057218619
proto_two_containers_step32kb_32_to_1024,0,458752,46,1,bench2-fn-b,bench2-fn-b,1,32294463,1000000000,32294463,50,763058417508,763090711971
proto_two_containers_step32kb_32_to_1024,0,458752,47,1,bench2-fn-a,bench2-fn-a,1,31868814,1000000000,31868814,50,763091884434,763123753248
proto_two_containers_step32kb_32_to_1024,0,458752,48,1,bench2-fn-b,bench2-fn-b,1,32871518,1000000000,32871518,50,763125038860,763157910378
proto_two_containers_step32kb_32_to_1024,0,458752,49,1,bench2-fn-a,bench2-fn-a,1,32808148,1000000000,32808148,50,763159378008,763192186156
proto_two_containers_step32kb_32_to_1024,0,458752,50,1,bench2-fn-b,bench2-fn-b,1,31939408,1000000000,31939408,50,763193433100,763225372508
proto_two_containers_step32kb_32_to_1024,0,491520,1,1,bench2-fn-a,bench2-fn-a,0,40646296,1000000000,40646296,50,763320839526,763361485822
proto_two_containers_step32kb_32_to_1024,0,491520,2,1,bench2-fn-b,bench2-fn-b,1,35326648,1000000000,35326648,50,763362658378,763397985026
proto_two_containers_step32kb_32_to_1024,0,491520,3,1,bench2-fn-a,bench2-fn-a,1,35104075,1000000000,35104075,50,763399448970,763434553045
proto_two_containers_step32kb_32_to_1024,0,491520,4,1,bench2-fn-b,bench2-fn-b,1,34219129,1000000000,34219129,50,763435978656,763470197785
proto_two_containers_step32kb_32_to_1024,0,491520,5,1,bench2-fn-a,bench2-fn-a,1,36509463,1000000000,36509463,50,763471577119,763508086582
proto_two_containers_step32kb_32_to_1024,0,491520,6,1,bench2-fn-b,bench2-fn-b,1,34742648,1000000000,34742648,50,763509234933,763543977581
proto_two_containers_step32kb_32_to_1024,0,491520,7,1,bench2-fn-a,bench2-fn-a,1,35401259,1000000000,35401259,50,763546157952,763581559211
proto_two_containers_step32kb_32_to_1024,0,491520,8,1,bench2-fn-b,bench2-fn-b,1,34010945,1000000000,34010945,50,763583033970,763617044915
proto_two_containers_step32kb_32_to_1024,0,491520,9,1,bench2-fn-a,bench2-fn-a,1,35127592,1000000000,35127592,50,763618306193,763653433785
proto_two_containers_step32kb_32_to_1024,0,491520,10,1,bench2-fn-b,bench2-fn-b,1,36987556,1000000000,36987556,50,763657615081,763694602637
proto_two_containers_step32kb_32_to_1024,0,491520,11,1,bench2-fn-a,bench2-fn-a,1,37144314,1000000000,37144314,50,763699529804,763736674118
proto_two_containers_step32kb_32_to_1024,0,491520,12,1,bench2-fn-b,bench2-fn-b,1,37234130,1000000000,37234130,50,763738372933,763775607063
proto_two_containers_step32kb_32_to_1024,0,491520,13,1,bench2-fn-a,bench2-fn-a,1,36265518,1000000000,36265518,50,763777012841,763813278359
proto_two_containers_step32kb_32_to_1024,0,491520,14,1,bench2-fn-b,bench2-fn-b,1,36248722,1000000000,36248722,50,763815453285,763851702007
proto_two_containers_step32kb_32_to_1024,0,491520,15,1,bench2-fn-a,bench2-fn-a,1,38034407,1000000000,38034407,50,763853457526,763891491933
proto_two_containers_step32kb_32_to_1024,0,491520,16,1,bench2-fn-b,bench2-fn-b,1,34229166,1000000000,34229166,50,763893121063,763927350229
proto_two_containers_step32kb_32_to_1024,0,491520,17,1,bench2-fn-a,bench2-fn-a,1,35325223,1000000000,35325223,50,763929134618,763964459841
proto_two_containers_step32kb_32_to_1024,0,491520,18,1,bench2-fn-b,bench2-fn-b,1,36122278,1000000000,36122278,50,763967570600,764003692878
proto_two_containers_step32kb_32_to_1024,0,491520,19,1,bench2-fn-a,bench2-fn-a,1,33996315,1000000000,33996315,50,764004891840,764038888155
proto_two_containers_step32kb_32_to_1024,0,491520,20,1,bench2-fn-b,bench2-fn-b,1,33990408,1000000000,33990408,50,764040020340,764074010748
proto_two_containers_step32kb_32_to_1024,0,491520,21,1,bench2-fn-a,bench2-fn-a,1,34250278,1000000000,34250278,50,764075563081,764109813359
proto_two_containers_step32kb_32_to_1024,0,491520,22,1,bench2-fn-b,bench2-fn-b,1,34812278,1000000000,34812278,50,764111901285,764146713563
proto_two_containers_step32kb_32_to_1024,0,491520,23,1,bench2-fn-a,bench2-fn-a,1,33895092,1000000000,33895092,50,764148071748,764181966840
proto_two_containers_step32kb_32_to_1024,0,491520,24,1,bench2-fn-b,bench2-fn-b,1,34899500,1000000000,34899500,50,764183426544,764218326044
proto_two_containers_step32kb_32_to_1024,0,491520,25,1,bench2-fn-a,bench2-fn-a,1,34107444,1000000000,34107444,50,764219489896,764253597340
proto_two_containers_step32kb_32_to_1024,0,491520,26,1,bench2-fn-b,bench2-fn-b,1,34232407,1000000000,34232407,50,764254988970,764289221377
proto_two_containers_step32kb_32_to_1024,0,491520,27,1,bench2-fn-a,bench2-fn-a,1,33966834,1000000000,33966834,50,764290399988,764324366822
proto_two_containers_step32kb_32_to_1024,0,491520,28,1,bench2-fn-b,bench2-fn-b,1,35328130,1000000000,35328130,50,764325714414,764361042544
proto_two_containers_step32kb_32_to_1024,0,491520,29,1,bench2-fn-a,bench2-fn-a,1,34081722,1000000000,34081722,50,764362150470,764396232192
proto_two_containers_step32kb_32_to_1024,0,491520,30,1,bench2-fn-b,bench2-fn-b,1,33813704,1000000000,33813704,50,764397509525,764431323229
proto_two_containers_step32kb_32_to_1024,0,491520,31,1,bench2-fn-a,bench2-fn-a,1,33816574,1000000000,33816574,50,764432649581,764466466155
proto_two_containers_step32kb_32_to_1024,0,491520,32,1,bench2-fn-b,bench2-fn-b,1,33875148,1000000000,33875148,50,764467549785,764501424933
proto_two_containers_step32kb_32_to_1024,0,491520,33,1,bench2-fn-a,bench2-fn-a,1,36373500,1000000000,36373500,50,764506024248,764542397748
proto_two_containers_step32kb_32_to_1024,0,491520,34,1,bench2-fn-b,bench2-fn-b,1,36339685,1000000000,36339685,50,764543754544,764580094229
proto_two_containers_step32kb_32_to_1024,0,491520,35,1,bench2-fn-a,bench2-fn-a,1,34110278,1000000000,34110278,50,764581323099,764615433377
proto_two_containers_step32kb_32_to_1024,0,491520,36,1,bench2-fn-b,bench2-fn-b,1,35098925,1000000000,35098925,50,764616886822,764651985747
proto_two_containers_step32kb_32_to_1024,0,491520,37,1,bench2-fn-a,bench2-fn-a,1,36548333,1000000000,36548333,50,764653441766,764689990099
proto_two_containers_step32kb_32_to_1024,0,491520,38,1,bench2-fn-b,bench2-fn-b,1,37067648,1000000000,37067648,50,764695636099,764732703747
proto_two_containers_step32kb_32_to_1024,0,491520,39,1,bench2-fn-a,bench2-fn-a,1,37318741,1000000000,37318741,50,764738695988,764776014729
proto_two_containers_step32kb_32_to_1024,0,491520,40,1,bench2-fn-b,bench2-fn-b,1,35137388,1000000000,35137388,50,764778049433,764813186821
proto_two_containers_step32kb_32_to_1024,0,491520,41,1,bench2-fn-a,bench2-fn-a,1,33963277,1000000000,33963277,50,764814251507,764848214784
proto_two_containers_step32kb_32_to_1024,0,491520,42,1,bench2-fn-b,bench2-fn-b,1,35140722,1000000000,35140722,50,764849670803,764884811525
proto_two_containers_step32kb_32_to_1024,0,491520,43,1,bench2-fn-a,bench2-fn-a,1,35921796,1000000000,35921796,50,764886005025,764921926821
proto_two_containers_step32kb_32_to_1024,0,491520,44,1,bench2-fn-b,bench2-fn-b,1,33909260,1000000000,33909260,50,764923169247,764957078507
proto_two_containers_step32kb_32_to_1024,0,491520,45,1,bench2-fn-a,bench2-fn-a,1,34190074,1000000000,34190074,50,764958496155,764992686229
proto_two_containers_step32kb_32_to_1024,0,491520,46,1,bench2-fn-b,bench2-fn-b,1,34708704,1000000000,34708704,50,764994060377,765028769081
proto_two_containers_step32kb_32_to_1024,0,491520,47,1,bench2-fn-a,bench2-fn-a,1,40205760,1000000000,40205760,50,765031035469,765071241229
proto_two_containers_step32kb_32_to_1024,0,491520,48,1,bench2-fn-b,bench2-fn-b,1,36371963,1000000000,36371963,50,765073373284,765109745247
proto_two_containers_step32kb_32_to_1024,0,491520,49,1,bench2-fn-a,bench2-fn-a,1,36258444,1000000000,36258444,50,765111086914,765147345358
proto_two_containers_step32kb_32_to_1024,0,491520,50,1,bench2-fn-b,bench2-fn-b,1,37401629,1000000000,37401629,50,765148518266,765185919895
proto_two_containers_step32kb_32_to_1024,0,524288,1,1,bench2-fn-a,bench2-fn-a,0,40087666,1000000000,40087666,50,765281931766,765322019432
proto_two_containers_step32kb_32_to_1024,0,524288,2,1,bench2-fn-b,bench2-fn-b,1,38027018,1000000000,38027018,50,765325947599,765363974617
proto_two_containers_step32kb_32_to_1024,0,524288,3,1,bench2-fn-a,bench2-fn-a,1,40705778,1000000000,40705778,50,765366416117,765407121895
proto_two_containers_step32kb_32_to_1024,0,524288,4,1,bench2-fn-b,bench2-fn-b,1,37553407,1000000000,37553407,50,765409567229,765447120636
proto_two_containers_step32kb_32_to_1024,0,524288,5,1,bench2-fn-a,bench2-fn-a,1,36653185,1000000000,36653185,50,765448984673,765485637858
proto_two_containers_step32kb_32_to_1024,0,524288,6,1,bench2-fn-b,bench2-fn-b,1,35926500,1000000000,35926500,50,765487215562,765523142062
proto_two_containers_step32kb_32_to_1024,0,524288,7,1,bench2-fn-a,bench2-fn-a,1,35707444,1000000000,35707444,50,765524479840,765560187284
proto_two_containers_step32kb_32_to_1024,0,524288,8,1,bench2-fn-b,bench2-fn-b,1,35887315,1000000000,35887315,50,765561324099,765597211414
proto_two_containers_step32kb_32_to_1024,0,524288,9,1,bench2-fn-a,bench2-fn-a,1,37073352,1000000000,37073352,50,765598559636,765635632988
proto_two_containers_step32kb_32_to_1024,0,524288,10,1,bench2-fn-b,bench2-fn-b,1,37818740,1000000000,37818740,50,765637536062,765675354802
proto_two_containers_step32kb_32_to_1024,0,524288,11,1,bench2-fn-a,bench2-fn-a,1,36206407,1000000000,36206407,50,765676515358,765712721765
proto_two_containers_step32kb_32_to_1024,0,524288,12,1,bench2-fn-b,bench2-fn-b,1,35833185,1000000000,35833185,50,765713771432,765749604617
proto_two_containers_step32kb_32_to_1024,0,524288,13,1,bench2-fn-a,bench2-fn-a,1,35966555,1000000000,35966555,50,765750883025,765786849580
proto_two_containers_step32kb_32_to_1024,0,524288,14,1,bench2-fn-b,bench2-fn-b,1,36812778,1000000000,36812778,50,765788879580,765825692358
proto_two_containers_step32kb_32_to_1024,0,524288,15,1,bench2-fn-a,bench2-fn-a,1,35695648,1000000000,35695648,50,765826907080,765862602728
proto_two_containers_step32kb_32_to_1024,0,524288,16,1,bench2-fn-b,bench2-fn-b,1,36656629,1000000000,36656629,50,765863705136,765900361765
proto_two_containers_step32kb_32_to_1024,0,524288,17,1,bench2-fn-a,bench2-fn-a,1,37703926,1000000000,37703926,50,765902148080,765939852006
proto_two_containers_step32kb_32_to_1024,0,524288,18,1,bench2-fn-b,bench2-fn-b,1,37097963,1000000000,37097963,50,765942228210,765979326173
proto_two_containers_step32kb_32_to_1024,0,524288,19,1,bench2-fn-a,bench2-fn-a,1,235834852,1000000000,235834852,50,765980808691,766216643543
proto_two_containers_step32kb_32_to_1024,0,524288,20,1,bench2-fn-b,bench2-fn-b,1,42353481,1000000000,42353481,50,766218136321,766260489802
proto_two_containers_step32kb_32_to_1024,0,524288,21,1,bench2-fn-a,bench2-fn-a,1,38842760,1000000000,38842760,50,766261957987,766300800747
proto_two_containers_step32kb_32_to_1024,0,524288,22,1,bench2-fn-b,bench2-fn-b,1,35839130,1000000000,35839130,50,766302045172,766337884302
proto_two_containers_step32kb_32_to_1024,0,524288,23,1,bench2-fn-a,bench2-fn-a,1,37378889,1000000000,37378889,50,766339742598,766377121487
proto_two_containers_step32kb_32_to_1024,0,524288,24,1,bench2-fn-b,bench2-fn-b,1,35751167,1000000000,35751167,50,766378362876,766414114043
proto_two_containers_step32kb_32_to_1024,0,524288,25,1,bench2-fn-a,bench2-fn-a,1,36639037,1000000000,36639037,50,766415605376,766452244413
proto_two_containers_step32kb_32_to_1024,0,524288,26,1,bench2-fn-b,bench2-fn-b,1,36323463,1000000000,36323463,50,766453349728,766489673191
proto_two_containers_step32kb_32_to_1024,0,524288,27,1,bench2-fn-a,bench2-fn-a,1,35940130,1000000000,35940130,50,766490816765,766526756895
proto_two_containers_step32kb_32_to_1024,0,524288,28,1,bench2-fn-b,bench2-fn-b,1,35803852,1000000000,35803852,50,766527837950,766563641802
proto_two_containers_step32kb_32_to_1024,0,524288,29,1,bench2-fn-a,bench2-fn-a,1,35882834,1000000000,35882834,50,766564823820,766600706654
proto_two_containers_step32kb_32_to_1024,0,524288,30,1,bench2-fn-b,bench2-fn-b,1,36417426,1000000000,36417426,50,766602089765,766638507191
proto_two_containers_step32kb_32_to_1024,0,524288,31,1,bench2-fn-a,bench2-fn-a,1,36915204,1000000000,36915204,50,766641415672,766678330876
proto_two_containers_step32kb_32_to_1024,0,524288,32,1,bench2-fn-b,bench2-fn-b,1,35874481,1000000000,35874481,50,766679622450,766715496931
proto_two_containers_step32kb_32_to_1024,0,524288,33,1,bench2-fn-a,bench2-fn-a,1,35794722,1000000000,35794722,50,766716807672,766752602394
proto_two_containers_step32kb_32_to_1024,0,524288,34,1,bench2-fn-b,bench2-fn-b,1,35894889,1000000000,35894889,50,766753996728,766789891617
proto_two_containers_step32kb_32_to_1024,0,524288,35,1,bench2-fn-a,bench2-fn-a,1,35923722,1000000000,35923722,50,766791049950,766826973672
proto_two_containers_step32kb_32_to_1024,0,524288,36,1,bench2-fn-b,bench2-fn-b,1,36466075,1000000000,36466075,50,766828545042,766865011117
proto_two_containers_step32kb_32_to_1024,0,524288,37,1,bench2-fn-a,bench2-fn-a,1,36030445,1000000000,36030445,50,766866086246,766902116691
proto_two_containers_step32kb_32_to_1024,0,524288,38,1,bench2-fn-b,bench2-fn-b,1,36663926,1000000000,36663926,50,766903699191,766940363117
proto_two_containers_step32kb_32_to_1024,0,524288,39,1,bench2-fn-a,bench2-fn-a,1,35801666,1000000000,35801666,50,766941830302,766977631968
proto_two_containers_step32kb_32_to_1024,0,524288,40,1,bench2-fn-b,bench2-fn-b,1,38609334,1000000000,38609334,50,766978695616,767017304950
proto_two_containers_step32kb_32_to_1024,0,524288,41,1,bench2-fn-a,bench2-fn-a,1,36083667,1000000000,36083667,50,767018510209,767054593876
proto_two_containers_step32kb_32_to_1024,0,524288,42,1,bench2-fn-b,bench2-fn-b,1,38152037,1000000000,38152037,50,767055986339,767094138376
proto_two_containers_step32kb_32_to_1024,0,524288,43,1,bench2-fn-a,bench2-fn-a,1,36747037,1000000000,36747037,50,767095694839,767132441876
proto_two_containers_step32kb_32_to_1024,0,524288,44,1,bench2-fn-b,bench2-fn-b,1,36704685,1000000000,36704685,50,767133836913,767170541598
proto_two_containers_step32kb_32_to_1024,0,524288,45,1,bench2-fn-a,bench2-fn-a,1,36296296,1000000000,36296296,50,767172067894,767208364190
proto_two_containers_step32kb_32_to_1024,0,524288,46,1,bench2-fn-b,bench2-fn-b,1,36291056,1000000000,36291056,50,767210223894,767246514950
proto_two_containers_step32kb_32_to_1024,0,524288,47,1,bench2-fn-a,bench2-fn-a,1,35901278,1000000000,35901278,50,767247664579,767283565857
proto_two_containers_step32kb_32_to_1024,0,524288,48,1,bench2-fn-b,bench2-fn-b,1,36293852,1000000000,36293852,50,767284704079,767320997931
proto_two_containers_step32kb_32_to_1024,0,524288,49,1,bench2-fn-a,bench2-fn-a,1,37489796,1000000000,37489796,50,767322217857,767359707653
proto_two_containers_step32kb_32_to_1024,0,524288,50,1,bench2-fn-b,bench2-fn-b,1,35801982,1000000000,35801982,50,767360991116,767396793098
proto_two_containers_step32kb_32_to_1024,0,557056,1,1,bench2-fn-a,bench2-fn-a,0,45619408,1000000000,45619408,50,767489007412,767534626820
proto_two_containers_step32kb_32_to_1024,0,557056,2,1,bench2-fn-b,bench2-fn-b,1,39378074,1000000000,39378074,50,767535767098,767575145172
proto_two_containers_step32kb_32_to_1024,0,557056,3,1,bench2-fn-a,bench2-fn-a,1,38600315,1000000000,38600315,50,767576875190,767615475505
proto_two_containers_step32kb_32_to_1024,0,557056,4,1,bench2-fn-b,bench2-fn-b,1,37976833,1000000000,37976833,50,767616593931,767654570764
proto_two_containers_step32kb_32_to_1024,0,557056,5,1,bench2-fn-a,bench2-fn-a,1,38041815,1000000000,38041815,50,767655809005,767693850820
proto_two_containers_step32kb_32_to_1024,0,557056,6,1,bench2-fn-b,bench2-fn-b,1,38993759,1000000000,38993759,50,767695493616,767734487375
proto_two_containers_step32kb_32_to_1024,0,557056,7,1,bench2-fn-a,bench2-fn-a,1,38149408,1000000000,38149408,50,767735871523,767774020931
proto_two_containers_step32kb_32_to_1024,0,557056,8,1,bench2-fn-b,bench2-fn-b,1,38435166,1000000000,38435166,50,767775867709,767814302875
proto_two_containers_step32kb_32_to_1024,0,557056,9,1,bench2-fn-a,bench2-fn-a,1,38036351,1000000000,38036351,50,767815436209,767853472560
proto_two_containers_step32kb_32_to_1024,0,557056,10,1,bench2-fn-b,bench2-fn-b,1,38885333,1000000000,38885333,50,767854883468,767893768801
proto_two_containers_step32kb_32_to_1024,0,557056,11,1,bench2-fn-a,bench2-fn-a,1,38756500,1000000000,38756500,50,767895340523,767934097023
proto_two_containers_step32kb_32_to_1024,0,557056,12,1,bench2-fn-b,bench2-fn-b,1,39036333,1000000000,39036333,50,767935357431,767974393764
proto_two_containers_step32kb_32_to_1024,0,557056,13,1,bench2-fn-a,bench2-fn-a,1,38503352,1000000000,38503352,50,767976414597,768014917949
proto_two_containers_step32kb_32_to_1024,0,557056,14,1,bench2-fn-b,bench2-fn-b,1,39312426,1000000000,39312426,50,768016101949,768055414375
proto_two_containers_step32kb_32_to_1024,0,557056,15,1,bench2-fn-a,bench2-fn-a,1,39743018,1000000000,39743018,50,768056505579,768096248597
proto_two_containers_step32kb_32_to_1024,0,557056,16,1,bench2-fn-b,bench2-fn-b,1,632718925,1000000000,632718925,50,768097743505,768730462430
proto_two_containers_step32kb_32_to_1024,0,557056,17,1,bench2-fn-a,bench2-fn-a,1,39113982,1000000000,39113982,50,768732291615,768771405597
proto_two_containers_step32kb_32_to_1024,0,557056,18,1,bench2-fn-b,bench2-fn-b,1,38206166,1000000000,38206166,50,768772868838,768811075004
proto_two_containers_step32kb_32_to_1024,0,557056,19,1,bench2-fn-a,bench2-fn-a,1,37279296,1000000000,37279296,50,768812434134,768849713430
proto_two_containers_step32kb_32_to_1024,0,557056,20,1,bench2-fn-b,bench2-fn-b,1,245220592,1000000000,245220592,50,768851380060,769096600652
proto_two_containers_step32kb_32_to_1024,0,557056,21,1,bench2-fn-a,bench2-fn-a,1,42869592,1000000000,42869592,50,769100471171,769143340763
proto_two_containers_step32kb_32_to_1024,0,557056,22,1,bench2-fn-b,bench2-fn-b,1,37258241,1000000000,37258241,50,769144757152,769182015393
proto_two_containers_step32kb_32_to_1024,0,557056,23,1,bench2-fn-a,bench2-fn-a,1,37398111,1000000000,37398111,50,769183442152,769220840263
proto_two_containers_step32kb_32_to_1024,0,557056,24,1,bench2-fn-b,bench2-fn-b,1,37419759,1000000000,37419759,50,769222200578,769259620337
proto_two_containers_step32kb_32_to_1024,0,557056,25,1,bench2-fn-a,bench2-fn-a,1,37375463,1000000000,37375463,50,769260911356,769298286819
proto_two_containers_step32kb_32_to_1024,0,557056,26,1,bench2-fn-b,bench2-fn-b,1,220803130,1000000000,220803130,50,769299548226,769520351356
proto_two_containers_step32kb_32_to_1024,0,557056,27,1,bench2-fn-a,bench2-fn-a,1,42480111,1000000000,42480111,50,769521917893,769564398004
proto_two_containers_step32kb_32_to_1024,0,557056,28,1,bench2-fn-b,bench2-fn-b,1,37351093,1000000000,37351093,50,769565667985,769603019078
proto_two_containers_step32kb_32_to_1024,0,557056,29,1,bench2-fn-a,bench2-fn-a,1,38157889,1000000000,38157889,50,769604446967,769642604856
proto_two_containers_step32kb_32_to_1024,0,557056,30,1,bench2-fn-b,bench2-fn-b,1,37387019,1000000000,37387019,50,769643876985,769681264004
proto_two_containers_step32kb_32_to_1024,0,557056,31,1,bench2-fn-a,bench2-fn-a,1,39613722,1000000000,39613722,50,769682899689,769722513411
proto_two_containers_step32kb_32_to_1024,0,557056,32,1,bench2-fn-b,bench2-fn-b,1,37939889,1000000000,37939889,50,769724150004,769762089893
proto_two_containers_step32kb_32_to_1024,0,557056,33,1,bench2-fn-a,bench2-fn-a,1,40306130,1000000000,40306130,50,769763304300,769803610430
proto_two_containers_step32kb_32_to_1024,0,557056,34,1,bench2-fn-b,bench2-fn-b,1,37557666,1000000000,37557666,50,769804848393,769842406059
proto_two_containers_step32kb_32_to_1024,0,557056,35,1,bench2-fn-a,bench2-fn-a,1,38283815,1000000000,38283815,50,769843704133,769881987948
proto_two_containers_step32kb_32_to_1024,0,557056,36,1,bench2-fn-b,bench2-fn-b,1,222606092,1000000000,222606092,50,769883252467,770105858559
proto_two_containers_step32kb_32_to_1024,0,557056,37,1,bench2-fn-a,bench2-fn-a,1,43564352,1000000000,43564352,50,770108297837,770151862189
proto_two_containers_step32kb_32_to_1024,0,557056,38,1,bench2-fn-b,bench2-fn-b,1,38434611,1000000000,38434611,50,770152993374,770191427985
proto_two_containers_step32kb_32_to_1024,0,557056,39,1,bench2-fn-a,bench2-fn-a,1,37564815,1000000000,37564815,50,770192592670,770230157485
proto_two_containers_step32kb_32_to_1024,0,557056,40,1,bench2-fn-b,bench2-fn-b,1,37217389,1000000000,37217389,50,770231273985,770268491374
proto_two_containers_step32kb_32_to_1024,0,557056,41,1,bench2-fn-a,bench2-fn-a,1,40952186,1000000000,40952186,50,770269636540,770310588726
proto_two_containers_step32kb_32_to_1024,0,557056,42,1,bench2-fn-b,bench2-fn-b,1,40235426,1000000000,40235426,50,770311997707,770352233133
proto_two_containers_step32kb_32_to_1024,0,557056,43,1,bench2-fn-a,bench2-fn-a,1,219792463,1000000000,219792463,50,770353436133,770573228596
proto_two_containers_step32kb_32_to_1024,0,557056,44,1,bench2-fn-b,bench2-fn-b,1,44101222,1000000000,44101222,50,770575221985,770619323207
proto_two_containers_step32kb_32_to_1024,0,557056,45,1,bench2-fn-a,bench2-fn-a,1,37963389,1000000000,37963389,50,770620809929,770658773318
proto_two_containers_step32kb_32_to_1024,0,557056,46,1,bench2-fn-b,bench2-fn-b,1,38450500,1000000000,38450500,50,770660305855,770698756355
proto_two_containers_step32kb_32_to_1024,0,557056,47,1,bench2-fn-a,bench2-fn-a,1,223859000,1000000000,223859000,50,770700677725,770924536725
proto_two_containers_step32kb_32_to_1024,0,557056,48,1,bench2-fn-b,bench2-fn-b,1,44055666,1000000000,44055666,50,770925720744,770969776410
proto_two_containers_step32kb_32_to_1024,0,557056,49,1,bench2-fn-a,bench2-fn-a,1,37447833,1000000000,37447833,50,770971049929,771008497762
proto_two_containers_step32kb_32_to_1024,0,557056,50,1,bench2-fn-b,bench2-fn-b,1,286811777,1000000000,286811777,50,771009805633,771296617410
proto_two_containers_step32kb_32_to_1024,0,589824,1,1,bench2-fn-a,bench2-fn-a,0,49910111,1000000000,49910111,50,771396895595,771446805706
proto_two_containers_step32kb_32_to_1024,0,589824,2,1,bench2-fn-b,bench2-fn-b,1,39281167,1000000000,39281167,50,771448064947,771487346114
proto_two_containers_step32kb_32_to_1024,0,589824,3,1,bench2-fn-a,bench2-fn-a,1,39018018,1000000000,39018018,50,771488602262,771527620280
proto_two_containers_step32kb_32_to_1024,0,589824,4,1,bench2-fn-b,bench2-fn-b,1,39117760,1000000000,39117760,50,771529004817,771568122577
proto_two_containers_step32kb_32_to_1024,0,589824,5,1,bench2-fn-a,bench2-fn-a,1,41195777,1000000000,41195777,50,771569398503,771610594280
proto_two_containers_step32kb_32_to_1024,0,589824,6,1,bench2-fn-b,bench2-fn-b,1,41010278,1000000000,41010278,50,771614088762,771655099040
proto_two_containers_step32kb_32_to_1024,0,589824,7,1,bench2-fn-a,bench2-fn-a,1,39788389,1000000000,39788389,50,771658455058,771698243447
proto_two_containers_step32kb_32_to_1024,0,589824,8,1,bench2-fn-b,bench2-fn-b,1,40125444,1000000000,40125444,50,771700014262,771740139706
proto_two_containers_step32kb_32_to_1024,0,589824,9,1,bench2-fn-a,bench2-fn-a,1,40621945,1000000000,40621945,50,771742032706,771782654651
proto_two_containers_step32kb_32_to_1024,0,589824,10,1,bench2-fn-b,bench2-fn-b,1,39026241,1000000000,39026241,50,771783980669,771823006910
proto_two_containers_step32kb_32_to_1024,0,589824,11,1,bench2-fn-a,bench2-fn-a,1,38979426,1000000000,38979426,50,771824254725,771863234151
proto_two_containers_step32kb_32_to_1024,0,589824,12,1,bench2-fn-b,bench2-fn-b,1,228079204,1000000000,228079204,50,771865098280,772093177484
proto_two_containers_step32kb_32_to_1024,0,589824,13,1,bench2-fn-a,bench2-fn-a,1,38984519,1000000000,38984519,50,772094561243,772133545762
proto_two_containers_step32kb_32_to_1024,0,589824,14,1,bench2-fn-b,bench2-fn-b,1,39126537,1000000000,39126537,50,772135030521,772174157058
proto_two_containers_step32kb_32_to_1024,0,589824,15,1,bench2-fn-a,bench2-fn-a,1,40091241,1000000000,40091241,50,772176086539,772216177780
proto_two_containers_step32kb_32_to_1024,0,589824,16,1,bench2-fn-b,bench2-fn-b,1,39995889,1000000000,39995889,50,772217737317,772257733206
proto_two_containers_step32kb_32_to_1024,0,589824,17,1,bench2-fn-a,bench2-fn-a,1,234105907,1000000000,234105907,50,772259573280,772493679187
proto_two_containers_step32kb_32_to_1024,0,589824,18,1,bench2-fn-b,bench2-fn-b,1,40381092,1000000000,40381092,50,772495045947,772535427039
proto_two_containers_step32kb_32_to_1024,0,589824,19,1,bench2-fn-a,bench2-fn-a,1,42793482,1000000000,42793482,50,772536597372,772579390854
proto_two_containers_step32kb_32_to_1024,0,589824,20,1,bench2-fn-b,bench2-fn-b,1,222062333,1000000000,222062333,50,772580530095,772802592428
proto_two_containers_step32kb_32_to_1024,0,589824,21,1,bench2-fn-a,bench2-fn-a,1,42409889,1000000000,42409889,50,772804214909,772846624798
proto_two_containers_step32kb_32_to_1024,0,589824,22,1,bench2-fn-b,bench2-fn-b,1,43830982,1000000000,43830982,50,772847817372,772891648354
proto_two_containers_step32kb_32_to_1024,0,589824,23,1,bench2-fn-a,bench2-fn-a,1,39131519,1000000000,39131519,50,772892804798,772931936317
proto_two_containers_step32kb_32_to_1024,0,589824,24,1,bench2-fn-b,bench2-fn-b,1,38866038,1000000000,38866038,50,772933160168,772972026206
proto_two_containers_step32kb_32_to_1024,0,589824,25,1,bench2-fn-a,bench2-fn-a,1,39595723,1000000000,39595723,50,772973443631,773013039354
proto_two_containers_step32kb_32_to_1024,0,589824,26,1,bench2-fn-b,bench2-fn-b,1,46232648,1000000000,46232648,50,773014332335,773060564983
proto_two_containers_step32kb_32_to_1024,0,589824,27,1,bench2-fn-a,bench2-fn-a,1,39265148,1000000000,39265148,50,773061899502,773101164650
proto_two_containers_step32kb_32_to_1024,0,589824,28,1,bench2-fn-b,bench2-fn-b,1,40469074,1000000000,40469074,50,773102555520,773143024594
proto_two_containers_step32kb_32_to_1024,0,589824,29,1,bench2-fn-a,bench2-fn-a,1,42414092,1000000000,42414092,50,773144202724,773186616816
proto_two_containers_step32kb_32_to_1024,0,589824,30,1,bench2-fn-b,bench2-fn-b,1,45563296,1000000000,45563296,50,773187753520,773233316816
proto_two_containers_step32kb_32_to_1024,0,589824,31,1,bench2-fn-a,bench2-fn-a,1,40008407,1000000000,40008407,50,773234547446,773274555853
proto_two_containers_step32kb_32_to_1024,0,589824,32,1,bench2-fn-b,bench2-fn-b,1,39662000,1000000000,39662000,50,773276185094,773315847094
proto_two_containers_step32kb_32_to_1024,0,589824,33,1,bench2-fn-a,bench2-fn-a,1,39722482,1000000000,39722482,50,773317309779,773357032261
proto_two_containers_step32kb_32_to_1024,0,589824,34,1,bench2-fn-b,bench2-fn-b,1,39701889,1000000000,39701889,50,773358950872,773398652761
proto_two_containers_step32kb_32_to_1024,0,589824,35,1,bench2-fn-a,bench2-fn-a,1,39898834,1000000000,39898834,50,773400766927,773440665761
proto_two_containers_step32kb_32_to_1024,0,589824,36,1,bench2-fn-b,bench2-fn-b,1,39796426,1000000000,39796426,50,773442436835,773482233261
proto_two_containers_step32kb_32_to_1024,0,589824,37,1,bench2-fn-a,bench2-fn-a,1,41699000,1000000000,41699000,50,773483639705,773525338705
proto_two_containers_step32kb_32_to_1024,0,589824,38,1,bench2-fn-b,bench2-fn-b,1,283888482,1000000000,283888482,50,773526969279,773810857761
proto_two_containers_step32kb_32_to_1024,0,589824,39,1,bench2-fn-a,bench2-fn-a,1,48638981,1000000000,48638981,50,773812485761,773861124742
proto_two_containers_step32kb_32_to_1024,0,589824,40,1,bench2-fn-b,bench2-fn-b,1,41545722,1000000000,41545722,50,773862380427,773903926149
proto_two_containers_step32kb_32_to_1024,0,589824,41,1,bench2-fn-a,bench2-fn-a,1,39889371,1000000000,39889371,50,773906021001,773945910372
proto_two_containers_step32kb_32_to_1024,0,589824,42,1,bench2-fn-b,bench2-fn-b,1,40872741,1000000000,40872741,50,773947021816,773987894557
proto_two_containers_step32kb_32_to_1024,0,589824,43,1,bench2-fn-a,bench2-fn-a,1,42059630,1000000000,42059630,50,773990412390,774032472020
proto_two_containers_step32kb_32_to_1024,0,589824,44,1,bench2-fn-b,bench2-fn-b,1,40013685,1000000000,40013685,50,774034140668,774074154353
proto_two_containers_step32kb_32_to_1024,0,589824,45,1,bench2-fn-a,bench2-fn-a,1,39148815,1000000000,39148815,50,774075390334,774114539149
proto_two_containers_step32kb_32_to_1024,0,589824,46,1,bench2-fn-b,bench2-fn-b,1,40928426,1000000000,40928426,50,774116027983,774156956409
proto_two_containers_step32kb_32_to_1024,0,589824,47,1,bench2-fn-a,bench2-fn-a,1,39270870,1000000000,39270870,50,774158205483,774197476353
proto_two_containers_step32kb_32_to_1024,0,589824,48,1,bench2-fn-b,bench2-fn-b,1,221530204,1000000000,221530204,50,774198961890,774420492094
proto_two_containers_step32kb_32_to_1024,0,589824,49,1,bench2-fn-a,bench2-fn-a,1,45204407,1000000000,45204407,50,774421997316,774467201723
proto_two_containers_step32kb_32_to_1024,0,589824,50,1,bench2-fn-b,bench2-fn-b,1,222059259,1000000000,222059259,50,774468814908,774690874167
proto_two_containers_step32kb_32_to_1024,0,622592,1,1,bench2-fn-a,bench2-fn-a,0,49624426,1000000000,49624426,50,774790888149,774840512575
proto_two_containers_step32kb_32_to_1024,0,622592,2,1,bench2-fn-b,bench2-fn-b,1,288351444,1000000000,288351444,50,774842297427,775130648871
proto_two_containers_step32kb_32_to_1024,0,622592,3,1,bench2-fn-a,bench2-fn-a,1,41857945,1000000000,41857945,50,775132246963,775174104908
proto_two_containers_step32kb_32_to_1024,0,622592,4,1,bench2-fn-b,bench2-fn-b,1,285127667,1000000000,285127667,50,775175398889,775460526556
proto_two_containers_step32kb_32_to_1024,0,622592,5,1,bench2-fn-a,bench2-fn-a,1,229876037,1000000000,229876037,50,775461678000,775691554037
proto_two_containers_step32kb_32_to_1024,0,622592,6,1,bench2-fn-b,bench2-fn-b,1,40974814,1000000000,40974814,50,775692874871,775733849685
proto_two_containers_step32kb_32_to_1024,0,622592,7,1,bench2-fn-a,bench2-fn-a,1,40402630,1000000000,40402630,50,775735364333,775775766963
proto_two_containers_step32kb_32_to_1024,0,622592,8,1,bench2-fn-b,bench2-fn-b,1,43591000,1000000000,43591000,50,775776895111,775820486111
proto_two_containers_step32kb_32_to_1024,0,622592,9,1,bench2-fn-a,bench2-fn-a,1,42614055,1000000000,42614055,50,775821579130,775864193185
proto_two_containers_step32kb_32_to_1024,0,622592,10,1,bench2-fn-b,bench2-fn-b,1,42242074,1000000000,42242074,50,775865366963,775907609037
proto_two_containers_step32kb_32_to_1024,0,622592,11,1,bench2-fn-a,bench2-fn-a,1,235721907,1000000000,235721907,50,775909071648,776144793555
proto_two_containers_step32kb_32_to_1024,0,622592,12,1,bench2-fn-b,bench2-fn-b,1,40934056,1000000000,40934056,50,776146329944,776187264000
proto_two_containers_step32kb_32_to_1024,0,622592,13,1,bench2-fn-a,bench2-fn-a,1,42172778,1000000000,42172778,50,776189700722,776231873500
proto_two_containers_step32kb_32_to_1024,0,622592,14,1,bench2-fn-b,bench2-fn-b,1,40548519,1000000000,40548519,50,776233253981,776273802500
proto_two_containers_step32kb_32_to_1024,0,622592,15,1,bench2-fn-a,bench2-fn-a,1,40437741,1000000000,40437741,50,776274912574,776315350315
proto_two_containers_step32kb_32_to_1024,0,622592,16,1,bench2-fn-b,bench2-fn-b,1,41667667,1000000000,41667667,50,776316592444,776358260111
proto_two_containers_step32kb_32_to_1024,0,622592,17,1,bench2-fn-a,bench2-fn-a,1,42033019,1000000000,42033019,50,776359875092,776401908111
proto_two_containers_step32kb_32_to_1024,0,622592,18,1,bench2-fn-b,bench2-fn-b,1,41118463,1000000000,41118463,50,776403545389,776444663852
proto_two_containers_step32kb_32_to_1024,0,622592,19,1,bench2-fn-a,bench2-fn-a,1,42081315,1000000000,42081315,50,776445790018,776487871333
proto_two_containers_step32kb_32_to_1024,0,622592,20,1,bench2-fn-b,bench2-fn-b,1,225190870,1000000000,225190870,50,776489036870,776714227740
proto_two_containers_step32kb_32_to_1024,0,622592,21,1,bench2-fn-a,bench2-fn-a,1,44472889,1000000000,44472889,50,776715914092,776760386981
proto_two_containers_step32kb_32_to_1024,0,622592,22,1,bench2-fn-b,bench2-fn-b,1,41604148,1000000000,41604148,50,776762148907,776803753055
proto_two_containers_step32kb_32_to_1024,0,622592,23,1,bench2-fn-a,bench2-fn-a,1,40586167,1000000000,40586167,50,776805003703,776845589870
proto_two_containers_step32kb_32_to_1024,0,622592,24,1,bench2-fn-b,bench2-fn-b,1,42963481,1000000000,42963481,50,776846901833,776889865314
proto_two_containers_step32kb_32_to_1024,0,622592,25,1,bench2-fn-a,bench2-fn-a,1,45320704,1000000000,45320704,50,776890934425,776936255129
proto_two_containers_step32kb_32_to_1024,0,622592,26,1,bench2-fn-b,bench2-fn-b,1,41317407,1000000000,41317407,50,776938249481,776979566888
proto_two_containers_step32kb_32_to_1024,0,622592,27,1,bench2-fn-a,bench2-fn-a,1,40748092,1000000000,40748092,50,776980863722,777021611814
proto_two_containers_step32kb_32_to_1024,0,622592,28,1,bench2-fn-b,bench2-fn-b,1,40516056,1000000000,40516056,50,777022706777,777063222833
proto_two_containers_step32kb_32_to_1024,0,622592,29,1,bench2-fn-a,bench2-fn-a,1,41383703,1000000000,41383703,50,777064620907,777106004610
proto_two_containers_step32kb_32_to_1024,0,622592,30,1,bench2-fn-b,bench2-fn-b,1,40733759,1000000000,40733759,50,777107098592,777147832351
proto_two_containers_step32kb_32_to_1024,0,622592,31,1,bench2-fn-a,bench2-fn-a,1,41155129,1000000000,41155129,50,777149707870,777190862999
proto_two_containers_step32kb_32_to_1024,0,622592,32,1,bench2-fn-b,bench2-fn-b,1,40422185,1000000000,40422185,50,777192224333,777232646518
proto_two_containers_step32kb_32_to_1024,0,622592,33,1,bench2-fn-a,bench2-fn-a,1,40666833,1000000000,40666833,50,777233773740,777274440573
proto_two_containers_step32kb_32_to_1024,0,622592,34,1,bench2-fn-b,bench2-fn-b,1,40509555,1000000000,40509555,50,777275540555,777316050110
proto_two_containers_step32kb_32_to_1024,0,622592,35,1,bench2-fn-a,bench2-fn-a,1,40410926,1000000000,40410926,50,777317317221,777357728147
proto_two_containers_step32kb_32_to_1024,0,622592,36,1,bench2-fn-b,bench2-fn-b,1,40479722,1000000000,40479722,50,777359059629,777399539351
proto_two_containers_step32kb_32_to_1024,0,622592,37,1,bench2-fn-a,bench2-fn-a,1,41156166,1000000000,41156166,50,777401422444,777442578610
proto_two_containers_step32kb_32_to_1024,0,622592,38,1,bench2-fn-b,bench2-fn-b,1,40796111,1000000000,40796111,50,777443895407,777484691518
proto_two_containers_step32kb_32_to_1024,0,622592,39,1,bench2-fn-a,bench2-fn-a,1,221161241,1000000000,221161241,50,777485934110,777707095351
proto_two_containers_step32kb_32_to_1024,0,622592,40,1,bench2-fn-b,bench2-fn-b,1,44408222,1000000000,44408222,50,777708573777,777752981999
proto_two_containers_step32kb_32_to_1024,0,622592,41,1,bench2-fn-a,bench2-fn-a,1,45542408,1000000000,45542408,50,777754899758,777800442166
proto_two_containers_step32kb_32_to_1024,0,622592,42,1,bench2-fn-b,bench2-fn-b,1,43602704,1000000000,43602704,50,777801755443,777845358147
proto_two_containers_step32kb_32_to_1024,0,622592,43,1,bench2-fn-a,bench2-fn-a,1,40585648,1000000000,40585648,50,777846506277,777887091925
proto_two_containers_step32kb_32_to_1024,0,622592,44,1,bench2-fn-b,bench2-fn-b,1,40477074,1000000000,40477074,50,777888213425,777928690499
proto_two_containers_step32kb_32_to_1024,0,622592,45,1,bench2-fn-a,bench2-fn-a,1,41598722,1000000000,41598722,50,777930343406,777971942128
proto_two_containers_step32kb_32_to_1024,0,622592,46,1,bench2-fn-b,bench2-fn-b,1,41360740,1000000000,41360740,50,777973712314,778015073054
proto_two_containers_step32kb_32_to_1024,0,622592,47,1,bench2-fn-a,bench2-fn-a,1,40648649,1000000000,40648649,50,778016293628,778056942277
proto_two_containers_step32kb_32_to_1024,0,622592,48,1,bench2-fn-b,bench2-fn-b,1,1368254666,1000000000,1368254666,50,778058377388,779426632054
proto_two_containers_step32kb_32_to_1024,0,622592,49,1,bench2-fn-a,bench2-fn-a,1,44683852,1000000000,44683852,50,779427919794,779472603646
proto_two_containers_step32kb_32_to_1024,0,622592,50,1,bench2-fn-b,bench2-fn-b,1,41223315,1000000000,41223315,50,779473723887,779514947202
proto_two_containers_step32kb_32_to_1024,0,655360,1,1,bench2-fn-a,bench2-fn-a,0,50824296,1000000000,50824296,50,779615296146,779666120442
proto_two_containers_step32kb_32_to_1024,0,655360,2,1,bench2-fn-b,bench2-fn-b,1,230250574,1000000000,230250574,50,779668456757,779898707331
proto_two_containers_step32kb_32_to_1024,0,655360,3,1,bench2-fn-a,bench2-fn-a,1,42958426,1000000000,42958426,50,779899783405,779942741831
proto_two_containers_step32kb_32_to_1024,0,655360,4,1,bench2-fn-b,bench2-fn-b,1,42796482,1000000000,42796482,50,779944154664,779986951146
proto_two_containers_step32kb_32_to_1024,0,655360,5,1,bench2-fn-a,bench2-fn-a,1,283316944,1000000000,283316944,50,779988113405,780271430349
proto_two_containers_step32kb_32_to_1024,0,655360,6,1,bench2-fn-b,bench2-fn-b,1,44783852,1000000000,44783852,50,780273547775,780318331627
proto_two_containers_step32kb_32_to_1024,0,655360,7,1,bench2-fn-a,bench2-fn-a,1,47763981,1000000000,47763981,50,780320121942,780367885923
proto_two_containers_step32kb_32_to_1024,0,655360,8,1,bench2-fn-b,bench2-fn-b,1,42854111,1000000000,42854111,50,780369151683,780412005794
proto_two_containers_step32kb_32_to_1024,0,655360,9,1,bench2-fn-a,bench2-fn-a,1,43508667,1000000000,43508667,50,780413521386,780457030053
proto_two_containers_step32kb_32_to_1024,0,655360,10,1,bench2-fn-b,bench2-fn-b,1,44048315,1000000000,44048315,50,780458326201,780502374516
proto_two_containers_step32kb_32_to_1024,0,655360,11,1,bench2-fn-a,bench2-fn-a,1,43881129,1000000000,43881129,50,780504074442,780547955571
proto_two_containers_step32kb_32_to_1024,0,655360,12,1,bench2-fn-b,bench2-fn-b,1,43371907,1000000000,43371907,50,780549440220,780592812127
proto_two_containers_step32kb_32_to_1024,0,655360,13,1,bench2-fn-a,bench2-fn-a,1,227643315,1000000000,227643315,50,780594365108,780822008423
proto_two_containers_step32kb_32_to_1024,0,655360,14,1,bench2-fn-b,bench2-fn-b,1,51603055,1000000000,51603055,50,780823805627,780875408682
proto_two_containers_step32kb_32_to_1024,0,655360,15,1,bench2-fn-a,bench2-fn-a,1,43356537,1000000000,43356537,50,780876998367,780920354904
proto_two_containers_step32kb_32_to_1024,0,655360,16,1,bench2-fn-b,bench2-fn-b,1,42566203,1000000000,42566203,50,780921482979,780964049182
proto_two_containers_step32kb_32_to_1024,0,655360,17,1,bench2-fn-a,bench2-fn-a,1,47385333,1000000000,47385333,50,780965491145,781012876478
proto_two_containers_step32kb_32_to_1024,0,655360,18,1,bench2-fn-b,bench2-fn-b,1,229181333,1000000000,229181333,50,781014236719,781243418052
proto_two_containers_step32kb_32_to_1024,0,655360,19,1,bench2-fn-a,bench2-fn-a,1,43052167,1000000000,43052167,50,781244732478,781287784645
proto_two_containers_step32kb_32_to_1024,0,655360,20,1,bench2-fn-b,bench2-fn-b,1,43269666,1000000000,43269666,50,781289354738,781332624404
proto_two_containers_step32kb_32_to_1024,0,655360,21,1,bench2-fn-a,bench2-fn-a,1,42705204,1000000000,42705204,50,781333942571,781376647775
proto_two_containers_step32kb_32_to_1024,0,655360,22,1,bench2-fn-b,bench2-fn-b,1,42557500,1000000000,42557500,50,781377906719,781420464219
proto_two_containers_step32kb_32_to_1024,0,655360,23,1,bench2-fn-a,bench2-fn-a,1,230068518,1000000000,230068518,50,781421594330,781651662848
proto_two_containers_step32kb_32_to_1024,0,655360,24,1,bench2-fn-b,bench2-fn-b,1,42626666,1000000000,42626666,50,781653058645,781695685311
proto_two_containers_step32kb_32_to_1024,0,655360,25,1,bench2-fn-a,bench2-fn-a,1,230125370,1000000000,230125370,50,781697167830,781927293200
proto_two_containers_step32kb_32_to_1024,0,655360,26,1,bench2-fn-b,bench2-fn-b,1,46583093,1000000000,46583093,50,781928366959,781974950052
proto_two_containers_step32kb_32_to_1024,0,655360,27,1,bench2-fn-a,bench2-fn-a,1,42848481,1000000000,42848481,50,781976624293,782019472774
proto_two_containers_step32kb_32_to_1024,0,655360,28,1,bench2-fn-b,bench2-fn-b,1,50244240,1000000000,50244240,50,782020602182,782070846422
proto_two_containers_step32kb_32_to_1024,0,655360,29,1,bench2-fn-a,bench2-fn-a,1,45422407,1000000000,45422407,50,782072185904,782117608311
proto_two_containers_step32kb_32_to_1024,0,655360,30,1,bench2-fn-b,bench2-fn-b,1,43753074,1000000000,43753074,50,782118935719,782162688793
proto_two_containers_step32kb_32_to_1024,0,655360,31,1,bench2-fn-a,bench2-fn-a,1,42519352,1000000000,42519352,50,782164151570,782206670922
proto_two_containers_step32kb_32_to_1024,0,655360,32,1,bench2-fn-b,bench2-fn-b,1,679452314,1000000000,679452314,50,782208473904,782887926218
proto_two_containers_step32kb_32_to_1024,0,655360,33,1,bench2-fn-a,bench2-fn-a,1,49422426,1000000000,49422426,50,782889532459,782938954885
proto_two_containers_step32kb_32_to_1024,0,655360,34,1,bench2-fn-b,bench2-fn-b,1,44572593,1000000000,44572593,50,782940930625,782985503218
proto_two_containers_step32kb_32_to_1024,0,655360,35,1,bench2-fn-a,bench2-fn-a,1,43115240,1000000000,43115240,50,782987276200,783030391440
proto_two_containers_step32kb_32_to_1024,0,655360,36,1,bench2-fn-b,bench2-fn-b,1,44637408,1000000000,44637408,50,783032220588,783076857996
proto_two_containers_step32kb_32_to_1024,0,655360,37,1,bench2-fn-a,bench2-fn-a,1,48055593,1000000000,48055593,50,783078137199,783126192792
proto_two_containers_step32kb_32_to_1024,0,655360,38,1,bench2-fn-b,bench2-fn-b,1,45213519,1000000000,45213519,50,783127828088,783173041607
proto_two_containers_step32kb_32_to_1024,0,655360,39,1,bench2-fn-a,bench2-fn-a,1,43026389,1000000000,43026389,50,783174712459,783217738848
proto_two_containers_step32kb_32_to_1024,0,655360,40,1,bench2-fn-b,bench2-fn-b,1,43279593,1000000000,43279593,50,783219082014,783262361607
proto_two_containers_step32kb_32_to_1024,0,655360,41,1,bench2-fn-a,bench2-fn-a,1,42397445,1000000000,42397445,50,783263780810,783306178255
proto_two_containers_step32kb_32_to_1024,0,655360,42,1,bench2-fn-b,bench2-fn-b,1,216807630,1000000000,216807630,50,783307363662,783524171292
proto_two_containers_step32kb_32_to_1024,0,655360,43,1,bench2-fn-a,bench2-fn-a,1,51515426,1000000000,51515426,50,783525865347,783577380773
proto_two_containers_step32kb_32_to_1024,0,655360,44,1,bench2-fn-b,bench2-fn-b,1,42861815,1000000000,42861815,50,783578799588,783621661403
proto_two_containers_step32kb_32_to_1024,0,655360,45,1,bench2-fn-a,bench2-fn-a,1,42620334,1000000000,42620334,50,783623198458,783665818792
proto_two_containers_step32kb_32_to_1024,0,655360,46,1,bench2-fn-b,bench2-fn-b,1,237237537,1000000000,237237537,50,783668851903,783906089440
proto_two_containers_step32kb_32_to_1024,0,655360,47,1,bench2-fn-a,bench2-fn-a,1,42717111,1000000000,42717111,50,783907464588,783950181699
proto_two_containers_step32kb_32_to_1024,0,655360,48,1,bench2-fn-b,bench2-fn-b,1,46329167,1000000000,46329167,50,783951624384,783997953551
proto_two_containers_step32kb_32_to_1024,0,655360,49,1,bench2-fn-a,bench2-fn-a,1,235019537,1000000000,235019537,50,783999586458,784234605995
proto_two_containers_step32kb_32_to_1024,0,655360,50,1,bench2-fn-b,bench2-fn-b,1,43343908,1000000000,43343908,50,784236430606,784279774514
proto_two_containers_step32kb_32_to_1024,0,688128,1,1,bench2-fn-a,bench2-fn-a,0,52962666,1000000000,52962666,50,784381106810,784434069476
proto_two_containers_step32kb_32_to_1024,0,688128,2,1,bench2-fn-b,bench2-fn-b,1,47912296,1000000000,47912296,50,784435769088,784483681384
proto_two_containers_step32kb_32_to_1024,0,688128,3,1,bench2-fn-a,bench2-fn-a,1,47267574,1000000000,47267574,50,784484766328,784532033902
proto_two_containers_step32kb_32_to_1024,0,688128,4,1,bench2-fn-b,bench2-fn-b,1,232655259,1000000000,232655259,50,784533431717,784766086976
proto_two_containers_step32kb_32_to_1024,0,688128,5,1,bench2-fn-a,bench2-fn-a,1,50721704,1000000000,50721704,50,784767704161,784818425865
proto_two_containers_step32kb_32_to_1024,0,688128,6,1,bench2-fn-b,bench2-fn-b,1,45745945,1000000000,45745945,50,784819729513,784865475458
proto_two_containers_step32kb_32_to_1024,0,688128,7,1,bench2-fn-a,bench2-fn-a,1,228519167,1000000000,228519167,50,784868020772,785096539939
proto_two_containers_step32kb_32_to_1024,0,688128,8,1,bench2-fn-b,bench2-fn-b,1,47881111,1000000000,47881111,50,785097749013,785145630124
proto_two_containers_step32kb_32_to_1024,0,688128,9,1,bench2-fn-a,bench2-fn-a,1,49204648,1000000000,49204648,50,785147154087,785196358735
proto_two_containers_step32kb_32_to_1024,0,688128,10,1,bench2-fn-b,bench2-fn-b,1,45764851,1000000000,45764851,50,785197510106,785243274957
proto_two_containers_step32kb_32_to_1024,0,688128,11,1,bench2-fn-a,bench2-fn-a,1,225760018,1000000000,225760018,50,785244444032,785470204050
proto_two_containers_step32kb_32_to_1024,0,688128,12,1,bench2-fn-b,bench2-fn-b,1,46546722,1000000000,46546722,50,785471555217,785518101939
proto_two_containers_step32kb_32_to_1024,0,688128,13,1,bench2-fn-a,bench2-fn-a,1,48165074,1000000000,48165074,50,785519514680,785567679754
proto_two_containers_step32kb_32_to_1024,0,688128,14,1,bench2-fn-b,bench2-fn-b,1,293100944,1000000000,293100944,50,785570259717,785863360661
proto_two_containers_step32kb_32_to_1024,0,688128,15,1,bench2-fn-a,bench2-fn-a,1,47475870,1000000000,47475870,50,785864605976,785912081846
proto_two_containers_step32kb_32_to_1024,0,688128,16,1,bench2-fn-b,bench2-fn-b,1,46928667,1000000000,46928667,50,785913521883,785960450550
proto_two_containers_step32kb_32_to_1024,0,688128,17,1,bench2-fn-a,bench2-fn-a,1,228748111,1000000000,228748111,50,785961697031,786190445142
proto_two_containers_step32kb_32_to_1024,0,688128,18,1,bench2-fn-b,bench2-fn-b,1,46234685,1000000000,46234685,50,786192307309,786238541994
proto_two_containers_step32kb_32_to_1024,0,688128,19,1,bench2-fn-a,bench2-fn-a,1,239388167,1000000000,239388167,50,786239905179,786479293346
proto_two_containers_step32kb_32_to_1024,0,688128,20,1,bench2-fn-b,bench2-fn-b,1,44649519,1000000000,44649519,50,786480583197,786525232716
proto_two_containers_step32kb_32_to_1024,0,688128,21,1,bench2-fn-a,bench2-fn-a,1,231287888,1000000000,231287888,50,786526504457,786757792345
proto_two_containers_step32kb_32_to_1024,0,688128,22,1,bench2-fn-b,bench2-fn-b,1,646176721,1000000000,646176721,50,786759282531,787405459252
proto_two_containers_step32kb_32_to_1024,0,688128,23,1,bench2-fn-a,bench2-fn-a,1,44677445,1000000000,44677445,50,787406592419,787451269864
proto_two_containers_step32kb_32_to_1024,0,688128,24,1,bench2-fn-b,bench2-fn-b,1,51016962,1000000000,51016962,50,787452547364,787503564326
proto_two_containers_step32kb_32_to_1024,0,688128,25,1,bench2-fn-a,bench2-fn-a,1,240233408,1000000000,240233408,50,787504743752,787744977160
proto_two_containers_step32kb_32_to_1024,0,688128,26,1,bench2-fn-b,bench2-fn-b,1,45460296,1000000000,45460296,50,787746435382,787791895678
proto_two_containers_step32kb_32_to_1024,0,688128,27,1,bench2-fn-a,bench2-fn-a,1,46388148,1000000000,46388148,50,787793203252,787839591400
proto_two_containers_step32kb_32_to_1024,0,688128,28,1,bench2-fn-b,bench2-fn-b,1,44622315,1000000000,44622315,50,787840816956,787885439271
proto_two_containers_step32kb_32_to_1024,0,688128,29,1,bench2-fn-a,bench2-fn-a,1,234411129,1000000000,234411129,50,787886739123,788121150252
proto_two_containers_step32kb_32_to_1024,0,688128,30,1,bench2-fn-b,bench2-fn-b,1,46022926,1000000000,46022926,50,788122932696,788168955622
proto_two_containers_step32kb_32_to_1024,0,688128,31,1,bench2-fn-a,bench2-fn-a,1,44607389,1000000000,44607389,50,788170613233,788215220622
proto_two_containers_step32kb_32_to_1024,0,688128,32,1,bench2-fn-b,bench2-fn-b,1,44508593,1000000000,44508593,50,788216722733,788261231326
proto_two_containers_step32kb_32_to_1024,0,688128,33,1,bench2-fn-a,bench2-fn-a,1,238398130,1000000000,238398130,50,788262383474,788500781604
proto_two_containers_step32kb_32_to_1024,0,688128,34,1,bench2-fn-b,bench2-fn-b,1,46661203,1000000000,46661203,50,788503101530,788549762733
proto_two_containers_step32kb_32_to_1024,0,688128,35,1,bench2-fn-a,bench2-fn-a,1,47086963,1000000000,47086963,50,788551919548,788599006511
proto_two_containers_step32kb_32_to_1024,0,688128,36,1,bench2-fn-b,bench2-fn-b,1,45570907,1000000000,45570907,50,788600649474,788646220381
proto_two_containers_step32kb_32_to_1024,0,688128,37,1,bench2-fn-a,bench2-fn-a,1,44434574,1000000000,44434574,50,788647533418,788691967992
proto_two_containers_step32kb_32_to_1024,0,688128,38,1,bench2-fn-b,bench2-fn-b,1,226573648,1000000000,226573648,50,788693243307,788919816955
proto_two_containers_step32kb_32_to_1024,0,688128,39,1,bench2-fn-a,bench2-fn-a,1,45608074,1000000000,45608074,50,788921019492,788966627566
proto_two_containers_step32kb_32_to_1024,0,688128,40,1,bench2-fn-b,bench2-fn-b,1,47920667,1000000000,47920667,50,788968055344,789015976011
proto_two_containers_step32kb_32_to_1024,0,688128,41,1,bench2-fn-a,bench2-fn-a,1,231587870,1000000000,231587870,50,789017102455,789248690325
proto_two_containers_step32kb_32_to_1024,0,688128,42,1,bench2-fn-b,bench2-fn-b,1,45869815,1000000000,45869815,50,789249773844,789295643659
proto_two_containers_step32kb_32_to_1024,0,688128,43,1,bench2-fn-a,bench2-fn-a,1,51075277,1000000000,51075277,50,789296752937,789347828214
proto_two_containers_step32kb_32_to_1024,0,688128,44,1,bench2-fn-b,bench2-fn-b,1,44766130,1000000000,44766130,50,789349042399,789393808529
proto_two_containers_step32kb_32_to_1024,0,688128,45,1,bench2-fn-a,bench2-fn-a,1,45034315,1000000000,45034315,50,789395076066,789440110381
proto_two_containers_step32kb_32_to_1024,0,688128,46,1,bench2-fn-b,bench2-fn-b,1,44801241,1000000000,44801241,50,789441306844,789486108085
proto_two_containers_step32kb_32_to_1024,0,688128,47,1,bench2-fn-a,bench2-fn-a,1,45659870,1000000000,45659870,50,789487576196,789533236066
proto_two_containers_step32kb_32_to_1024,0,688128,48,1,bench2-fn-b,bench2-fn-b,1,45593389,1000000000,45593389,50,789534744325,789580337714
proto_two_containers_step32kb_32_to_1024,0,688128,49,1,bench2-fn-a,bench2-fn-a,1,44708574,1000000000,44708574,50,789581567751,789626276325
proto_two_containers_step32kb_32_to_1024,0,688128,50,1,bench2-fn-b,bench2-fn-b,1,44841241,1000000000,44841241,50,789627355714,789672196955
proto_two_containers_step32kb_32_to_1024,0,720896,1,1,bench2-fn-a,bench2-fn-a,0,55787240,1000000000,55787240,50,789765488418,789821275658
proto_two_containers_step32kb_32_to_1024,0,720896,2,1,bench2-fn-b,bench2-fn-b,1,48944093,1000000000,48944093,50,789822640658,789871584751
proto_two_containers_step32kb_32_to_1024,0,720896,3,1,bench2-fn-a,bench2-fn-a,1,48873185,1000000000,48873185,50,789872819177,789921692362
proto_two_containers_step32kb_32_to_1024,0,720896,4,1,bench2-fn-b,bench2-fn-b,1,233296333,1000000000,233296333,50,789922818381,790156114714
proto_two_containers_step32kb_32_to_1024,0,720896,5,1,bench2-fn-a,bench2-fn-a,1,49737686,1000000000,49737686,50,790157550917,790207288603
proto_two_containers_step32kb_32_to_1024,0,720896,6,1,bench2-fn-b,bench2-fn-b,1,50460203,1000000000,50460203,50,790208811603,790259271806
proto_two_containers_step32kb_32_to_1024,0,720896,7,1,bench2-fn-a,bench2-fn-a,1,55947093,1000000000,55947093,50,790260444195,790316391288
proto_two_containers_step32kb_32_to_1024,0,720896,8,1,bench2-fn-b,bench2-fn-b,1,51202925,1000000000,51202925,50,790317826103,790369029028
proto_two_containers_step32kb_32_to_1024,0,720896,9,1,bench2-fn-a,bench2-fn-a,1,49429741,1000000000,49429741,50,790370343121,790419772862
proto_two_containers_step32kb_32_to_1024,0,720896,10,1,bench2-fn-b,bench2-fn-b,1,290357463,1000000000,290357463,50,790421396195,790711753658
proto_two_containers_step32kb_32_to_1024,0,720896,11,1,bench2-fn-a,bench2-fn-a,1,290406166,1000000000,290406166,50,790712800547,791003206713
proto_two_containers_step32kb_32_to_1024,0,720896,12,1,bench2-fn-b,bench2-fn-b,1,47967037,1000000000,47967037,50,791005410454,791053377491
proto_two_containers_step32kb_32_to_1024,0,720896,13,1,bench2-fn-a,bench2-fn-a,1,234834556,1000000000,234834556,50,791054708824,791289543380
proto_two_containers_step32kb_32_to_1024,0,720896,14,1,bench2-fn-b,bench2-fn-b,1,46723944,1000000000,46723944,50,791290771195,791337495139
proto_two_containers_step32kb_32_to_1024,0,720896,15,1,bench2-fn-a,bench2-fn-a,1,46680111,1000000000,46680111,50,791338605658,791385285769
proto_two_containers_step32kb_32_to_1024,0,720896,16,1,bench2-fn-b,bench2-fn-b,1,47257352,1000000000,47257352,50,791387327028,791434584380
proto_two_containers_step32kb_32_to_1024,0,720896,17,1,bench2-fn-a,bench2-fn-a,1,47795982,1000000000,47795982,50,791436162824,791483958806
proto_two_containers_step32kb_32_to_1024,0,720896,18,1,bench2-fn-b,bench2-fn-b,1,46564111,1000000000,46564111,50,791485291232,791531855343
proto_two_containers_step32kb_32_to_1024,0,720896,19,1,bench2-fn-a,bench2-fn-a,1,49178945,1000000000,49178945,50,791533668009,791582846954
proto_two_containers_step32kb_32_to_1024,0,720896,20,1,bench2-fn-b,bench2-fn-b,1,229747630,1000000000,229747630,50,791584353268,791814100898
proto_two_containers_step32kb_32_to_1024,0,720896,21,1,bench2-fn-a,bench2-fn-a,1,48607185,1000000000,48607185,50,791815750287,791864357472
proto_two_containers_step32kb_32_to_1024,0,720896,22,1,bench2-fn-b,bench2-fn-b,1,48443852,1000000000,48443852,50,791865846009,791914289861
proto_two_containers_step32kb_32_to_1024,0,720896,23,1,bench2-fn-a,bench2-fn-a,1,50350296,1000000000,50350296,50,791915740898,791966091194
proto_two_containers_step32kb_32_to_1024,0,720896,24,1,bench2-fn-b,bench2-fn-b,1,49017537,1000000000,49017537,50,791967341250,792016358787
proto_two_containers_step32kb_32_to_1024,0,720896,25,1,bench2-fn-a,bench2-fn-a,1,47440296,1000000000,47440296,50,792018622194,792066062490
proto_two_containers_step32kb_32_to_1024,0,720896,26,1,bench2-fn-b,bench2-fn-b,1,289798204,1000000000,289798204,50,792067343027,792357141231
proto_two_containers_step32kb_32_to_1024,0,720896,27,1,bench2-fn-a,bench2-fn-a,1,47732760,1000000000,47732760,50,792359252675,792406985435
proto_two_containers_step32kb_32_to_1024,0,720896,28,1,bench2-fn-b,bench2-fn-b,1,47175760,1000000000,47175760,50,792409178175,792456353935
proto_two_containers_step32kb_32_to_1024,0,720896,29,1,bench2-fn-a,bench2-fn-a,1,46709556,1000000000,46709556,50,792457587453,792504297009
proto_two_containers_step32kb_32_to_1024,0,720896,30,1,bench2-fn-b,bench2-fn-b,1,46367129,1000000000,46367129,50,792505729583,792552096712
proto_two_containers_step32kb_32_to_1024,0,720896,31,1,bench2-fn-a,bench2-fn-a,1,46504908,1000000000,46504908,50,792553659212,792600164120
proto_two_containers_step32kb_32_to_1024,0,720896,32,1,bench2-fn-b,bench2-fn-b,1,49469871,1000000000,49469871,50,792601295564,792650765435
proto_two_containers_step32kb_32_to_1024,0,720896,33,1,bench2-fn-a,bench2-fn-a,1,47408612,1000000000,47408612,50,792652603897,792700012509
proto_two_containers_step32kb_32_to_1024,0,720896,34,1,bench2-fn-b,bench2-fn-b,1,47297593,1000000000,47297593,50,792701499638,792748797231
proto_two_containers_step32kb_32_to_1024,0,720896,35,1,bench2-fn-a,bench2-fn-a,1,47798759,1000000000,47798759,50,792750499305,792798298064
proto_two_containers_step32kb_32_to_1024,0,720896,36,1,bench2-fn-b,bench2-fn-b,1,50597259,1000000000,50597259,50,792799550675,792850147934
proto_two_containers_step32kb_32_to_1024,0,720896,37,1,bench2-fn-a,bench2-fn-a,1,236588148,1000000000,236588148,50,792851831934,793088420082
proto_two_containers_step32kb_32_to_1024,0,720896,38,1,bench2-fn-b,bench2-fn-b,1,46901000,1000000000,46901000,50,793089786268,793136687268
proto_two_containers_step32kb_32_to_1024,0,720896,39,1,bench2-fn-a,bench2-fn-a,1,49605111,1000000000,49605111,50,793137888897,793187494008
proto_two_containers_step32kb_32_to_1024,0,720896,40,1,bench2-fn-b,bench2-fn-b,1,52157870,1000000000,52157870,50,793188771490,793240929360
proto_two_containers_step32kb_32_to_1024,0,720896,41,1,bench2-fn-a,bench2-fn-a,1,49213166,1000000000,49213166,50,793242101379,793291314545
proto_two_containers_step32kb_32_to_1024,0,720896,42,1,bench2-fn-b,bench2-fn-b,1,47430833,1000000000,47430833,50,793292546101,793339976934
proto_two_containers_step32kb_32_to_1024,0,720896,43,1,bench2-fn-a,bench2-fn-a,1,47020667,1000000000,47020667,50,793341152045,793388172712
proto_two_containers_step32kb_32_to_1024,0,720896,44,1,bench2-fn-b,bench2-fn-b,1,47160815,1000000000,47160815,50,793390034304,793437195119
proto_two_containers_step32kb_32_to_1024,0,720896,45,1,bench2-fn-a,bench2-fn-a,1,46548908,1000000000,46548908,50,793438594804,793485143712
proto_two_containers_step32kb_32_to_1024,0,720896,46,1,bench2-fn-b,bench2-fn-b,1,227293796,1000000000,227293796,50,793486622730,793713916526
proto_two_containers_step32kb_32_to_1024,0,720896,47,1,bench2-fn-a,bench2-fn-a,1,47648370,1000000000,47648370,50,793715773971,793763422341
proto_two_containers_step32kb_32_to_1024,0,720896,48,1,bench2-fn-b,bench2-fn-b,1,46801926,1000000000,46801926,50,793764763026,793811564952
proto_two_containers_step32kb_32_to_1024,0,720896,49,1,bench2-fn-a,bench2-fn-a,1,232747297,1000000000,232747297,50,793813326026,794046073323
proto_two_containers_step32kb_32_to_1024,0,720896,50,1,bench2-fn-b,bench2-fn-b,1,47490296,1000000000,47490296,50,794047795415,794095285711
proto_two_containers_step32kb_32_to_1024,0,753664,1,1,bench2-fn-a,bench2-fn-a,0,56549611,1000000000,56549611,50,794200721045,794257270656
proto_two_containers_step32kb_32_to_1024,0,753664,2,1,bench2-fn-b,bench2-fn-b,1,244857092,1000000000,244857092,50,794258461471,794503318563
proto_two_containers_step32kb_32_to_1024,0,753664,3,1,bench2-fn-a,bench2-fn-a,1,55290722,1000000000,55290722,50,794504621322,794559912044
proto_two_containers_step32kb_32_to_1024,0,753664,4,1,bench2-fn-b,bench2-fn-b,1,245521834,1000000000,245521834,50,794561020433,794806542267
proto_two_containers_step32kb_32_to_1024,0,753664,5,1,bench2-fn-a,bench2-fn-a,1,51985204,1000000000,51985204,50,794808212433,794860197637
proto_two_containers_step32kb_32_to_1024,0,753664,6,1,bench2-fn-b,bench2-fn-b,1,51552074,1000000000,51552074,50,794861530767,794913082841
proto_two_containers_step32kb_32_to_1024,0,753664,7,1,bench2-fn-a,bench2-fn-a,1,645219055,1000000000,645219055,50,794916070007,795561289062
proto_two_containers_step32kb_32_to_1024,0,753664,8,1,bench2-fn-b,bench2-fn-b,1,51645926,1000000000,51645926,50,795562448451,795614094377
proto_two_containers_step32kb_32_to_1024,0,753664,9,1,bench2-fn-a,bench2-fn-a,1,51834500,1000000000,51834500,50,795615363655,795667198155
proto_two_containers_step32kb_32_to_1024,0,753664,10,1,bench2-fn-b,bench2-fn-b,1,291727629,1000000000,291727629,50,795668675155,795960402784
proto_two_containers_step32kb_32_to_1024,0,753664,11,1,bench2-fn-a,bench2-fn-a,1,51391981,1000000000,51391981,50,795961846544,796013238525
proto_two_containers_step32kb_32_to_1024,0,753664,12,1,bench2-fn-b,bench2-fn-b,1,52283111,1000000000,52283111,50,796014761507,796067044618
proto_two_containers_step32kb_32_to_1024,0,753664,13,1,bench2-fn-a,bench2-fn-a,1,235286926,1000000000,235286926,50,796068776895,796304063821
proto_two_containers_step32kb_32_to_1024,0,753664,14,1,bench2-fn-b,bench2-fn-b,1,52406815,1000000000,52406815,50,796305750932,796358157747
proto_two_containers_step32kb_32_to_1024,0,753664,15,1,bench2-fn-a,bench2-fn-a,1,51467075,1000000000,51467075,50,796359257617,796410724692
proto_two_containers_step32kb_32_to_1024,0,753664,16,1,bench2-fn-b,bench2-fn-b,1,54852612,1000000000,54852612,50,796412323617,796467176229
proto_two_containers_step32kb_32_to_1024,0,753664,17,1,bench2-fn-a,bench2-fn-a,1,52881778,1000000000,52881778,50,796469991062,796522872840
proto_two_containers_step32kb_32_to_1024,0,753664,18,1,bench2-fn-b,bench2-fn-b,1,52359037,1000000000,52359037,50,796524500858,796576859895
proto_two_containers_step32kb_32_to_1024,0,753664,19,1,bench2-fn-a,bench2-fn-a,1,54588204,1000000000,54588204,50,796577931080,796632519284
proto_two_containers_step32kb_32_to_1024,0,753664,20,1,bench2-fn-b,bench2-fn-b,1,295678352,1000000000,295678352,50,796633809543,796929487895
proto_two_containers_step32kb_32_to_1024,0,753664,21,1,bench2-fn-a,bench2-fn-a,1,52344962,1000000000,52344962,50,796931757525,796984102487
proto_two_containers_step32kb_32_to_1024,0,753664,22,1,bench2-fn-b,bench2-fn-b,1,51509944,1000000000,51509944,50,796985434599,797036944543
proto_two_containers_step32kb_32_to_1024,0,753664,23,1,bench2-fn-a,bench2-fn-a,1,51383129,1000000000,51383129,50,797038168784,797089551913
proto_two_containers_step32kb_32_to_1024,0,753664,24,1,bench2-fn-b,bench2-fn-b,1,51311167,1000000000,51311167,50,797090853543,797142164710
proto_two_containers_step32kb_32_to_1024,0,753664,25,1,bench2-fn-a,bench2-fn-a,1,52063685,1000000000,52063685,50,797143582895,797195646580
proto_two_containers_step32kb_32_to_1024,0,753664,26,1,bench2-fn-b,bench2-fn-b,1,236010000,1000000000,236010000,50,797197200895,797433210895
proto_two_containers_step32kb_32_to_1024,0,753664,27,1,bench2-fn-a,bench2-fn-a,1,62611500,1000000000,62611500,50,797434388469,797496999969
proto_two_containers_step32kb_32_to_1024,0,753664,28,1,bench2-fn-b,bench2-fn-b,1,52413074,1000000000,52413074,50,797498118043,797550531117
proto_two_containers_step32kb_32_to_1024,0,753664,29,1,bench2-fn-a,bench2-fn-a,1,51775888,1000000000,51775888,50,797551728969,797603504857
proto_two_containers_step32kb_32_to_1024,0,753664,30,1,bench2-fn-b,bench2-fn-b,1,52016297,1000000000,52016297,50,797605262320,797657278617
proto_two_containers_step32kb_32_to_1024,0,753664,31,1,bench2-fn-a,bench2-fn-a,1,230487445,1000000000,230487445,50,797658426598,797888914043
proto_two_containers_step32kb_32_to_1024,0,753664,32,1,bench2-fn-b,bench2-fn-b,1,55472352,1000000000,55472352,50,797890116857,797945589209
proto_two_containers_step32kb_32_to_1024,0,753664,33,1,bench2-fn-a,bench2-fn-a,1,56738667,1000000000,56738667,50,797947137320,798003875987
proto_two_containers_step32kb_32_to_1024,0,753664,34,1,bench2-fn-b,bench2-fn-b,1,52042519,1000000000,52042519,50,798005833542,798057876061
proto_two_containers_step32kb_32_to_1024,0,753664,35,1,bench2-fn-a,bench2-fn-a,1,52560963,1000000000,52560963,50,798059351431,798111912394
proto_two_containers_step32kb_32_to_1024,0,753664,36,1,bench2-fn-b,bench2-fn-b,1,54206759,1000000000,54206759,50,798113381931,798167588690
proto_two_containers_step32kb_32_to_1024,0,753664,37,1,bench2-fn-a,bench2-fn-a,1,54151315,1000000000,54151315,50,798169279746,798223431061
proto_two_containers_step32kb_32_to_1024,0,753664,38,1,bench2-fn-b,bench2-fn-b,1,54208648,1000000000,54208648,50,798224846357,798279055005
proto_two_containers_step32kb_32_to_1024,0,753664,39,1,bench2-fn-a,bench2-fn-a,1,55053389,1000000000,55053389,50,798280798542,798335851931
proto_two_containers_step32kb_32_to_1024,0,753664,40,1,bench2-fn-b,bench2-fn-b,1,51557667,1000000000,51557667,50,798337314857,798388872524
proto_two_containers_step32kb_32_to_1024,0,753664,41,1,bench2-fn-a,bench2-fn-a,1,51963482,1000000000,51963482,50,798390102764,798442066246
proto_two_containers_step32kb_32_to_1024,0,753664,42,1,bench2-fn-b,bench2-fn-b,1,52221759,1000000000,52221759,50,798443481616,798495703375
proto_two_containers_step32kb_32_to_1024,0,753664,43,1,bench2-fn-a,bench2-fn-a,1,51477315,1000000000,51477315,50,798496785209,798548262524
proto_two_containers_step32kb_32_to_1024,0,753664,44,1,bench2-fn-b,bench2-fn-b,1,233764000,1000000000,233764000,50,798549694598,798783458598
proto_two_containers_step32kb_32_to_1024,0,753664,45,1,bench2-fn-a,bench2-fn-a,1,54795685,1000000000,54795685,50,798784603857,798839399542
proto_two_containers_step32kb_32_to_1024,0,753664,46,1,bench2-fn-b,bench2-fn-b,1,52895277,1000000000,52895277,50,798841558357,798894453634
proto_two_containers_step32kb_32_to_1024,0,753664,47,1,bench2-fn-a,bench2-fn-a,1,240897260,1000000000,240897260,50,798895619560,799136516820
proto_two_containers_step32kb_32_to_1024,0,753664,48,1,bench2-fn-b,bench2-fn-b,1,52582852,1000000000,52582852,50,799137779171,799190362023
proto_two_containers_step32kb_32_to_1024,0,753664,49,1,bench2-fn-a,bench2-fn-a,1,53629722,1000000000,53629722,50,799191503338,799245133060
proto_two_containers_step32kb_32_to_1024,0,753664,50,1,bench2-fn-b,bench2-fn-b,1,236759222,1000000000,236759222,50,799246660745,799483419967
proto_two_containers_step32kb_32_to_1024,0,786432,1,1,bench2-fn-a,bench2-fn-a,0,61012870,1000000000,61012870,50,799584232116,799645244986
proto_two_containers_step32kb_32_to_1024,0,786432,2,1,bench2-fn-b,bench2-fn-b,1,230234593,1000000000,230234593,50,799646906893,799877141486
proto_two_containers_step32kb_32_to_1024,0,786432,3,1,bench2-fn-a,bench2-fn-a,1,53744685,1000000000,53744685,50,799878882301,799932626986
proto_two_containers_step32kb_32_to_1024,0,786432,4,1,bench2-fn-b,bench2-fn-b,1,53564130,1000000000,53564130,50,799934778208,799988342338
proto_two_containers_step32kb_32_to_1024,0,786432,5,1,bench2-fn-a,bench2-fn-a,1,54566408,1000000000,54566408,50,799989435430,800044001838
proto_two_containers_step32kb_32_to_1024,0,786432,6,1,bench2-fn-b,bench2-fn-b,1,53888315,1000000000,53888315,50,800045644134,800099532449
proto_two_containers_step32kb_32_to_1024,0,786432,7,1,bench2-fn-a,bench2-fn-a,1,55915278,1000000000,55915278,50,800100945282,800156860560
proto_two_containers_step32kb_32_to_1024,0,786432,8,1,bench2-fn-b,bench2-fn-b,1,52889259,1000000000,52889259,50,800157997060,800210886319
proto_two_containers_step32kb_32_to_1024,0,786432,9,1,bench2-fn-a,bench2-fn-a,1,54083462,1000000000,54083462,50,800212250486,800266333948
proto_two_containers_step32kb_32_to_1024,0,786432,10,1,bench2-fn-b,bench2-fn-b,1,62960223,1000000000,62960223,50,800267764948,800330725171
proto_two_containers_step32kb_32_to_1024,0,786432,11,1,bench2-fn-a,bench2-fn-a,1,310174092,1000000000,310174092,50,800332535745,800642709837
proto_two_containers_step32kb_32_to_1024,0,786432,12,1,bench2-fn-b,bench2-fn-b,1,54202537,1000000000,54202537,50,800644513282,800698715819
proto_two_containers_step32kb_32_to_1024,0,786432,13,1,bench2-fn-a,bench2-fn-a,1,55636204,1000000000,55636204,50,800700261707,800755897911
proto_two_containers_step32kb_32_to_1024,0,786432,14,1,bench2-fn-b,bench2-fn-b,1,249843388,1000000000,249843388,50,800757052004,801006895392
proto_two_containers_step32kb_32_to_1024,0,786432,15,1,bench2-fn-a,bench2-fn-a,1,57551315,1000000000,57551315,50,801008505948,801066057263
proto_two_containers_step32kb_32_to_1024,0,786432,16,1,bench2-fn-b,bench2-fn-b,1,53802648,1000000000,53802648,50,801068937041,801122739689
proto_two_containers_step32kb_32_to_1024,0,786432,17,1,bench2-fn-a,bench2-fn-a,1,238263333,1000000000,238263333,50,801123856726,801362120059
proto_two_containers_step32kb_32_to_1024,0,786432,18,1,bench2-fn-b,bench2-fn-b,1,53783019,1000000000,53783019,50,801363231040,801417014059
proto_two_containers_step32kb_32_to_1024,0,786432,19,1,bench2-fn-a,bench2-fn-a,1,56434092,1000000000,56434092,50,801418490411,801474924503
proto_two_containers_step32kb_32_to_1024,0,786432,20,1,bench2-fn-b,bench2-fn-b,1,59795871,1000000000,59795871,50,801476149040,801535944911
proto_two_containers_step32kb_32_to_1024,0,786432,21,1,bench2-fn-a,bench2-fn-a,1,53007649,1000000000,53007649,50,801537377688,801590385337
proto_two_containers_step32kb_32_to_1024,0,786432,22,1,bench2-fn-b,bench2-fn-b,1,53750482,1000000000,53750482,50,801591903503,801645653985
proto_two_containers_step32kb_32_to_1024,0,786432,23,1,bench2-fn-a,bench2-fn-a,1,53974870,1000000000,53974870,50,801647413207,801701388077
proto_two_containers_step32kb_32_to_1024,0,786432,24,1,bench2-fn-b,bench2-fn-b,1,53535667,1000000000,53535667,50,801703352466,801756888133
proto_two_containers_step32kb_32_to_1024,0,786432,25,1,bench2-fn-a,bench2-fn-a,1,53479315,1000000000,53479315,50,801758925614,801812404929
proto_two_containers_step32kb_32_to_1024,0,786432,26,1,bench2-fn-b,bench2-fn-b,1,53282333,1000000000,53282333,50,801813670911,801866953244
proto_two_containers_step32kb_32_to_1024,0,786432,27,1,bench2-fn-a,bench2-fn-a,1,52783574,1000000000,52783574,50,801868475818,801921259392
proto_two_containers_step32kb_32_to_1024,0,786432,28,1,bench2-fn-b,bench2-fn-b,1,295096926,1000000000,295096926,50,801922410614,802217507540
proto_two_containers_step32kb_32_to_1024,0,786432,29,1,bench2-fn-a,bench2-fn-a,1,52905000,1000000000,52905000,50,802219255984,802272160984
proto_two_containers_step32kb_32_to_1024,0,786432,30,1,bench2-fn-b,bench2-fn-b,1,51227722,1000000000,51227722,50,802273390429,802324618151
proto_two_containers_step32kb_32_to_1024,0,786432,31,1,bench2-fn-a,bench2-fn-a,1,51256852,1000000000,51256852,50,802326224151,802377481003
proto_two_containers_step32kb_32_to_1024,0,786432,32,1,bench2-fn-b,bench2-fn-b,1,52024593,1000000000,52024593,50,802379212021,802431236614
proto_two_containers_step32kb_32_to_1024,0,786432,33,1,bench2-fn-a,bench2-fn-a,1,52770556,1000000000,52770556,50,802432810632,802485581188
proto_two_containers_step32kb_32_to_1024,0,786432,34,1,bench2-fn-b,bench2-fn-b,1,53678241,1000000000,53678241,50,802486859077,802540537318
proto_two_containers_step32kb_32_to_1024,0,786432,35,1,bench2-fn-a,bench2-fn-a,1,237077204,1000000000,237077204,50,802541764262,802778841466
proto_two_containers_step32kb_32_to_1024,0,786432,36,1,bench2-fn-b,bench2-fn-b,1,51683778,1000000000,51683778,50,802780246632,802831930410
proto_two_containers_step32kb_32_to_1024,0,786432,37,1,bench2-fn-a,bench2-fn-a,1,51856241,1000000000,51856241,50,802833981169,802885837410
proto_two_containers_step32kb_32_to_1024,0,786432,38,1,bench2-fn-b,bench2-fn-b,1,51304518,1000000000,51304518,50,802887164521,802938469039
proto_two_containers_step32kb_32_to_1024,0,786432,39,1,bench2-fn-a,bench2-fn-a,1,53966445,1000000000,53966445,50,802939760206,802993726651
proto_two_containers_step32kb_32_to_1024,0,786432,40,1,bench2-fn-b,bench2-fn-b,1,242672833,1000000000,242672833,50,802994832669,803237505502
proto_two_containers_step32kb_32_to_1024,0,786432,41,1,bench2-fn-a,bench2-fn-a,1,51953629,1000000000,51953629,50,803238783947,803290737576
proto_two_containers_step32kb_32_to_1024,0,786432,42,1,bench2-fn-b,bench2-fn-b,1,51892352,1000000000,51892352,50,803292217391,803344109743
proto_two_containers_step32kb_32_to_1024,0,786432,43,1,bench2-fn-a,bench2-fn-a,1,243783722,1000000000,243783722,50,803345667799,803589451521
proto_two_containers_step32kb_32_to_1024,0,786432,44,1,bench2-fn-b,bench2-fn-b,1,51976055,1000000000,51976055,50,803590854058,803642830113
proto_two_containers_step32kb_32_to_1024,0,786432,45,1,bench2-fn-a,bench2-fn-a,1,51206462,1000000000,51206462,50,803644202484,803695408946
proto_two_containers_step32kb_32_to_1024,0,786432,46,1,bench2-fn-b,bench2-fn-b,1,53304037,1000000000,53304037,50,803696767169,803750071206
proto_two_containers_step32kb_32_to_1024,0,786432,47,1,bench2-fn-a,bench2-fn-a,1,51404074,1000000000,51404074,50,803751314909,803802718983
proto_two_containers_step32kb_32_to_1024,0,786432,48,1,bench2-fn-b,bench2-fn-b,1,51993611,1000000000,51993611,50,803804190687,803856184298
proto_two_containers_step32kb_32_to_1024,0,786432,49,1,bench2-fn-a,bench2-fn-a,1,51253962,1000000000,51253962,50,803857497632,803908751594
proto_two_containers_step32kb_32_to_1024,0,786432,50,1,bench2-fn-b,bench2-fn-b,1,51778630,1000000000,51778630,50,803910471057,803962249687
proto_two_containers_step32kb_32_to_1024,0,819200,1,1,bench2-fn-a,bench2-fn-a,0,62593259,1000000000,62593259,50,804068484298,804131077557
proto_two_containers_step32kb_32_to_1024,0,819200,2,1,bench2-fn-b,bench2-fn-b,1,249364666,1000000000,249364666,50,804132283113,804381647779
proto_two_containers_step32kb_32_to_1024,0,819200,3,1,bench2-fn-a,bench2-fn-a,1,58315908,1000000000,58315908,50,804382843668,804441159576
proto_two_containers_step32kb_32_to_1024,0,819200,4,1,bench2-fn-b,bench2-fn-b,1,57043222,1000000000,57043222,50,804443420150,804500463372
proto_two_containers_step32kb_32_to_1024,0,819200,5,1,bench2-fn-a,bench2-fn-a,1,249922759,1000000000,249922759,50,804502222502,804752145261
proto_two_containers_step32kb_32_to_1024,0,819200,6,1,bench2-fn-b,bench2-fn-b,1,57207796,1000000000,57207796,50,804754399446,804811607242
proto_two_containers_step32kb_32_to_1024,0,819200,7,1,bench2-fn-a,bench2-fn-a,1,59037908,1000000000,59037908,50,804812917575,804871955483
proto_two_containers_step32kb_32_to_1024,0,819200,8,1,bench2-fn-b,bench2-fn-b,1,243228074,1000000000,243228074,50,804873197668,805116425742
proto_two_containers_step32kb_32_to_1024,0,819200,9,1,bench2-fn-a,bench2-fn-a,1,57456777,1000000000,57456777,50,805119440020,805176896797
proto_two_containers_step32kb_32_to_1024,0,819200,10,1,bench2-fn-b,bench2-fn-b,1,244003074,1000000000,244003074,50,805178138557,805422141631
proto_two_containers_step32kb_32_to_1024,0,819200,11,1,bench2-fn-a,bench2-fn-a,1,58209851,1000000000,58209851,50,805423547631,805481757482
proto_two_containers_step32kb_32_to_1024,0,819200,12,1,bench2-fn-b,bench2-fn-b,1,244743334,1000000000,244743334,50,805482873056,805727616390
proto_two_containers_step32kb_32_to_1024,0,819200,13,1,bench2-fn-a,bench2-fn-a,1,56273833,1000000000,56273833,50,805728831890,805785105723
proto_two_containers_step32kb_32_to_1024,0,819200,14,1,bench2-fn-b,bench2-fn-b,1,57568945,1000000000,57568945,50,805786507241,805844076186
proto_two_containers_step32kb_32_to_1024,0,819200,15,1,bench2-fn-a,bench2-fn-a,1,245600074,1000000000,245600074,50,805845275519,806090875593
proto_two_containers_step32kb_32_to_1024,0,819200,16,1,bench2-fn-b,bench2-fn-b,1,56476518,1000000000,56476518,50,806092307871,806148784389
proto_two_containers_step32kb_32_to_1024,0,819200,17,1,bench2-fn-a,bench2-fn-a,1,56112167,1000000000,56112167,50,806150093093,806206205260
proto_two_containers_step32kb_32_to_1024,0,819200,18,1,bench2-fn-b,bench2-fn-b,1,57537334,1000000000,57537334,50,806209043278,806266580612
proto_two_containers_step32kb_32_to_1024,0,819200,19,1,bench2-fn-a,bench2-fn-a,1,241949518,1000000000,241949518,50,806268096575,806510046093
proto_two_containers_step32kb_32_to_1024,0,819200,20,1,bench2-fn-b,bench2-fn-b,1,58884796,1000000000,58884796,50,806511217167,806570101963
proto_two_containers_step32kb_32_to_1024,0,819200,21,1,bench2-fn-a,bench2-fn-a,1,56212278,1000000000,56212278,50,806571234685,806627446963
proto_two_containers_step32kb_32_to_1024,0,819200,22,1,bench2-fn-b,bench2-fn-b,1,56682704,1000000000,56682704,50,806628839037,806685521741
proto_two_containers_step32kb_32_to_1024,0,819200,23,1,bench2-fn-a,bench2-fn-a,1,56018222,1000000000,56018222,50,806686648037,806742666259
proto_two_containers_step32kb_32_to_1024,0,819200,24,1,bench2-fn-b,bench2-fn-b,1,56323425,1000000000,56323425,50,806744560334,806800883759
proto_two_containers_step32kb_32_to_1024,0,819200,25,1,bench2-fn-a,bench2-fn-a,1,240472611,1000000000,240472611,50,806802008408,807042481019
proto_two_containers_step32kb_32_to_1024,0,819200,26,1,bench2-fn-b,bench2-fn-b,1,57478148,1000000000,57478148,50,807043988111,807101466259
proto_two_containers_step32kb_32_to_1024,0,819200,27,1,bench2-fn-a,bench2-fn-a,1,58196370,1000000000,58196370,50,807102562389,807160758759
proto_two_containers_step32kb_32_to_1024,0,819200,28,1,bench2-fn-b,bench2-fn-b,1,236580667,1000000000,236580667,50,807162249055,807398829722
proto_two_containers_step32kb_32_to_1024,0,819200,29,1,bench2-fn-a,bench2-fn-a,1,57266926,1000000000,57266926,50,807400691833,807457958759
proto_two_containers_step32kb_32_to_1024,0,819200,30,1,bench2-fn-b,bench2-fn-b,1,55961204,1000000000,55961204,50,807459093796,807515055000
proto_two_containers_step32kb_32_to_1024,0,819200,31,1,bench2-fn-a,bench2-fn-a,1,58728167,1000000000,58728167,50,807516853796,807575581963
proto_two_containers_step32kb_32_to_1024,0,819200,32,1,bench2-fn-b,bench2-fn-b,1,58450278,1000000000,58450278,50,807577615629,807636065907
proto_two_containers_step32kb_32_to_1024,0,819200,33,1,bench2-fn-a,bench2-fn-a,1,63466981,1000000000,63466981,50,807637367259,807700834240
proto_two_containers_step32kb_32_to_1024,0,819200,34,1,bench2-fn-b,bench2-fn-b,1,248765888,1000000000,248765888,50,807702031889,807950797777
proto_two_containers_step32kb_32_to_1024,0,819200,35,1,bench2-fn-a,bench2-fn-a,1,57025112,1000000000,57025112,50,807951977499,808009002611
proto_two_containers_step32kb_32_to_1024,0,819200,36,1,bench2-fn-b,bench2-fn-b,1,302544315,1000000000,302544315,50,808010516666,808313060981
proto_two_containers_step32kb_32_to_1024,0,819200,37,1,bench2-fn-a,bench2-fn-a,1,55149722,1000000000,55149722,50,808314854536,808370004258
proto_two_containers_step32kb_32_to_1024,0,819200,38,1,bench2-fn-b,bench2-fn-b,1,55237759,1000000000,55237759,50,808371378777,808426616536
proto_two_containers_step32kb_32_to_1024,0,819200,39,1,bench2-fn-a,bench2-fn-a,1,55518463,1000000000,55518463,50,808427741536,808483259999
proto_two_containers_step32kb_32_to_1024,0,819200,40,1,bench2-fn-b,bench2-fn-b,1,241986722,1000000000,241986722,50,808484504481,808726491203
proto_two_containers_step32kb_32_to_1024,0,819200,41,1,bench2-fn-a,bench2-fn-a,1,55670037,1000000000,55670037,50,808727603703,808783273740
proto_two_containers_step32kb_32_to_1024,0,819200,42,1,bench2-fn-b,bench2-fn-b,1,56912778,1000000000,56912778,50,808784375295,808841288073
proto_two_containers_step32kb_32_to_1024,0,819200,43,1,bench2-fn-a,bench2-fn-a,1,55191593,1000000000,55191593,50,808843476517,808898668110
proto_two_containers_step32kb_32_to_1024,0,819200,44,1,bench2-fn-b,bench2-fn-b,1,54963111,1000000000,54963111,50,808900299036,808955262147
proto_two_containers_step32kb_32_to_1024,0,819200,45,1,bench2-fn-a,bench2-fn-a,1,303542278,1000000000,303542278,50,808956532054,809260074332
proto_two_containers_step32kb_32_to_1024,0,819200,46,1,bench2-fn-b,bench2-fn-b,1,303360722,1000000000,303360722,50,809261534425,809564895147
proto_two_containers_step32kb_32_to_1024,0,819200,47,1,bench2-fn-a,bench2-fn-a,1,54378760,1000000000,54378760,50,809566193813,809620572573
proto_two_containers_step32kb_32_to_1024,0,819200,48,1,bench2-fn-b,bench2-fn-b,1,241418371,1000000000,241418371,50,809621841498,809863259869
proto_two_containers_step32kb_32_to_1024,0,819200,49,1,bench2-fn-a,bench2-fn-a,1,52302500,1000000000,52302500,50,809864752887,809917055387
proto_two_containers_step32kb_32_to_1024,0,819200,50,1,bench2-fn-b,bench2-fn-b,1,57543759,1000000000,57543759,50,809918429924,809975973683
proto_two_containers_step32kb_32_to_1024,0,851968,1,1,bench2-fn-a,bench2-fn-a,0,65717574,1000000000,65717574,50,810074681035,810140398609
proto_two_containers_step32kb_32_to_1024,0,851968,2,1,bench2-fn-b,bench2-fn-b,1,58655018,1000000000,58655018,50,810143036776,810201691794
proto_two_containers_step32kb_32_to_1024,0,851968,3,1,bench2-fn-a,bench2-fn-a,1,57816889,1000000000,57816889,50,810202770683,810260587572
proto_two_containers_step32kb_32_to_1024,0,851968,4,1,bench2-fn-b,bench2-fn-b,1,64206888,1000000000,64206888,50,810261737554,810325944442
proto_two_containers_step32kb_32_to_1024,0,851968,5,1,bench2-fn-a,bench2-fn-a,1,59984870,1000000000,59984870,50,810328107628,810388092498
proto_two_containers_step32kb_32_to_1024,0,851968,6,1,bench2-fn-b,bench2-fn-b,1,59486833,1000000000,59486833,50,810390593109,810450079942
proto_two_containers_step32kb_32_to_1024,0,851968,7,1,bench2-fn-a,bench2-fn-a,1,59590389,1000000000,59590389,50,810451236646,810510827035
proto_two_containers_step32kb_32_to_1024,0,851968,8,1,bench2-fn-b,bench2-fn-b,1,300869371,1000000000,300869371,50,810512023053,810812892424
proto_two_containers_step32kb_32_to_1024,0,851968,9,1,bench2-fn-a,bench2-fn-a,1,58221889,1000000000,58221889,50,810814231146,810872453035
proto_two_containers_step32kb_32_to_1024,0,851968,10,1,bench2-fn-b,bench2-fn-b,1,58492500,1000000000,58492500,50,810874186738,810932679238
proto_two_containers_step32kb_32_to_1024,0,851968,11,1,bench2-fn-a,bench2-fn-a,1,240183222,1000000000,240183222,50,810934627535,811174810757
proto_two_containers_step32kb_32_to_1024,0,851968,12,1,bench2-fn-b,bench2-fn-b,1,59615278,1000000000,59615278,50,811176919238,811236534516
proto_two_containers_step32kb_32_to_1024,0,851968,13,1,bench2-fn-a,bench2-fn-a,1,60865185,1000000000,60865185,50,811238387775,811299252960
proto_two_containers_step32kb_32_to_1024,0,851968,14,1,bench2-fn-b,bench2-fn-b,1,58142889,1000000000,58142889,50,811300548331,811358691220
proto_two_containers_step32kb_32_to_1024,0,851968,15,1,bench2-fn-a,bench2-fn-a,1,60176092,1000000000,60176092,50,811359863572,811420039664
proto_two_containers_step32kb_32_to_1024,0,851968,16,1,bench2-fn-b,bench2-fn-b,1,245160797,1000000000,245160797,50,811421694960,811666855757
proto_two_containers_step32kb_32_to_1024,0,851968,17,1,bench2-fn-a,bench2-fn-a,1,57771982,1000000000,57771982,50,811667931812,811725703794
proto_two_containers_step32kb_32_to_1024,0,851968,18,1,bench2-fn-b,bench2-fn-b,1,240953037,1000000000,240953037,50,811726971812,811967924849
proto_two_containers_step32kb_32_to_1024,0,851968,19,1,bench2-fn-a,bench2-fn-a,1,58115704,1000000000,58115704,50,811969304386,812027420090
proto_two_containers_step32kb_32_to_1024,0,851968,20,1,bench2-fn-b,bench2-fn-b,1,58469425,1000000000,58469425,50,812028551479,812087020904
proto_two_containers_step32kb_32_to_1024,0,851968,21,1,bench2-fn-a,bench2-fn-a,1,58070111,1000000000,58070111,50,812088594497,812146664608
proto_two_containers_step32kb_32_to_1024,0,851968,22,1,bench2-fn-b,bench2-fn-b,1,249702148,1000000000,249702148,50,812148010182,812397712330
proto_two_containers_step32kb_32_to_1024,0,851968,23,1,bench2-fn-a,bench2-fn-a,1,61197500,1000000000,61197500,50,812398940182,812460137682
proto_two_containers_step32kb_32_to_1024,0,851968,24,1,bench2-fn-b,bench2-fn-b,1,57921408,1000000000,57921408,50,812461360978,812519282386
proto_two_containers_step32kb_32_to_1024,0,851968,25,1,bench2-fn-a,bench2-fn-a,1,58665259,1000000000,58665259,50,812521129904,812579795163
proto_two_containers_step32kb_32_to_1024,0,851968,26,1,bench2-fn-b,bench2-fn-b,1,58739963,1000000000,58739963,50,812581313774,812640053737
proto_two_containers_step32kb_32_to_1024,0,851968,27,1,bench2-fn-a,bench2-fn-a,1,239540481,1000000000,239540481,50,812641270404,812880810885
proto_two_containers_step32kb_32_to_1024,0,851968,28,1,bench2-fn-b,bench2-fn-b,1,57968537,1000000000,57968537,50,812881967145,812939935682
proto_two_containers_step32kb_32_to_1024,0,851968,29,1,bench2-fn-a,bench2-fn-a,1,244689537,1000000000,244689537,50,812941839645,813186529182
proto_two_containers_step32kb_32_to_1024,0,851968,30,1,bench2-fn-b,bench2-fn-b,1,58466352,1000000000,58466352,50,813187948626,813246414978
proto_two_containers_step32kb_32_to_1024,0,851968,31,1,bench2-fn-a,bench2-fn-a,1,58183389,1000000000,58183389,50,813247729459,813305912848
proto_two_containers_step32kb_32_to_1024,0,851968,32,1,bench2-fn-b,bench2-fn-b,1,57919481,1000000000,57919481,50,813307240441,813365159922
proto_two_containers_step32kb_32_to_1024,0,851968,33,1,bench2-fn-a,bench2-fn-a,1,58531796,1000000000,58531796,50,813366649293,813425181089
proto_two_containers_step32kb_32_to_1024,0,851968,34,1,bench2-fn-b,bench2-fn-b,1,241479630,1000000000,241479630,50,813426470218,813667949848
proto_two_containers_step32kb_32_to_1024,0,851968,35,1,bench2-fn-a,bench2-fn-a,1,58125297,1000000000,58125297,50,813670052718,813728178015
proto_two_containers_step32kb_32_to_1024,0,851968,36,1,bench2-fn-b,bench2-fn-b,1,287383518,1000000000,287383518,50,813729466533,814016850051
proto_two_containers_step32kb_32_to_1024,0,851968,37,1,bench2-fn-a,bench2-fn-a,1,247751037,1000000000,247751037,50,814018300718,814266051755
proto_two_containers_step32kb_32_to_1024,0,851968,38,1,bench2-fn-b,bench2-fn-b,1,62418796,1000000000,62418796,50,814267317755,814329736551
proto_two_containers_step32kb_32_to_1024,0,851968,39,1,bench2-fn-a,bench2-fn-a,1,60366352,1000000000,60366352,50,814330922662,814391289014
proto_two_containers_step32kb_32_to_1024,0,851968,40,1,bench2-fn-b,bench2-fn-b,1,59319463,1000000000,59319463,50,814392817736,814452137199
proto_two_containers_step32kb_32_to_1024,0,851968,41,1,bench2-fn-a,bench2-fn-a,1,61064371,1000000000,61064371,50,814453418273,814514482644
proto_two_containers_step32kb_32_to_1024,0,851968,42,1,bench2-fn-b,bench2-fn-b,1,58401074,1000000000,58401074,50,814515598570,814573999644
proto_two_containers_step32kb_32_to_1024,0,851968,43,1,bench2-fn-a,bench2-fn-a,1,244705500,1000000000,244705500,50,814575145181,814819850681
proto_two_containers_step32kb_32_to_1024,0,851968,44,1,bench2-fn-b,bench2-fn-b,1,58256667,1000000000,58256667,50,814821106773,814879363440
proto_two_containers_step32kb_32_to_1024,0,851968,45,1,bench2-fn-a,bench2-fn-a,1,60635870,1000000000,60635870,50,814880579736,814941215606
proto_two_containers_step32kb_32_to_1024,0,851968,46,1,bench2-fn-b,bench2-fn-b,1,60120870,1000000000,60120870,50,814942410903,815002531773
proto_two_containers_step32kb_32_to_1024,0,851968,47,1,bench2-fn-a,bench2-fn-a,1,248450814,1000000000,248450814,50,815004248977,815252699791
proto_two_containers_step32kb_32_to_1024,0,851968,48,1,bench2-fn-b,bench2-fn-b,1,60505833,1000000000,60505833,50,815254195995,815314701828
proto_two_containers_step32kb_32_to_1024,0,851968,49,1,bench2-fn-a,bench2-fn-a,1,57678185,1000000000,57678185,50,815316094643,815373772828
proto_two_containers_step32kb_32_to_1024,0,851968,50,1,bench2-fn-b,bench2-fn-b,1,60198278,1000000000,60198278,50,815374952384,815435150662
proto_two_containers_step32kb_32_to_1024,0,884736,1,1,bench2-fn-a,bench2-fn-a,0,67033037,1000000000,67033037,50,815540784365,815607817402
proto_two_containers_step32kb_32_to_1024,0,884736,2,1,bench2-fn-b,bench2-fn-b,1,243452240,1000000000,243452240,50,815609198699,815852650939
proto_two_containers_step32kb_32_to_1024,0,884736,3,1,bench2-fn-a,bench2-fn-a,1,63847778,1000000000,63847778,50,815854449902,815918297680
proto_two_containers_step32kb_32_to_1024,0,884736,4,1,bench2-fn-b,bench2-fn-b,1,62898370,1000000000,62898370,50,815920133810,815983032180
proto_two_containers_step32kb_32_to_1024,0,884736,5,1,bench2-fn-a,bench2-fn-a,1,61006537,1000000000,61006537,50,815984142050,816045148587
proto_two_containers_step32kb_32_to_1024,0,884736,6,1,bench2-fn-b,bench2-fn-b,1,246049740,1000000000,246049740,50,816046547032,816292596772
proto_two_containers_step32kb_32_to_1024,0,884736,7,1,bench2-fn-a,bench2-fn-a,1,61483148,1000000000,61483148,50,816294413828,816355896976
proto_two_containers_step32kb_32_to_1024,0,884736,8,1,bench2-fn-b,bench2-fn-b,1,60135834,1000000000,60135834,50,816357173920,816417309754
proto_two_containers_step32kb_32_to_1024,0,884736,9,1,bench2-fn-a,bench2-fn-a,1,247214648,1000000000,247214648,50,816418553606,816665768254
proto_two_containers_step32kb_32_to_1024,0,884736,10,1,bench2-fn-b,bench2-fn-b,1,60090667,1000000000,60090667,50,816667048679,816727139346
proto_two_containers_step32kb_32_to_1024,0,884736,11,1,bench2-fn-a,bench2-fn-a,1,60830630,1000000000,60830630,50,816729424920,816790255550
proto_two_containers_step32kb_32_to_1024,0,884736,12,1,bench2-fn-b,bench2-fn-b,1,245573351,1000000000,245573351,50,816791615902,817037189253
proto_two_containers_step32kb_32_to_1024,0,884736,13,1,bench2-fn-a,bench2-fn-a,1,60045777,1000000000,60045777,50,817038489661,817098535438
proto_two_containers_step32kb_32_to_1024,0,884736,14,1,bench2-fn-b,bench2-fn-b,1,59936240,1000000000,59936240,50,817099865124,817159801364
proto_two_containers_step32kb_32_to_1024,0,884736,15,1,bench2-fn-a,bench2-fn-a,1,61025333,1000000000,61025333,50,817161259309,817222284642
proto_two_containers_step32kb_32_to_1024,0,884736,16,1,bench2-fn-b,bench2-fn-b,1,60083926,1000000000,60083926,50,817223541605,817283625531
proto_two_containers_step32kb_32_to_1024,0,884736,17,1,bench2-fn-a,bench2-fn-a,1,60015481,1000000000,60015481,50,817284994161,817345009642
proto_two_containers_step32kb_32_to_1024,0,884736,18,1,bench2-fn-b,bench2-fn-b,1,60804129,1000000000,60804129,50,817346800494,817407604623
proto_two_containers_step32kb_32_to_1024,0,884736,19,1,bench2-fn-a,bench2-fn-a,1,62042092,1000000000,62042092,50,817410993383,817473035475
proto_two_containers_step32kb_32_to_1024,0,884736,20,1,bench2-fn-b,bench2-fn-b,1,61778111,1000000000,61778111,50,817476566364,817538344475
proto_two_containers_step32kb_32_to_1024,0,884736,21,1,bench2-fn-a,bench2-fn-a,1,61379314,1000000000,61379314,50,817541237309,817602616623
proto_two_containers_step32kb_32_to_1024,0,884736,22,1,bench2-fn-b,bench2-fn-b,1,61249148,1000000000,61249148,50,817604977568,817666226716
proto_two_containers_step32kb_32_to_1024,0,884736,23,1,bench2-fn-a,bench2-fn-a,1,61398093,1000000000,61398093,50,817668885364,817730283457
proto_two_containers_step32kb_32_to_1024,0,884736,24,1,bench2-fn-b,bench2-fn-b,1,61066352,1000000000,61066352,50,817732301642,817793367994
proto_two_containers_step32kb_32_to_1024,0,884736,25,1,bench2-fn-a,bench2-fn-a,1,60283425,1000000000,60283425,50,817794647920,817854931345
proto_two_containers_step32kb_32_to_1024,0,884736,26,1,bench2-fn-b,bench2-fn-b,1,245557315,1000000000,245557315,50,817856323012,818101880327
proto_two_containers_step32kb_32_to_1024,0,884736,27,1,bench2-fn-a,bench2-fn-a,1,60079259,1000000000,60079259,50,818103008975,818163088234
proto_two_containers_step32kb_32_to_1024,0,884736,28,1,bench2-fn-b,bench2-fn-b,1,60109777,1000000000,60109777,50,818164282753,818224392530
proto_two_containers_step32kb_32_to_1024,0,884736,29,1,bench2-fn-a,bench2-fn-a,1,245714333,1000000000,245714333,50,818225685882,818471400215
proto_two_containers_step32kb_32_to_1024,0,884736,30,1,bench2-fn-b,bench2-fn-b,1,60059685,1000000000,60059685,50,818472534845,818532594530
proto_two_containers_step32kb_32_to_1024,0,884736,31,1,bench2-fn-a,bench2-fn-a,1,61311648,1000000000,61311648,50,818534040530,818595352178
proto_two_containers_step32kb_32_to_1024,0,884736,32,1,bench2-fn-b,bench2-fn-b,1,60628296,1000000000,60628296,50,818596799975,818657428271
proto_two_containers_step32kb_32_to_1024,0,884736,33,1,bench2-fn-a,bench2-fn-a,1,660293629,1000000000,660293629,50,818658814197,819319107826
proto_two_containers_step32kb_32_to_1024,0,884736,34,1,bench2-fn-b,bench2-fn-b,1,62603500,1000000000,62603500,50,819320589733,819383193233
proto_two_containers_step32kb_32_to_1024,0,884736,35,1,bench2-fn-a,bench2-fn-a,1,60224612,1000000000,60224612,50,819384320307,819444544919
proto_two_containers_step32kb_32_to_1024,0,884736,36,1,bench2-fn-b,bench2-fn-b,1,62616926,1000000000,62616926,50,819446049511,819508666437
proto_two_containers_step32kb_32_to_1024,0,884736,37,1,bench2-fn-a,bench2-fn-a,1,61349611,1000000000,61349611,50,819510181530,819571531141
proto_two_containers_step32kb_32_to_1024,0,884736,38,1,bench2-fn-b,bench2-fn-b,1,60409315,1000000000,60409315,50,819572636752,819633046067
proto_two_containers_step32kb_32_to_1024,0,884736,39,1,bench2-fn-a,bench2-fn-a,1,62861667,1000000000,62861667,50,819634740696,819697602363
proto_two_containers_step32kb_32_to_1024,0,884736,40,1,bench2-fn-b,bench2-fn-b,1,62018815,1000000000,62018815,50,819698948770,819760967585
proto_two_containers_step32kb_32_to_1024,0,884736,41,1,bench2-fn-a,bench2-fn-a,1,61526092,1000000000,61526092,50,819762574826,819824100918
proto_two_containers_step32kb_32_to_1024,0,884736,42,1,bench2-fn-b,bench2-fn-b,1,60795444,1000000000,60795444,50,819826179437,819886974881
proto_two_containers_step32kb_32_to_1024,0,884736,43,1,bench2-fn-a,bench2-fn-a,1,60879907,1000000000,60879907,50,819888667900,819949547807
proto_two_containers_step32kb_32_to_1024,0,884736,44,1,bench2-fn-b,bench2-fn-b,1,60384556,1000000000,60384556,50,819951166233,820011550789
proto_two_containers_step32kb_32_to_1024,0,884736,45,1,bench2-fn-a,bench2-fn-a,1,60452445,1000000000,60452445,50,820012695566,820073148011
proto_two_containers_step32kb_32_to_1024,0,884736,46,1,bench2-fn-b,bench2-fn-b,1,60701889,1000000000,60701889,50,820075393881,820136095770
proto_two_containers_step32kb_32_to_1024,0,884736,47,1,bench2-fn-a,bench2-fn-a,1,60059592,1000000000,60059592,50,820137259048,820197318640
proto_two_containers_step32kb_32_to_1024,0,884736,48,1,bench2-fn-b,bench2-fn-b,1,63231519,1000000000,63231519,50,820198714418,820261945937
proto_two_containers_step32kb_32_to_1024,0,884736,49,1,bench2-fn-a,bench2-fn-a,1,68651204,1000000000,68651204,50,820263157455,820331808659
proto_two_containers_step32kb_32_to_1024,0,884736,50,1,bench2-fn-b,bench2-fn-b,1,62498000,1000000000,62498000,50,820333829474,820396327474
proto_two_containers_step32kb_32_to_1024,0,917504,1,1,bench2-fn-a,bench2-fn-a,0,69781908,1000000000,69781908,50,820488719177,820558501085
proto_two_containers_step32kb_32_to_1024,0,917504,2,1,bench2-fn-b,bench2-fn-b,1,61900167,1000000000,61900167,50,820559820436,820621720603
proto_two_containers_step32kb_32_to_1024,0,917504,3,1,bench2-fn-a,bench2-fn-a,1,61838518,1000000000,61838518,50,820622789029,820684627547
proto_two_containers_step32kb_32_to_1024,0,917504,4,1,bench2-fn-b,bench2-fn-b,1,61925277,1000000000,61925277,50,820686122122,820748047399
proto_two_containers_step32kb_32_to_1024,0,917504,5,1,bench2-fn-a,bench2-fn-a,1,311649871,1000000000,311649871,50,820749487584,821061137455
proto_two_containers_step32kb_32_to_1024,0,917504,6,1,bench2-fn-b,bench2-fn-b,1,256694834,1000000000,256694834,50,821062685658,821319380492
proto_two_containers_step32kb_32_to_1024,0,917504,7,1,bench2-fn-a,bench2-fn-a,1,62005074,1000000000,62005074,50,821320649899,821382654973
proto_two_containers_step32kb_32_to_1024,0,917504,8,1,bench2-fn-b,bench2-fn-b,1,247561092,1000000000,247561092,50,821383985140,821631546232
proto_two_containers_step32kb_32_to_1024,0,917504,9,1,bench2-fn-a,bench2-fn-a,1,63010148,1000000000,63010148,50,821633073454,821696083602
proto_two_containers_step32kb_32_to_1024,0,917504,10,1,bench2-fn-b,bench2-fn-b,1,246263815,1000000000,246263815,50,821698044213,821944308028
proto_two_containers_step32kb_32_to_1024,0,917504,11,1,bench2-fn-a,bench2-fn-a,1,64952407,1000000000,64952407,50,821945735936,822010688343
proto_two_containers_step32kb_32_to_1024,0,917504,12,1,bench2-fn-b,bench2-fn-b,1,64973370,1000000000,64973370,50,822011856454,822076829824
proto_two_containers_step32kb_32_to_1024,0,917504,13,1,bench2-fn-a,bench2-fn-a,1,62447204,1000000000,62447204,50,822077878602,822140325806
proto_two_containers_step32kb_32_to_1024,0,917504,14,1,bench2-fn-b,bench2-fn-b,1,250005333,1000000000,250005333,50,822141607417,822391612750
proto_two_containers_step32kb_32_to_1024,0,917504,15,1,bench2-fn-a,bench2-fn-a,1,60844482,1000000000,60844482,50,822393218287,822454062769
proto_two_containers_step32kb_32_to_1024,0,917504,16,1,bench2-fn-b,bench2-fn-b,1,246155074,1000000000,246155074,50,822455645509,822701800583
proto_two_containers_step32kb_32_to_1024,0,917504,17,1,bench2-fn-a,bench2-fn-a,1,61122963,1000000000,61122963,50,822703796361,822764919324
proto_two_containers_step32kb_32_to_1024,0,917504,18,1,bench2-fn-b,bench2-fn-b,1,60480388,1000000000,60480388,50,822766172454,822826652842
proto_two_containers_step32kb_32_to_1024,0,917504,19,1,bench2-fn-a,bench2-fn-a,1,253979944,1000000000,253979944,50,822828665213,823082645157
proto_two_containers_step32kb_32_to_1024,0,917504,20,1,bench2-fn-b,bench2-fn-b,1,247208018,1000000000,247208018,50,823083717250,823330925268
proto_two_containers_step32kb_32_to_1024,0,917504,21,1,bench2-fn-a,bench2-fn-a,1,60791630,1000000000,60791630,50,823332411379,823393203009
proto_two_containers_step32kb_32_to_1024,0,917504,22,1,bench2-fn-b,bench2-fn-b,1,245013611,1000000000,245013611,50,823394874212,823639887823
proto_two_containers_step32kb_32_to_1024,0,917504,23,1,bench2-fn-a,bench2-fn-a,1,60839315,1000000000,60839315,50,823641090786,823701930101
proto_two_containers_step32kb_32_to_1024,0,917504,24,1,bench2-fn-b,bench2-fn-b,1,63357186,1000000000,63357186,50,823703381397,823766738583
proto_two_containers_step32kb_32_to_1024,0,917504,25,1,bench2-fn-a,bench2-fn-a,1,313402815,1000000000,313402815,50,823767921823,824081324638
proto_two_containers_step32kb_32_to_1024,0,917504,26,1,bench2-fn-b,bench2-fn-b,1,60508129,1000000000,60508129,50,824082433490,824142941619
proto_two_containers_step32kb_32_to_1024,0,917504,27,1,bench2-fn-a,bench2-fn-a,1,238235334,1000000000,238235334,50,824144873082,824383108416
proto_two_containers_step32kb_32_to_1024,0,917504,28,1,bench2-fn-b,bench2-fn-b,1,61184203,1000000000,61184203,50,824384577342,824445761545
proto_two_containers_step32kb_32_to_1024,0,917504,29,1,bench2-fn-a,bench2-fn-a,1,245905685,1000000000,245905685,50,824447337138,824693242823
proto_two_containers_step32kb_32_to_1024,0,917504,30,1,bench2-fn-b,bench2-fn-b,1,60430519,1000000000,60430519,50,824694577730,824755008249
proto_two_containers_step32kb_32_to_1024,0,917504,31,1,bench2-fn-a,bench2-fn-a,1,60434722,1000000000,60434722,50,824756179101,824816613823
proto_two_containers_step32kb_32_to_1024,0,917504,32,1,bench2-fn-b,bench2-fn-b,1,60456797,1000000000,60456797,50,824817784526,824878241323
proto_two_containers_step32kb_32_to_1024,0,917504,33,1,bench2-fn-a,bench2-fn-a,1,238441592,1000000000,238441592,50,824880113119,825118554711
proto_two_containers_step32kb_32_to_1024,0,917504,34,1,bench2-fn-b,bench2-fn-b,1,61501852,1000000000,61501852,50,825119791471,825181293323
proto_two_containers_step32kb_32_to_1024,0,917504,35,1,bench2-fn-a,bench2-fn-a,1,61256148,1000000000,61256148,50,825183121656,825244377804
proto_two_containers_step32kb_32_to_1024,0,917504,36,1,bench2-fn-b,bench2-fn-b,1,63438074,1000000000,63438074,50,825245649156,825309087230
proto_two_containers_step32kb_32_to_1024,0,917504,37,1,bench2-fn-a,bench2-fn-a,1,64738889,1000000000,64738889,50,825311051804,825375790693
proto_two_containers_step32kb_32_to_1024,0,917504,38,1,bench2-fn-b,bench2-fn-b,1,304441408,1000000000,304441408,50,825378275896,825682717304
proto_two_containers_step32kb_32_to_1024,0,917504,39,1,bench2-fn-a,bench2-fn-a,1,63007018,1000000000,63007018,50,825683979915,825746986933
proto_two_containers_step32kb_32_to_1024,0,917504,40,1,bench2-fn-b,bench2-fn-b,1,60689907,1000000000,60689907,50,825748521452,825809211359
proto_two_containers_step32kb_32_to_1024,0,917504,41,1,bench2-fn-a,bench2-fn-a,1,309494018,1000000000,309494018,50,825810575026,826120069044
proto_two_containers_step32kb_32_to_1024,0,917504,42,1,bench2-fn-b,bench2-fn-b,1,62470334,1000000000,62470334,50,826121625655,826184095989
proto_two_containers_step32kb_32_to_1024,0,917504,43,1,bench2-fn-a,bench2-fn-a,1,244013815,1000000000,244013815,50,826185251581,826429265396
proto_two_containers_step32kb_32_to_1024,0,917504,44,1,bench2-fn-b,bench2-fn-b,1,60904722,1000000000,60904722,50,826430549266,826491453988
proto_two_containers_step32kb_32_to_1024,0,917504,45,1,bench2-fn-a,bench2-fn-a,1,247484926,1000000000,247484926,50,826492898896,826740383822
proto_two_containers_step32kb_32_to_1024,0,917504,46,1,bench2-fn-b,bench2-fn-b,1,62342444,1000000000,62342444,50,826741645970,826803988414
proto_two_containers_step32kb_32_to_1024,0,917504,47,1,bench2-fn-a,bench2-fn-a,1,59995093,1000000000,59995093,50,826805833488,826865828581
proto_two_containers_step32kb_32_to_1024,0,917504,48,1,bench2-fn-b,bench2-fn-b,1,59800130,1000000000,59800130,50,826867307599,826927107729
proto_two_containers_step32kb_32_to_1024,0,917504,49,1,bench2-fn-a,bench2-fn-a,1,245653222,1000000000,245653222,50,826928425562,827174078784
proto_two_containers_step32kb_32_to_1024,0,917504,50,1,bench2-fn-b,bench2-fn-b,1,66046074,1000000000,66046074,50,827175219395,827241265469
proto_two_containers_step32kb_32_to_1024,0,950272,1,1,bench2-fn-a,bench2-fn-a,0,73525259,1000000000,73525259,50,827339571488,827413096747
proto_two_containers_step32kb_32_to_1024,0,950272,2,1,bench2-fn-b,bench2-fn-b,1,256571778,1000000000,256571778,50,827415156358,827671728136
proto_two_containers_step32kb_32_to_1024,0,950272,3,1,bench2-fn-a,bench2-fn-a,1,64224167,1000000000,64224167,50,827672958543,827737182710
proto_two_containers_step32kb_32_to_1024,0,950272,4,1,bench2-fn-b,bench2-fn-b,1,65980871,1000000000,65980871,50,827738490543,827804471414
proto_two_containers_step32kb_32_to_1024,0,950272,5,1,bench2-fn-a,bench2-fn-a,1,66279000,1000000000,66279000,50,827805667914,827871946914
proto_two_containers_step32kb_32_to_1024,0,950272,6,1,bench2-fn-b,bench2-fn-b,1,66244093,1000000000,66244093,50,827873302895,827939546988
proto_two_containers_step32kb_32_to_1024,0,950272,7,1,bench2-fn-a,bench2-fn-a,1,66115852,1000000000,66115852,50,827940745154,828006861006
proto_two_containers_step32kb_32_to_1024,0,950272,8,1,bench2-fn-b,bench2-fn-b,1,245798666,1000000000,245798666,50,828008205395,828254004061
proto_two_containers_step32kb_32_to_1024,0,950272,9,1,bench2-fn-a,bench2-fn-a,1,68652093,1000000000,68652093,50,828255187487,828323839580
proto_two_containers_step32kb_32_to_1024,0,950272,10,1,bench2-fn-b,bench2-fn-b,1,65505889,1000000000,65505889,50,828325173506,828390679395
proto_two_containers_step32kb_32_to_1024,0,950272,11,1,bench2-fn-a,bench2-fn-a,1,66115889,1000000000,66115889,50,828392475117,828458591006
proto_two_containers_step32kb_32_to_1024,0,950272,12,1,bench2-fn-b,bench2-fn-b,1,65789481,1000000000,65789481,50,828460079043,828525868524
proto_two_containers_step32kb_32_to_1024,0,950272,13,1,bench2-fn-a,bench2-fn-a,1,64289407,1000000000,64289407,50,828526977043,828591266450
proto_two_containers_step32kb_32_to_1024,0,950272,14,1,bench2-fn-b,bench2-fn-b,1,254479574,1000000000,254479574,50,828593110228,828847589802
proto_two_containers_step32kb_32_to_1024,0,950272,15,1,bench2-fn-a,bench2-fn-a,1,64935592,1000000000,64935592,50,828849596376,828914531968
proto_two_containers_step32kb_32_to_1024,0,950272,16,1,bench2-fn-b,bench2-fn-b,1,64567741,1000000000,64567741,50,828916202857,828980770598
proto_two_containers_step32kb_32_to_1024,0,950272,17,1,bench2-fn-a,bench2-fn-a,1,248308537,1000000000,248308537,50,828982545857,829230854394
proto_two_containers_step32kb_32_to_1024,0,950272,18,1,bench2-fn-b,bench2-fn-b,1,67894907,1000000000,67894907,50,829231946320,829299841227
proto_two_containers_step32kb_32_to_1024,0,950272,19,1,bench2-fn-a,bench2-fn-a,1,249769481,1000000000,249769481,50,829301141524,829550911005
proto_two_containers_step32kb_32_to_1024,0,950272,20,1,bench2-fn-b,bench2-fn-b,1,65790278,1000000000,65790278,50,829552148579,829617938857
proto_two_containers_step32kb_32_to_1024,0,950272,21,1,bench2-fn-a,bench2-fn-a,1,64053574,1000000000,64053574,50,829619462338,829683515912
proto_two_containers_step32kb_32_to_1024,0,950272,22,1,bench2-fn-b,bench2-fn-b,1,309355963,1000000000,309355963,50,829684738449,829994094412
proto_two_containers_step32kb_32_to_1024,0,950272,23,1,bench2-fn-a,bench2-fn-a,1,64167074,1000000000,64167074,50,829995250375,830059417449
proto_two_containers_step32kb_32_to_1024,0,950272,24,1,bench2-fn-b,bench2-fn-b,1,65001722,1000000000,65001722,50,830060936190,830125937912
proto_two_containers_step32kb_32_to_1024,0,950272,25,1,bench2-fn-a,bench2-fn-a,1,65663667,1000000000,65663667,50,830129206653,830194870320
proto_two_containers_step32kb_32_to_1024,0,950272,26,1,bench2-fn-b,bench2-fn-b,1,64757648,1000000000,64757648,50,830196316097,830261073745
proto_two_containers_step32kb_32_to_1024,0,950272,27,1,bench2-fn-a,bench2-fn-a,1,70675481,1000000000,70675481,50,830262254153,830332929634
proto_two_containers_step32kb_32_to_1024,0,950272,28,1,bench2-fn-b,bench2-fn-b,1,63977925,1000000000,63977925,50,830334171431,830398149356
proto_two_containers_step32kb_32_to_1024,0,950272,29,1,bench2-fn-a,bench2-fn-a,1,64170518,1000000000,64170518,50,830399408505,830463579023
proto_two_containers_step32kb_32_to_1024,0,950272,30,1,bench2-fn-b,bench2-fn-b,1,254671351,1000000000,254671351,50,830464679727,830719351078
proto_two_containers_step32kb_32_to_1024,0,950272,31,1,bench2-fn-a,bench2-fn-a,1,63994981,1000000000,63994981,50,830720490134,830784485115
proto_two_containers_step32kb_32_to_1024,0,950272,32,1,bench2-fn-b,bench2-fn-b,1,66867407,1000000000,66867407,50,830785824208,830852691615
proto_two_containers_step32kb_32_to_1024,0,950272,33,1,bench2-fn-a,bench2-fn-a,1,64136093,1000000000,64136093,50,830853975930,830918112023
proto_two_containers_step32kb_32_to_1024,0,950272,34,1,bench2-fn-b,bench2-fn-b,1,64596944,1000000000,64596944,50,830919659912,830984256856
proto_two_containers_step32kb_32_to_1024,0,950272,35,1,bench2-fn-a,bench2-fn-a,1,64829481,1000000000,64829481,50,830986122764,831050952245
proto_two_containers_step32kb_32_to_1024,0,950272,36,1,bench2-fn-b,bench2-fn-b,1,306284148,1000000000,306284148,50,831052239523,831358523671
proto_two_containers_step32kb_32_to_1024,0,950272,37,1,bench2-fn-a,bench2-fn-a,1,64501963,1000000000,64501963,50,831360227060,831424729023
proto_two_containers_step32kb_32_to_1024,0,950272,38,1,bench2-fn-b,bench2-fn-b,1,255223945,1000000000,255223945,50,831426155726,831681379671
proto_two_containers_step32kb_32_to_1024,0,950272,39,1,bench2-fn-a,bench2-fn-a,1,64576685,1000000000,64576685,50,831683245708,831747822393
proto_two_containers_step32kb_32_to_1024,0,950272,40,1,bench2-fn-b,bench2-fn-b,1,253401481,1000000000,253401481,50,831749068226,832002469707
proto_two_containers_step32kb_32_to_1024,0,950272,41,1,bench2-fn-a,bench2-fn-a,1,65160500,1000000000,65160500,50,832003885707,832069046207
proto_two_containers_step32kb_32_to_1024,0,950272,42,1,bench2-fn-b,bench2-fn-b,1,67439056,1000000000,67439056,50,832070292133,832137731189
proto_two_containers_step32kb_32_to_1024,0,950272,43,1,bench2-fn-a,bench2-fn-a,1,65966056,1000000000,65966056,50,832139422985,832205389041
proto_two_containers_step32kb_32_to_1024,0,950272,44,1,bench2-fn-b,bench2-fn-b,1,246712741,1000000000,246712741,50,832206665966,832453378707
proto_two_containers_step32kb_32_to_1024,0,950272,45,1,bench2-fn-a,bench2-fn-a,1,64146278,1000000000,64146278,50,832454606096,832518752374
proto_two_containers_step32kb_32_to_1024,0,950272,46,1,bench2-fn-b,bench2-fn-b,1,65139333,1000000000,65139333,50,832520018263,832585157596
proto_two_containers_step32kb_32_to_1024,0,950272,47,1,bench2-fn-a,bench2-fn-a,1,64084889,1000000000,64084889,50,832586457374,832650542263
proto_two_containers_step32kb_32_to_1024,0,950272,48,1,bench2-fn-b,bench2-fn-b,1,249559203,1000000000,249559203,50,832651816596,832901375799
proto_two_containers_step32kb_32_to_1024,0,950272,49,1,bench2-fn-a,bench2-fn-a,1,66532945,1000000000,66532945,50,832902856540,832969389485
proto_two_containers_step32kb_32_to_1024,0,950272,50,1,bench2-fn-b,bench2-fn-b,1,63983463,1000000000,63983463,50,832970617096,833034600559
proto_two_containers_step32kb_32_to_1024,0,983040,1,1,bench2-fn-a,bench2-fn-a,0,73045112,1000000000,73045112,50,833132032984,833205078096
proto_two_containers_step32kb_32_to_1024,0,983040,2,1,bench2-fn-b,bench2-fn-b,1,70675722,1000000000,70675722,50,833206510077,833277185799
proto_two_containers_step32kb_32_to_1024,0,983040,3,1,bench2-fn-a,bench2-fn-a,1,67056296,1000000000,67056296,50,833278762503,833345818799
proto_two_containers_step32kb_32_to_1024,0,983040,4,1,bench2-fn-b,bench2-fn-b,1,252562629,1000000000,252562629,50,833347425077,833599987706
proto_two_containers_step32kb_32_to_1024,0,983040,5,1,bench2-fn-a,bench2-fn-a,1,68369018,1000000000,68369018,50,833601484929,833669853947
proto_two_containers_step32kb_32_to_1024,0,983040,6,1,bench2-fn-b,bench2-fn-b,1,257139852,1000000000,257139852,50,833671180743,833928320595
proto_two_containers_step32kb_32_to_1024,0,983040,7,1,bench2-fn-a,bench2-fn-a,1,72848722,1000000000,72848722,50,833929492780,834002341502
proto_two_containers_step32kb_32_to_1024,0,983040,8,1,bench2-fn-b,bench2-fn-b,1,662004630,1000000000,662004630,50,834003664354,834665668984
proto_two_containers_step32kb_32_to_1024,0,983040,9,1,bench2-fn-a,bench2-fn-a,1,65602667,1000000000,65602667,50,834667018261,834732620928
proto_two_containers_step32kb_32_to_1024,0,983040,10,1,bench2-fn-b,bench2-fn-b,1,67185129,1000000000,67185129,50,834733926595,834801111724
proto_two_containers_step32kb_32_to_1024,0,983040,11,1,bench2-fn-a,bench2-fn-a,1,657595129,1000000000,657595129,50,834802451539,835460046668
proto_two_containers_step32kb_32_to_1024,0,983040,12,1,bench2-fn-b,bench2-fn-b,1,65874130,1000000000,65874130,50,835461160390,835527034520
proto_two_containers_step32kb_32_to_1024,0,983040,13,1,bench2-fn-a,bench2-fn-a,1,65419870,1000000000,65419870,50,835528327520,835593747390
proto_two_containers_step32kb_32_to_1024,0,983040,14,1,bench2-fn-b,bench2-fn-b,1,65613500,1000000000,65613500,50,835595347909,835660961409
proto_two_containers_step32kb_32_to_1024,0,983040,15,1,bench2-fn-a,bench2-fn-a,1,67823074,1000000000,67823074,50,835662522039,835730345113
proto_two_containers_step32kb_32_to_1024,0,983040,16,1,bench2-fn-b,bench2-fn-b,1,250545000,1000000000,250545000,50,835732518335,835983063335
proto_two_containers_step32kb_32_to_1024,0,983040,17,1,bench2-fn-a,bench2-fn-a,1,65576352,1000000000,65576352,50,835984266316,836049842668
proto_two_containers_step32kb_32_to_1024,0,983040,18,1,bench2-fn-b,bench2-fn-b,1,65965963,1000000000,65965963,50,836051087760,836117053723
proto_two_containers_step32kb_32_to_1024,0,983040,19,1,bench2-fn-a,bench2-fn-a,1,250792074,1000000000,250792074,50,836118592705,836369384779
proto_two_containers_step32kb_32_to_1024,0,983040,20,1,bench2-fn-b,bench2-fn-b,1,257233222,1000000000,257233222,50,836370893631,836628126853
proto_two_containers_step32kb_32_to_1024,0,983040,21,1,bench2-fn-a,bench2-fn-a,1,66520370,1000000000,66520370,50,836629553705,836696074075
proto_two_containers_step32kb_32_to_1024,0,983040,22,1,bench2-fn-b,bench2-fn-b,1,310111111,1000000000,310111111,50,836697235464,837007346575
proto_two_containers_step32kb_32_to_1024,0,983040,23,1,bench2-fn-a,bench2-fn-a,1,66505648,1000000000,66505648,50,837009634408,837076140056
proto_two_containers_step32kb_32_to_1024,0,983040,24,1,bench2-fn-b,bench2-fn-b,1,73032815,1000000000,73032815,50,837078494704,837151527519
proto_two_containers_step32kb_32_to_1024,0,983040,25,1,bench2-fn-a,bench2-fn-a,1,253681352,1000000000,253681352,50,837152993278,837406674630
proto_two_containers_step32kb_32_to_1024,0,983040,26,1,bench2-fn-b,bench2-fn-b,1,66499444,1000000000,66499444,50,837408213797,837474713241
proto_two_containers_step32kb_32_to_1024,0,983040,27,1,bench2-fn-a,bench2-fn-a,1,254444833,1000000000,254444833,50,837476498723,837730943556
proto_two_containers_step32kb_32_to_1024,0,983040,28,1,bench2-fn-b,bench2-fn-b,1,66957815,1000000000,66957815,50,837732688185,837799646000
proto_two_containers_step32kb_32_to_1024,0,983040,29,1,bench2-fn-a,bench2-fn-a,1,67346037,1000000000,67346037,50,837801676945,837869022982
proto_two_containers_step32kb_32_to_1024,0,983040,30,1,bench2-fn-b,bench2-fn-b,1,66199481,1000000000,66199481,50,837870810908,837937010389
proto_two_containers_step32kb_32_to_1024,0,983040,31,1,bench2-fn-a,bench2-fn-a,1,66274074,1000000000,66274074,50,837938845778,838005119852
proto_two_containers_step32kb_32_to_1024,0,983040,32,1,bench2-fn-b,bench2-fn-b,1,66437815,1000000000,66437815,50,838007006500,838073444315
proto_two_containers_step32kb_32_to_1024,0,983040,33,1,bench2-fn-a,bench2-fn-a,1,65733352,1000000000,65733352,50,838075068315,838140801667
proto_two_containers_step32kb_32_to_1024,0,983040,34,1,bench2-fn-b,bench2-fn-b,1,66032444,1000000000,66032444,50,838142404593,838208437037
proto_two_containers_step32kb_32_to_1024,0,983040,35,1,bench2-fn-a,bench2-fn-a,1,308784685,1000000000,308784685,50,838210083056,838518867741
proto_two_containers_step32kb_32_to_1024,0,983040,36,1,bench2-fn-b,bench2-fn-b,1,65947241,1000000000,65947241,50,838520255981,838586203222
proto_two_containers_step32kb_32_to_1024,0,983040,37,1,bench2-fn-a,bench2-fn-a,1,66365112,1000000000,66365112,50,838587758703,838654123815
proto_two_containers_step32kb_32_to_1024,0,983040,38,1,bench2-fn-b,bench2-fn-b,1,66246759,1000000000,66246759,50,838655398444,838721645203
proto_two_containers_step32kb_32_to_1024,0,983040,39,1,bench2-fn-a,bench2-fn-a,1,65671703,1000000000,65671703,50,838723283074,838788954777
proto_two_containers_step32kb_32_to_1024,0,983040,40,1,bench2-fn-b,bench2-fn-b,1,67821277,1000000000,67821277,50,838790393426,838858214703
proto_two_containers_step32kb_32_to_1024,0,983040,41,1,bench2-fn-a,bench2-fn-a,1,70005277,1000000000,70005277,50,838859398463,838929403740
proto_two_containers_step32kb_32_to_1024,0,983040,42,1,bench2-fn-b,bench2-fn-b,1,68835240,1000000000,68835240,50,838930781685,838999616925
proto_two_containers_step32kb_32_to_1024,0,983040,43,1,bench2-fn-a,bench2-fn-a,1,245118871,1000000000,245118871,50,839000874388,839245993259
proto_two_containers_step32kb_32_to_1024,0,983040,44,1,bench2-fn-b,bench2-fn-b,1,65936704,1000000000,65936704,50,839247245055,839313181759
proto_two_containers_step32kb_32_to_1024,0,983040,45,1,bench2-fn-a,bench2-fn-a,1,65648907,1000000000,65648907,50,839314353555,839380002462
proto_two_containers_step32kb_32_to_1024,0,983040,46,1,bench2-fn-b,bench2-fn-b,1,69522889,1000000000,69522889,50,839381528221,839451051110
proto_two_containers_step32kb_32_to_1024,0,983040,47,1,bench2-fn-a,bench2-fn-a,1,262961796,1000000000,262961796,50,839452529481,839715491277
proto_two_containers_step32kb_32_to_1024,0,983040,48,1,bench2-fn-b,bench2-fn-b,1,67982000,1000000000,67982000,50,839716768740,839784750740
proto_two_containers_step32kb_32_to_1024,0,983040,49,1,bench2-fn-a,bench2-fn-a,1,66240111,1000000000,66240111,50,839785943499,839852183610
proto_two_containers_step32kb_32_to_1024,0,983040,50,1,bench2-fn-b,bench2-fn-b,1,259966351,1000000000,259966351,50,839853699777,840113666128
proto_two_containers_step32kb_32_to_1024,0,1015808,1,1,bench2-fn-a,bench2-fn-a,0,80336611,1000000000,80336611,50,840224058480,840304395091
proto_two_containers_step32kb_32_to_1024,0,1015808,2,1,bench2-fn-b,bench2-fn-b,1,74072740,1000000000,74072740,50,840306195925,840380268665
proto_two_containers_step32kb_32_to_1024,0,1015808,3,1,bench2-fn-a,bench2-fn-a,1,71115537,1000000000,71115537,50,840383466925,840454582462
proto_two_containers_step32kb_32_to_1024,0,1015808,4,1,bench2-fn-b,bench2-fn-b,1,251993037,1000000000,251993037,50,840455841258,840707834295
proto_two_containers_step32kb_32_to_1024,0,1015808,5,1,bench2-fn-a,bench2-fn-a,1,69345315,1000000000,69345315,50,840709206035,840778551350
proto_two_containers_step32kb_32_to_1024,0,1015808,6,1,bench2-fn-b,bench2-fn-b,1,68943833,1000000000,68943833,50,840779753165,840848696998
proto_two_containers_step32kb_32_to_1024,0,1015808,7,1,bench2-fn-a,bench2-fn-a,1,667017056,1000000000,667017056,50,840849983498,841517000554
proto_two_containers_step32kb_32_to_1024,0,1015808,8,1,bench2-fn-b,bench2-fn-b,1,68878723,1000000000,68878723,50,841518499942,841587378665
proto_two_containers_step32kb_32_to_1024,0,1015808,9,1,bench2-fn-a,bench2-fn-a,1,73293277,1000000000,73293277,50,841588695276,841661988553
proto_two_containers_step32kb_32_to_1024,0,1015808,10,1,bench2-fn-b,bench2-fn-b,1,70395926,1000000000,70395926,50,841663234461,841733630387
proto_two_containers_step32kb_32_to_1024,0,1015808,11,1,bench2-fn-a,bench2-fn-a,1,255299148,1000000000,255299148,50,841735064313,841990363461
proto_two_containers_step32kb_32_to_1024,0,1015808,12,1,bench2-fn-b,bench2-fn-b,1,68845148,1000000000,68845148,50,841991573498,842060418646
proto_two_containers_step32kb_32_to_1024,0,1015808,13,1,bench2-fn-a,bench2-fn-a,1,317717222,1000000000,317717222,50,842061870220,842379587442
proto_two_containers_step32kb_32_to_1024,0,1015808,14,1,bench2-fn-b,bench2-fn-b,1,69226019,1000000000,69226019,50,842380841497,842450067516
proto_two_containers_step32kb_32_to_1024,0,1015808,15,1,bench2-fn-a,bench2-fn-a,1,70075555,1000000000,70075555,50,842451852183,842521927738
proto_two_containers_step32kb_32_to_1024,0,1015808,16,1,bench2-fn-b,bench2-fn-b,1,259741740,1000000000,259741740,50,842523227183,842782968923
proto_two_containers_step32kb_32_to_1024,0,1015808,17,1,bench2-fn-a,bench2-fn-a,1,69448778,1000000000,69448778,50,842784179849,842853628627
proto_two_containers_step32kb_32_to_1024,0,1015808,18,1,bench2-fn-b,bench2-fn-b,1,69295481,1000000000,69295481,50,842854732312,842924027793
proto_two_containers_step32kb_32_to_1024,0,1015808,19,1,bench2-fn-a,bench2-fn-a,1,71357981,1000000000,71357981,50,842925227016,842996584997
proto_two_containers_step32kb_32_to_1024,0,1015808,20,1,bench2-fn-b,bench2-fn-b,1,69166389,1000000000,69166389,50,842997818645,843066985034
proto_two_containers_step32kb_32_to_1024,0,1015808,21,1,bench2-fn-a,bench2-fn-a,1,69073148,1000000000,69073148,50,843068284016,843137357164
proto_two_containers_step32kb_32_to_1024,0,1015808,22,1,bench2-fn-b,bench2-fn-b,1,258013685,1000000000,258013685,50,843138967775,843396981460
proto_two_containers_step32kb_32_to_1024,0,1015808,23,1,bench2-fn-a,bench2-fn-a,1,69687778,1000000000,69687778,50,843398540571,843468228349
proto_two_containers_step32kb_32_to_1024,0,1015808,24,1,bench2-fn-b,bench2-fn-b,1,248212852,1000000000,248212852,50,843469576108,843717788960
proto_two_containers_step32kb_32_to_1024,0,1015808,25,1,bench2-fn-a,bench2-fn-a,1,69252518,1000000000,69252518,50,843719130108,843788382626
proto_two_containers_step32kb_32_to_1024,0,1015808,26,1,bench2-fn-b,bench2-fn-b,1,268768111,1000000000,268768111,50,843789806645,844058574756
proto_two_containers_step32kb_32_to_1024,0,1015808,27,1,bench2-fn-a,bench2-fn-a,1,69193222,1000000000,69193222,50,844059831163,844129024385
proto_two_containers_step32kb_32_to_1024,0,1015808,28,1,bench2-fn-b,bench2-fn-b,1,298464167,1000000000,298464167,50,844130512533,844428976700
proto_two_containers_step32kb_32_to_1024,0,1015808,29,1,bench2-fn-a,bench2-fn-a,1,70231370,1000000000,70231370,50,844430385015,844500616385
proto_two_containers_step32kb_32_to_1024,0,1015808,30,1,bench2-fn-b,bench2-fn-b,1,69078426,1000000000,69078426,50,844501900385,844570978811
proto_two_containers_step32kb_32_to_1024,0,1015808,31,1,bench2-fn-a,bench2-fn-a,1,71096834,1000000000,71096834,50,844572246255,844643343089
proto_two_containers_step32kb_32_to_1024,0,1015808,32,1,bench2-fn-b,bench2-fn-b,1,69044722,1000000000,69044722,50,844644623385,844713668107
proto_two_containers_step32kb_32_to_1024,0,1015808,33,1,bench2-fn-a,bench2-fn-a,1,253998037,1000000000,253998037,50,844714968107,844968966144
proto_two_containers_step32kb_32_to_1024,0,1015808,34,1,bench2-fn-b,bench2-fn-b,1,69368704,1000000000,69368704,50,844970211940,845039580644
proto_two_containers_step32kb_32_to_1024,0,1015808,35,1,bench2-fn-a,bench2-fn-a,1,69239314,1000000000,69239314,50,845040956274,845110195588
proto_two_containers_step32kb_32_to_1024,0,1015808,36,1,bench2-fn-b,bench2-fn-b,1,69147704,1000000000,69147704,50,845111533570,845180681274
proto_two_containers_step32kb_32_to_1024,0,1015808,37,1,bench2-fn-a,bench2-fn-a,1,69315148,1000000000,69315148,50,845181995922,845251311070
proto_two_containers_step32kb_32_to_1024,0,1015808,38,1,bench2-fn-b,bench2-fn-b,1,76505388,1000000000,76505388,50,845252604385,845329109773
proto_two_containers_step32kb_32_to_1024,0,1015808,39,1,bench2-fn-a,bench2-fn-a,1,71182389,1000000000,71182389,50,845330607033,845401789422
proto_two_containers_step32kb_32_to_1024,0,1015808,40,1,bench2-fn-b,bench2-fn-b,1,72279685,1000000000,72279685,50,845402911607,845475191292
proto_two_containers_step32kb_32_to_1024,0,1015808,41,1,bench2-fn-a,bench2-fn-a,1,70614352,1000000000,70614352,50,845476508403,845547122755
proto_two_containers_step32kb_32_to_1024,0,1015808,42,1,bench2-fn-b,bench2-fn-b,1,70400315,1000000000,70400315,50,845548970551,845619370866
proto_two_containers_step32kb_32_to_1024,0,1015808,43,1,bench2-fn-a,bench2-fn-a,1,249673408,1000000000,249673408,50,845620990310,845870663718
proto_two_containers_step32kb_32_to_1024,0,1015808,44,1,bench2-fn-b,bench2-fn-b,1,263340982,1000000000,263340982,50,845872068106,846135409088
proto_two_containers_step32kb_32_to_1024,0,1015808,45,1,bench2-fn-a,bench2-fn-a,1,69759722,1000000000,69759722,50,846136930551,846206690273
proto_two_containers_step32kb_32_to_1024,0,1015808,46,1,bench2-fn-b,bench2-fn-b,1,69920296,1000000000,69920296,50,846208230977,846278151273
proto_two_containers_step32kb_32_to_1024,0,1015808,47,1,bench2-fn-a,bench2-fn-a,1,70244055,1000000000,70244055,50,846279406977,846349651032
proto_two_containers_step32kb_32_to_1024,0,1015808,48,1,bench2-fn-b,bench2-fn-b,1,71276592,1000000000,71276592,50,846350802051,846422078643
proto_two_containers_step32kb_32_to_1024,0,1015808,49,1,bench2-fn-a,bench2-fn-a,1,70881019,1000000000,70881019,50,846424012791,846494893810
proto_two_containers_step32kb_32_to_1024,0,1015808,50,1,bench2-fn-b,bench2-fn-b,1,69131593,1000000000,69131593,50,846496174180,846565305773
proto_two_containers_step32kb_32_to_1024,0,1048576,1,1,bench2-fn-a,bench2-fn-a,0,78081574,1000000000,78081574,50,846664508513,846742590087
proto_two_containers_step32kb_32_to_1024,0,1048576,2,1,bench2-fn-b,bench2-fn-b,1,244814982,1000000000,244814982,50,846744759476,846989574458
proto_two_containers_step32kb_32_to_1024,0,1048576,3,1,bench2-fn-a,bench2-fn-a,1,71980203,1000000000,71980203,50,846991490921,847063471124
proto_two_containers_step32kb_32_to_1024,0,1048576,4,1,bench2-fn-b,bench2-fn-b,1,71515074,1000000000,71515074,50,847064885347,847136400421
proto_two_containers_step32kb_32_to_1024,0,1048576,5,1,bench2-fn-a,bench2-fn-a,1,262100703,1000000000,262100703,50,847137643884,847399744587
proto_two_containers_step32kb_32_to_1024,0,1048576,6,1,bench2-fn-b,bench2-fn-b,1,74670315,1000000000,74670315,50,847400917309,847475587624
proto_two_containers_step32kb_32_to_1024,0,1048576,7,1,bench2-fn-a,bench2-fn-a,1,70502333,1000000000,70502333,50,847476673272,847547175605
proto_two_containers_step32kb_32_to_1024,0,1048576,8,1,bench2-fn-b,bench2-fn-b,1,262860907,1000000000,262860907,50,847548704365,847811565272
proto_two_containers_step32kb_32_to_1024,0,1048576,9,1,bench2-fn-a,bench2-fn-a,1,73043166,1000000000,73043166,50,847812750976,847885794142
proto_two_containers_step32kb_32_to_1024,0,1048576,10,1,bench2-fn-b,bench2-fn-b,1,264368241,1000000000,264368241,50,847887266846,848151635087
proto_two_containers_step32kb_32_to_1024,0,1048576,11,1,bench2-fn-a,bench2-fn-a,1,315154222,1000000000,315154222,50,848152946253,848468100475
proto_two_containers_step32kb_32_to_1024,0,1048576,12,1,bench2-fn-b,bench2-fn-b,1,247626037,1000000000,247626037,50,848469242346,848716868383
proto_two_containers_step32kb_32_to_1024,0,1048576,13,1,bench2-fn-a,bench2-fn-a,1,73087574,1000000000,73087574,50,848717974975,848791062549
proto_two_containers_step32kb_32_to_1024,0,1048576,14,1,bench2-fn-b,bench2-fn-b,1,70857870,1000000000,70857870,50,848792484142,848863342012
proto_two_containers_step32kb_32_to_1024,0,1048576,15,1,bench2-fn-a,bench2-fn-a,1,72821852,1000000000,72821852,50,848864761901,848937583753
proto_two_containers_step32kb_32_to_1024,0,1048576,16,1,bench2-fn-b,bench2-fn-b,1,260053463,1000000000,260053463,50,848939329438,849199382901
proto_two_containers_step32kb_32_to_1024,0,1048576,17,1,bench2-fn-a,bench2-fn-a,1,73685722,1000000000,73685722,50,849200583327,849274269049
proto_two_containers_step32kb_32_to_1024,0,1048576,18,1,bench2-fn-b,bench2-fn-b,1,255526166,1000000000,255526166,50,849275595938,849531122104
proto_two_containers_step32kb_32_to_1024,0,1048576,19,1,bench2-fn-a,bench2-fn-a,1,74578945,1000000000,74578945,50,849533070752,849607649697
proto_two_containers_step32kb_32_to_1024,0,1048576,20,1,bench2-fn-b,bench2-fn-b,1,257264148,1000000000,257264148,50,849609173438,849866437586
proto_two_containers_step32kb_32_to_1024,0,1048576,21,1,bench2-fn-a,bench2-fn-a,1,69810945,1000000000,69810945,50,849867685678,849937496623
proto_two_containers_step32kb_32_to_1024,0,1048576,22,1,bench2-fn-b,bench2-fn-b,1,253579704,1000000000,253579704,50,849939033752,850192613456
proto_two_containers_step32kb_32_to_1024,0,1048576,23,1,bench2-fn-a,bench2-fn-a,1,70355166,1000000000,70355166,50,850193877697,850264232863
proto_two_containers_step32kb_32_to_1024,0,1048576,24,1,bench2-fn-b,bench2-fn-b,1,75936407,1000000000,75936407,50,850265447734,850341384141
proto_two_containers_step32kb_32_to_1024,0,1048576,25,1,bench2-fn-a,bench2-fn-a,1,258426185,1000000000,258426185,50,850343209678,850601635863
proto_two_containers_step32kb_32_to_1024,0,1048576,26,1,bench2-fn-b,bench2-fn-b,1,73462241,1000000000,73462241,50,850603195233,850676657474
proto_two_containers_step32kb_32_to_1024,0,1048576,27,1,bench2-fn-a,bench2-fn-a,1,260132426,1000000000,260132426,50,850677823844,850937956270
proto_two_containers_step32kb_32_to_1024,0,1048576,28,1,bench2-fn-b,bench2-fn-b,1,248359462,1000000000,248359462,50,850939326678,851187686140
proto_two_containers_step32kb_32_to_1024,0,1048576,29,1,bench2-fn-a,bench2-fn-a,1,69515130,1000000000,69515130,50,851188790714,851258305844
proto_two_containers_step32kb_32_to_1024,0,1048576,30,1,bench2-fn-b,bench2-fn-b,1,69207222,1000000000,69207222,50,851259631233,851328838455
proto_two_containers_step32kb_32_to_1024,0,1048576,31,1,bench2-fn-a,bench2-fn-a,1,69768833,1000000000,69768833,50,851330483937,851400252770
proto_two_containers_step32kb_32_to_1024,0,1048576,32,1,bench2-fn-b,bench2-fn-b,1,69768685,1000000000,69768685,50,851401560437,851471329122
proto_two_containers_step32kb_32_to_1024,0,1048576,33,1,bench2-fn-a,bench2-fn-a,1,70630185,1000000000,70630185,50,851473298733,851543928918
proto_two_containers_step32kb_32_to_1024,0,1048576,34,1,bench2-fn-b,bench2-fn-b,1,69266611,1000000000,69266611,50,851545305733,851614572344
proto_two_containers_step32kb_32_to_1024,0,1048576,35,1,bench2-fn-a,bench2-fn-a,1,72388685,1000000000,72388685,50,851616061992,851688450677
proto_two_containers_step32kb_32_to_1024,0,1048576,36,1,bench2-fn-b,bench2-fn-b,1,245301111,1000000000,245301111,50,851689560936,851934862047
proto_two_containers_step32kb_32_to_1024,0,1048576,37,1,bench2-fn-a,bench2-fn-a,1,73926148,1000000000,73926148,50,851936804640,852010730788
proto_two_containers_step32kb_32_to_1024,0,1048576,38,1,bench2-fn-b,bench2-fn-b,1,260387370,1000000000,260387370,50,852011996047,852272383417
proto_two_containers_step32kb_32_to_1024,0,1048576,39,1,bench2-fn-a,bench2-fn-a,1,69253851,1000000000,69253851,50,852273507955,852342761806
proto_two_containers_step32kb_32_to_1024,0,1048576,40,1,bench2-fn-b,bench2-fn-b,1,74081982,1000000000,74081982,50,852344035158,852418117140
proto_two_containers_step32kb_32_to_1024,0,1048576,41,1,bench2-fn-a,bench2-fn-a,1,70138759,1000000000,70138759,50,852419227658,852489366417
proto_two_containers_step32kb_32_to_1024,0,1048576,42,1,bench2-fn-b,bench2-fn-b,1,69245148,1000000000,69245148,50,852490719640,852559964788
proto_two_containers_step32kb_32_to_1024,0,1048576,43,1,bench2-fn-a,bench2-fn-a,1,69265926,1000000000,69265926,50,852561235695,852630501621
proto_two_containers_step32kb_32_to_1024,0,1048576,44,1,bench2-fn-b,bench2-fn-b,1,250455611,1000000000,250455611,50,852631998251,852882453862
proto_two_containers_step32kb_32_to_1024,0,1048576,45,1,bench2-fn-a,bench2-fn-a,1,75865703,1000000000,75865703,50,852883794010,852959659713
proto_two_containers_step32kb_32_to_1024,0,1048576,46,1,bench2-fn-b,bench2-fn-b,1,268999204,1000000000,268999204,50,852960953139,853229952343
proto_two_containers_step32kb_32_to_1024,0,1048576,47,1,bench2-fn-a,bench2-fn-a,1,69292574,1000000000,69292574,50,853231106269,853300398843
proto_two_containers_step32kb_32_to_1024,0,1048576,48,1,bench2-fn-b,bench2-fn-b,1,69333556,1000000000,69333556,50,853301581176,853370914732
proto_two_containers_step32kb_32_to_1024,0,1048576,49,1,bench2-fn-a,bench2-fn-a,1,262142944,1000000000,262142944,50,853372453602,853634596546
proto_two_containers_step32kb_32_to_1024,0,1048576,50,1,bench2-fn-b,bench2-fn-b,1,69925537,1000000000,69925537,50,853636243861,853706169398
