label,alpha,payload_size,request_seq,request_no,worker,target_fn,switched,delta_cycles,cntfrq,delta_ns,requests_per_conn,top1_rdtsc,top2_rdtsc
vanilla_two_containers_step32kb_32_to_1024,0,32768,1,1,bench2-fn-a,bench2-fn-a,0,29470611,1000000000,29470611,50,1144665035243,1144694505854
vanilla_two_containers_step32kb_32_to_1024,0,32768,2,1,bench2-fn-b,bench2-fn-b,1,24794815,1000000000,24794815,50,1144697715428,1144722510243
vanilla_two_containers_step32kb_32_to_1024,0,32768,3,2,bench2-fn-a,bench2-fn-a,1,28457666,1000000000,28457666,50,1144725816614,1144754274280
vanilla_two_containers_step32kb_32_to_1024,0,32768,4,2,bench2-fn-b,bench2-fn-b,1,23788241,1000000000,23788241,50,1144757472317,1144781260558
vanilla_two_containers_step32kb_32_to_1024,0,32768,5,3,bench2-fn-a,bench2-fn-a,1,22976907,1000000000,22976907,50,1144784192299,1144807169206
vanilla_two_containers_step32kb_32_to_1024,0,32768,6,3,bench2-fn-b,bench2-fn-b,1,23733222,1000000000,23733222,50,1144810130743,1144833863965
vanilla_two_containers_step32kb_32_to_1024,0,32768,7,4,bench2-fn-a,bench2-fn-a,1,23492055,1000000000,23492055,50,1144836915725,1144860407780
vanilla_two_containers_step32kb_32_to_1024,0,32768,8,4,bench2-fn-b,bench2-fn-b,1,23805388,1000000000,23805388,50,1144863634688,1144887440076
vanilla_two_containers_step32kb_32_to_1024,0,32768,9,5,bench2-fn-a,bench2-fn-a,1,24315148,1000000000,24315148,50,1144890182447,1144914497595
vanilla_two_containers_step32kb_32_to_1024,0,32768,10,5,bench2-fn-b,bench2-fn-b,1,24508074,1000000000,24508074,50,1144917765465,1144942273539
vanilla_two_containers_step32kb_32_to_1024,0,32768,11,6,bench2-fn-a,bench2-fn-a,1,23516259,1000000000,23516259,50,1144945312280,1144968828539
vanilla_two_containers_step32kb_32_to_1024,0,32768,12,6,bench2-fn-b,bench2-fn-b,1,30462093,1000000000,30462093,50,1144972193817,1145002655910
vanilla_two_containers_step32kb_32_to_1024,0,32768,13,7,bench2-fn-a,bench2-fn-a,1,22811945,1000000000,22811945,50,1145005708539,1145028520484
vanilla_two_containers_step32kb_32_to_1024,0,32768,14,7,bench2-fn-b,bench2-fn-b,1,24165500,1000000000,24165500,50,1145031533762,1145055699262
vanilla_two_containers_step32kb_32_to_1024,0,32768,15,8,bench2-fn-a,bench2-fn-a,1,25141370,1000000000,25141370,50,1145059664947,1145084806317
vanilla_two_containers_step32kb_32_to_1024,0,32768,16,8,bench2-fn-b,bench2-fn-b,1,24148000,1000000000,24148000,50,1145088082632,1145112230632
vanilla_two_containers_step32kb_32_to_1024,0,32768,17,9,bench2-fn-a,bench2-fn-a,1,23507148,1000000000,23507148,50,1145114904613,1145138411761
vanilla_two_containers_step32kb_32_to_1024,0,32768,18,9,bench2-fn-b,bench2-fn-b,1,23749408,1000000000,23749408,50,1145141115650,1145164865058
vanilla_two_containers_step32kb_32_to_1024,0,32768,19,10,bench2-fn-a,bench2-fn-a,1,24383870,1000000000,24383870,50,1145168046021,1145192429891
vanilla_two_containers_step32kb_32_to_1024,0,32768,20,10,bench2-fn-b,bench2-fn-b,1,30685333,1000000000,30685333,50,1145195140891,1145225826224
vanilla_two_containers_step32kb_32_to_1024,0,32768,21,11,bench2-fn-a,bench2-fn-a,1,23171351,1000000000,23171351,50,1145228757410,1145251928761
vanilla_two_containers_step32kb_32_to_1024,0,32768,22,11,bench2-fn-b,bench2-fn-b,1,23699888,1000000000,23699888,50,1145254701947,1145278401835
vanilla_two_containers_step32kb_32_to_1024,0,32768,23,12,bench2-fn-a,bench2-fn-a,1,25048222,1000000000,25048222,50,1145281353595,1145306401817
vanilla_two_containers_step32kb_32_to_1024,0,32768,24,12,bench2-fn-b,bench2-fn-b,1,27411686,1000000000,27411686,50,1145309572835,1145336984521
vanilla_two_containers_step32kb_32_to_1024,0,32768,25,13,bench2-fn-a,bench2-fn-a,1,22832408,1000000000,22832408,50,1145339653372,1145362485780
vanilla_two_containers_step32kb_32_to_1024,0,32768,26,13,bench2-fn-b,bench2-fn-b,1,23009111,1000000000,23009111,50,1145365067132,1145388076243
vanilla_two_containers_step32kb_32_to_1024,0,32768,27,14,bench2-fn-a,bench2-fn-a,1,23656130,1000000000,23656130,50,1145391067891,1145414724021
vanilla_two_containers_step32kb_32_to_1024,0,32768,28,14,bench2-fn-b,bench2-fn-b,1,23419130,1000000000,23419130,50,1145418149909,1145441569039
vanilla_two_containers_step32kb_32_to_1024,0,32768,29,15,bench2-fn-a,bench2-fn-a,1,22915852,1000000000,22915852,50,1145444757817,1145467673669
vanilla_two_containers_step32kb_32_to_1024,0,32768,30,15,bench2-fn-b,bench2-fn-b,1,25331000,1000000000,25331000,50,1145470492743,1145495823743
vanilla_two_containers_step32kb_32_to_1024,0,32768,31,16,bench2-fn-a,bench2-fn-a,1,23303815,1000000000,23303815,50,1145498722965,1145522026780
vanilla_two_containers_step32kb_32_to_1024,0,32768,32,16,bench2-fn-b,bench2-fn-b,1,23662629,1000000000,23662629,50,1145525050706,1145548713335
vanilla_two_containers_step32kb_32_to_1024,0,32768,33,17,bench2-fn-a,bench2-fn-a,1,23357444,1000000000,23357444,50,1145552080817,1145575438261
vanilla_two_containers_step32kb_32_to_1024,0,32768,34,17,bench2-fn-b,bench2-fn-b,1,24784185,1000000000,24784185,50,1145578462298,1145603246483
vanilla_two_containers_step32kb_32_to_1024,0,32768,35,18,bench2-fn-a,bench2-fn-a,1,23062148,1000000000,23062148,50,1145605986502,1145629048650
vanilla_two_containers_step32kb_32_to_1024,0,32768,36,18,bench2-fn-b,bench2-fn-b,1,25610463,1000000000,25610463,50,1145631901150,1145657511613
vanilla_two_containers_step32kb_32_to_1024,0,32768,37,19,bench2-fn-a,bench2-fn-a,1,29669074,1000000000,29669074,50,1145660468669,1145690137743
vanilla_two_containers_step32kb_32_to_1024,0,32768,38,19,bench2-fn-b,bench2-fn-b,1,23967666,1000000000,23967666,50,1145692843428,1145716811094
vanilla_two_containers_step32kb_32_to_1024,0,32768,39,20,bench2-fn-a,bench2-fn-a,1,23787296,1000000000,23787296,50,1145719530076,1145743317372
vanilla_two_containers_step32kb_32_to_1024,0,32768,40,20,bench2-fn-b,bench2-fn-b,1,24441278,1000000000,24441278,50,1145746221835,1145770663113
vanilla_two_containers_step32kb_32_to_1024,0,32768,41,21,bench2-fn-a,bench2-fn-a,1,23702685,1000000000,23702685,50,1145773397039,1145797099724
vanilla_two_containers_step32kb_32_to_1024,0,32768,42,21,bench2-fn-b,bench2-fn-b,1,24441834,1000000000,24441834,50,1145800751409,1145825193243
vanilla_two_containers_step32kb_32_to_1024,0,32768,43,22,bench2-fn-a,bench2-fn-a,1,23834667,1000000000,23834667,50,1145828056409,1145851891076
vanilla_two_containers_step32kb_32_to_1024,0,32768,44,22,bench2-fn-b,bench2-fn-b,1,23833370,1000000000,23833370,50,1145854888335,1145878721705
vanilla_two_containers_step32kb_32_to_1024,0,32768,45,23,bench2-fn-a,bench2-fn-a,1,23628574,1000000000,23628574,50,1145882461483,1145906090057
vanilla_two_containers_step32kb_32_to_1024,0,32768,46,23,bench2-fn-b,bench2-fn-b,1,24128926,1000000000,24128926,50,1145909223242,1145933352168
vanilla_two_containers_step32kb_32_to_1024,0,32768,47,24,bench2-fn-a,bench2-fn-a,1,23238463,1000000000,23238463,50,1145936153557,1145959392020
vanilla_two_containers_step32kb_32_to_1024,0,32768,48,24,bench2-fn-b,bench2-fn-b,1,25957796,1000000000,25957796,50,1145962301483,1145988259279
vanilla_two_containers_step32kb_32_to_1024,0,32768,49,25,bench2-fn-a,bench2-fn-a,1,23687204,1000000000,23687204,50,1145991383187,1146015070391
vanilla_two_containers_step32kb_32_to_1024,0,32768,50,25,bench2-fn-b,bench2-fn-b,1,22776259,1000000000,22776259,50,1146018755687,1146041531946
vanilla_two_containers_step32kb_32_to_1024,0,65536,1,1,bench2-fn-a,bench2-fn-a,0,28463129,1000000000,28463129,50,1146143809613,1146172272742
vanilla_two_containers_step32kb_32_to_1024,0,65536,2,1,bench2-fn-b,bench2-fn-b,1,24965982,1000000000,24965982,50,1146175331853,1146200297835
vanilla_two_containers_step32kb_32_to_1024,0,65536,3,2,bench2-fn-a,bench2-fn-a,1,24197018,1000000000,24197018,50,1146202918576,1146227115594
vanilla_two_containers_step32kb_32_to_1024,0,65536,4,2,bench2-fn-b,bench2-fn-b,1,29928203,1000000000,29928203,50,1146230275724,1146260203927
vanilla_two_containers_step32kb_32_to_1024,0,65536,5,3,bench2-fn-a,bench2-fn-a,1,23801740,1000000000,23801740,50,1146263049687,1146286851427
vanilla_two_containers_step32kb_32_to_1024,0,65536,6,3,bench2-fn-b,bench2-fn-b,1,24812815,1000000000,24812815,50,1146290015983,1146314828798
vanilla_two_containers_step32kb_32_to_1024,0,65536,7,4,bench2-fn-a,bench2-fn-a,1,25363112,1000000000,25363112,50,1146317921927,1146343285039
vanilla_two_containers_step32kb_32_to_1024,0,65536,8,4,bench2-fn-b,bench2-fn-b,1,24034111,1000000000,24034111,50,1146345824076,1146369858187
vanilla_two_containers_step32kb_32_to_1024,0,65536,9,5,bench2-fn-a,bench2-fn-a,1,26403074,1000000000,26403074,50,1146372858076,1146399261150
vanilla_two_containers_step32kb_32_to_1024,0,65536,10,5,bench2-fn-b,bench2-fn-b,1,24727296,1000000000,24727296,50,1146403200742,1146427928038
vanilla_two_containers_step32kb_32_to_1024,0,65536,11,6,bench2-fn-a,bench2-fn-a,1,27216000,1000000000,27216000,50,1146431270872,1146458486872
vanilla_two_containers_step32kb_32_to_1024,0,65536,12,6,bench2-fn-b,bench2-fn-b,1,24813222,1000000000,24813222,50,1146461537094,1146486350316
vanilla_two_containers_step32kb_32_to_1024,0,65536,13,7,bench2-fn-a,bench2-fn-a,1,23628352,1000000000,23628352,50,1146489872909,1146513501261
vanilla_two_containers_step32kb_32_to_1024,0,65536,14,7,bench2-fn-b,bench2-fn-b,1,24248371,1000000000,24248371,50,1146516851038,1146541099409
vanilla_two_containers_step32kb_32_to_1024,0,65536,15,8,bench2-fn-a,bench2-fn-a,1,23619167,1000000000,23619167,50,1146544400668,1146568019835
vanilla_two_containers_step32kb_32_to_1024,0,65536,16,8,bench2-fn-b,bench2-fn-b,1,23893648,1000000000,23893648,50,1146571930946,1146595824594
vanilla_two_containers_step32kb_32_to_1024,0,65536,17,9,bench2-fn-a,bench2-fn-a,1,24050444,1000000000,24050444,50,1146599110168,1146623160612
vanilla_two_containers_step32kb_32_to_1024,0,65536,18,9,bench2-fn-b,bench2-fn-b,1,25050500,1000000000,25050500,50,1146626598742,1146651649242
vanilla_two_containers_step32kb_32_to_1024,0,65536,19,10,bench2-fn-a,bench2-fn-a,1,24329240,1000000000,24329240,50,1146654655983,1146678985223
vanilla_two_containers_step32kb_32_to_1024,0,65536,20,10,bench2-fn-b,bench2-fn-b,1,27445870,1000000000,27445870,50,1146682045483,1146709491353
vanilla_two_containers_step32kb_32_to_1024,0,65536,21,11,bench2-fn-a,bench2-fn-a,1,28629389,1000000000,28629389,50,1146712291890,1146740921279
vanilla_two_containers_step32kb_32_to_1024,0,65536,22,11,bench2-fn-b,bench2-fn-b,1,24927037,1000000000,24927037,50,1146743668372,1146768595409
vanilla_two_containers_step32kb_32_to_1024,0,65536,23,12,bench2-fn-a,bench2-fn-a,1,23792222,1000000000,23792222,50,1146771348316,1146795140538
vanilla_two_containers_step32kb_32_to_1024,0,65536,24,12,bench2-fn-b,bench2-fn-b,1,24177463,1000000000,24177463,50,1146798647742,1146822825205
vanilla_two_containers_step32kb_32_to_1024,0,65536,25,13,bench2-fn-a,bench2-fn-a,1,23613111,1000000000,23613111,50,1146826227112,1146849840223
vanilla_two_containers_step32kb_32_to_1024,0,65536,26,13,bench2-fn-b,bench2-fn-b,1,26647592,1000000000,26647592,50,1146852497742,1146879145334
vanilla_two_containers_step32kb_32_to_1024,0,65536,27,14,bench2-fn-a,bench2-fn-a,1,27555778,1000000000,27555778,50,1146883028723,1146910584501
vanilla_two_containers_step32kb_32_to_1024,0,65536,28,14,bench2-fn-b,bench2-fn-b,1,30612130,1000000000,30612130,50,1146913902075,1146944514205
vanilla_two_containers_step32kb_32_to_1024,0,65536,29,15,bench2-fn-a,bench2-fn-a,1,23133630,1000000000,23133630,50,1146948234464,1146971368094
vanilla_two_containers_step32kb_32_to_1024,0,65536,30,15,bench2-fn-b,bench2-fn-b,1,24326908,1000000000,24326908,50,1146974268075,1146998594983
vanilla_two_containers_step32kb_32_to_1024,0,65536,31,16,bench2-fn-a,bench2-fn-a,1,23903167,1000000000,23903167,50,1147002147464,1147026050631
vanilla_two_containers_step32kb_32_to_1024,0,65536,32,16,bench2-fn-b,bench2-fn-b,1,23926555,1000000000,23926555,50,1147028777983,1147052704538
vanilla_two_containers_step32kb_32_to_1024,0,65536,33,17,bench2-fn-a,bench2-fn-a,1,25001259,1000000000,25001259,50,1147055528631,1147080529890
vanilla_two_containers_step32kb_32_to_1024,0,65536,34,17,bench2-fn-b,bench2-fn-b,1,31729334,1000000000,31729334,50,1147083590260,1147115319594
vanilla_two_containers_step32kb_32_to_1024,0,65536,35,18,bench2-fn-a,bench2-fn-a,1,23917000,1000000000,23917000,50,1147117828982,1147141745982
vanilla_two_containers_step32kb_32_to_1024,0,65536,36,18,bench2-fn-b,bench2-fn-b,1,24650130,1000000000,24650130,50,1147146463223,1147171113353
vanilla_two_containers_step32kb_32_to_1024,0,65536,37,19,bench2-fn-a,bench2-fn-a,1,24094222,1000000000,24094222,50,1147175028816,1147199123038
vanilla_two_containers_step32kb_32_to_1024,0,65536,38,19,bench2-fn-b,bench2-fn-b,1,24074019,1000000000,24074019,50,1147203939519,1147228013538
vanilla_two_containers_step32kb_32_to_1024,0,65536,39,20,bench2-fn-a,bench2-fn-a,1,24077611,1000000000,24077611,50,1147232055205,1147256132816
vanilla_two_containers_step32kb_32_to_1024,0,65536,40,20,bench2-fn-b,bench2-fn-b,1,28483962,1000000000,28483962,50,1147259085594,1147287569556
vanilla_two_containers_step32kb_32_to_1024,0,65536,41,21,bench2-fn-a,bench2-fn-a,1,24515166,1000000000,24515166,50,1147291301594,1147315816760
vanilla_two_containers_step32kb_32_to_1024,0,65536,42,21,bench2-fn-b,bench2-fn-b,1,24763500,1000000000,24763500,50,1147318638353,1147343401853
vanilla_two_containers_step32kb_32_to_1024,0,65536,43,22,bench2-fn-a,bench2-fn-a,1,24946278,1000000000,24946278,50,1147346511982,1147371458260
vanilla_two_containers_step32kb_32_to_1024,0,65536,44,22,bench2-fn-b,bench2-fn-b,1,24075796,1000000000,24075796,50,1147374780649,1147398856445
vanilla_two_containers_step32kb_32_to_1024,0,65536,45,23,bench2-fn-a,bench2-fn-a,1,23911074,1000000000,23911074,50,1147401441982,1147425353056
vanilla_two_containers_step32kb_32_to_1024,0,65536,46,23,bench2-fn-b,bench2-fn-b,1,24463981,1000000000,24463981,50,1147428326279,1147452790260
vanilla_two_containers_step32kb_32_to_1024,0,65536,47,24,bench2-fn-a,bench2-fn-a,1,24212926,1000000000,24212926,50,1147455736019,1147479948945
vanilla_two_containers_step32kb_32_to_1024,0,65536,48,24,bench2-fn-b,bench2-fn-b,1,23873463,1000000000,23873463,50,1147482971834,1147506845297
vanilla_two_containers_step32kb_32_to_1024,0,65536,49,25,bench2-fn-a,bench2-fn-a,1,24074500,1000000000,24074500,50,1147511793056,1147535867556
vanilla_two_containers_step32kb_32_to_1024,0,65536,50,25,bench2-fn-b,bench2-fn-b,1,24408241,1000000000,24408241,50,1147539144593,1147563552834
vanilla_two_containers_step32kb_32_to_1024,0,98304,1,1,bench2-fn-a,bench2-fn-a,0,30497463,1000000000,30497463,50,1147666942797,1147697440260
vanilla_two_containers_step32kb_32_to_1024,0,98304,2,1,bench2-fn-b,bench2-fn-b,1,27628185,1000000000,27628185,50,1147700431408,1147728059593
vanilla_two_containers_step32kb_32_to_1024,0,98304,3,2,bench2-fn-a,bench2-fn-a,1,25815185,1000000000,25815185,50,1147731463630,1147757278815
vanilla_two_containers_step32kb_32_to_1024,0,98304,4,2,bench2-fn-b,bench2-fn-b,1,25651259,1000000000,25651259,50,1147760236556,1147785887815
vanilla_two_containers_step32kb_32_to_1024,0,98304,5,3,bench2-fn-a,bench2-fn-a,1,24517833,1000000000,24517833,50,1147788785056,1147813302889
vanilla_two_containers_step32kb_32_to_1024,0,98304,6,3,bench2-fn-b,bench2-fn-b,1,24684444,1000000000,24684444,50,1147815928723,1147840613167
vanilla_two_containers_step32kb_32_to_1024,0,98304,7,4,bench2-fn-a,bench2-fn-a,1,24369481,1000000000,24369481,50,1147843502038,1147867871519
vanilla_two_containers_step32kb_32_to_1024,0,98304,8,4,bench2-fn-b,bench2-fn-b,1,24927500,1000000000,24927500,50,1147870666834,1147895594334
vanilla_two_containers_step32kb_32_to_1024,0,98304,9,5,bench2-fn-a,bench2-fn-a,1,24502130,1000000000,24502130,50,1147898532704,1147923034834
vanilla_two_containers_step32kb_32_to_1024,0,98304,10,5,bench2-fn-b,bench2-fn-b,1,24689815,1000000000,24689815,50,1147925832778,1147950522593
vanilla_two_containers_step32kb_32_to_1024,0,98304,11,6,bench2-fn-a,bench2-fn-a,1,24718352,1000000000,24718352,50,1147953360408,1147978078760
vanilla_two_containers_step32kb_32_to_1024,0,98304,12,6,bench2-fn-b,bench2-fn-b,1,25099759,1000000000,25099759,50,1147981071871,1148006171630
vanilla_two_containers_step32kb_32_to_1024,0,98304,13,7,bench2-fn-a,bench2-fn-a,1,27404667,1000000000,27404667,50,1148009026630,1148036431297
vanilla_two_containers_step32kb_32_to_1024,0,98304,14,7,bench2-fn-b,bench2-fn-b,1,24159518,1000000000,24159518,50,1148039616686,1148063776204
vanilla_two_containers_step32kb_32_to_1024,0,98304,15,8,bench2-fn-a,bench2-fn-a,1,24752093,1000000000,24752093,50,1148066399352,1148091151445
vanilla_two_containers_step32kb_32_to_1024,0,98304,16,8,bench2-fn-b,bench2-fn-b,1,24440574,1000000000,24440574,50,1148094266630,1148118707204
vanilla_two_containers_step32kb_32_to_1024,0,98304,17,9,bench2-fn-a,bench2-fn-a,1,24483389,1000000000,24483389,50,1148121585445,1148146068834
vanilla_two_containers_step32kb_32_to_1024,0,98304,18,9,bench2-fn-b,bench2-fn-b,1,30414704,1000000000,30414704,50,1148149156704,1148179571408
vanilla_two_containers_step32kb_32_to_1024,0,98304,19,10,bench2-fn-a,bench2-fn-a,1,23387111,1000000000,23387111,50,1148182888297,1148206275408
vanilla_two_containers_step32kb_32_to_1024,0,98304,20,10,bench2-fn-b,bench2-fn-b,1,24763759,1000000000,24763759,50,1148208830945,1148233594704
vanilla_two_containers_step32kb_32_to_1024,0,98304,21,11,bench2-fn-a,bench2-fn-a,1,26292704,1000000000,26292704,50,1148236559130,1148262851834
vanilla_two_containers_step32kb_32_to_1024,0,98304,22,11,bench2-fn-b,bench2-fn-b,1,24607482,1000000000,24607482,50,1148265634889,1148290242371
vanilla_two_containers_step32kb_32_to_1024,0,98304,23,12,bench2-fn-a,bench2-fn-a,1,24634315,1000000000,24634315,50,1148293261648,1148317895963
vanilla_two_containers_step32kb_32_to_1024,0,98304,24,12,bench2-fn-b,bench2-fn-b,1,24620240,1000000000,24620240,50,1148320815445,1148345435685
vanilla_two_containers_step32kb_32_to_1024,0,98304,25,13,bench2-fn-a,bench2-fn-a,1,27419926,1000000000,27419926,50,1148348693945,1148376113871
vanilla_two_containers_step32kb_32_to_1024,0,98304,26,13,bench2-fn-b,bench2-fn-b,1,23944741,1000000000,23944741,50,1148378946963,1148402891704
vanilla_two_containers_step32kb_32_to_1024,0,98304,27,14,bench2-fn-a,bench2-fn-a,1,24905667,1000000000,24905667,50,1148405977426,1148430883093
vanilla_two_containers_step32kb_32_to_1024,0,98304,28,14,bench2-fn-b,bench2-fn-b,1,24259592,1000000000,24259592,50,1148433654593,1148457914185
vanilla_two_containers_step32kb_32_to_1024,0,98304,29,15,bench2-fn-a,bench2-fn-a,1,24224000,1000000000,24224000,50,1148461936130,1148486160130
vanilla_two_containers_step32kb_32_to_1024,0,98304,30,15,bench2-fn-b,bench2-fn-b,1,24618075,1000000000,24618075,50,1148488937759,1148513555834
vanilla_two_containers_step32kb_32_to_1024,0,98304,31,16,bench2-fn-a,bench2-fn-a,1,25527611,1000000000,25527611,50,1148516436593,1148541964204
vanilla_two_containers_step32kb_32_to_1024,0,98304,32,16,bench2-fn-b,bench2-fn-b,1,25297833,1000000000,25297833,50,1148544714445,1148570012278
vanilla_two_containers_step32kb_32_to_1024,0,98304,33,17,bench2-fn-a,bench2-fn-a,1,24558185,1000000000,24558185,50,1148574253111,1148598811296
vanilla_two_containers_step32kb_32_to_1024,0,98304,34,17,bench2-fn-b,bench2-fn-b,1,25245148,1000000000,25245148,50,1148601516556,1148626761704
vanilla_two_containers_step32kb_32_to_1024,0,98304,35,18,bench2-fn-a,bench2-fn-a,1,29623129,1000000000,29623129,50,1148629404519,1148659027648
vanilla_two_containers_step32kb_32_to_1024,0,98304,36,18,bench2-fn-b,bench2-fn-b,1,24282352,1000000000,24282352,50,1148662979870,1148687262222
vanilla_two_containers_step32kb_32_to_1024,0,98304,37,19,bench2-fn-a,bench2-fn-a,1,27819463,1000000000,27819463,50,1148690018185,1148717837648
vanilla_two_containers_step32kb_32_to_1024,0,98304,38,19,bench2-fn-b,bench2-fn-b,1,25433537,1000000000,25433537,50,1148720823870,1148746257407
vanilla_two_containers_step32kb_32_to_1024,0,98304,39,20,bench2-fn-a,bench2-fn-a,1,25979648,1000000000,25979648,50,1148749545574,1148775525222
vanilla_two_containers_step32kb_32_to_1024,0,98304,40,20,bench2-fn-b,bench2-fn-b,1,24206315,1000000000,24206315,50,1148778670407,1148802876722
vanilla_two_containers_step32kb_32_to_1024,0,98304,41,21,bench2-fn-a,bench2-fn-a,1,24339314,1000000000,24339314,50,1148805518667,1148829857981
vanilla_two_containers_step32kb_32_to_1024,0,98304,42,21,bench2-fn-b,bench2-fn-b,1,25204648,1000000000,25204648,50,1148832586593,1148857791241
vanilla_two_containers_step32kb_32_to_1024,0,98304,43,22,bench2-fn-a,bench2-fn-a,1,24381759,1000000000,24381759,50,1148860506611,1148884888370
vanilla_two_containers_step32kb_32_to_1024,0,98304,44,22,bench2-fn-b,bench2-fn-b,1,24786685,1000000000,24786685,50,1148889267185,1148914053870
vanilla_two_containers_step32kb_32_to_1024,0,98304,45,23,bench2-fn-a,bench2-fn-a,1,23697723,1000000000,23697723,50,1148916800444,1148940498167
vanilla_two_containers_step32kb_32_to_1024,0,98304,46,23,bench2-fn-b,bench2-fn-b,1,25249019,1000000000,25249019,50,1148943236611,1148968485630
vanilla_two_containers_step32kb_32_to_1024,0,98304,47,24,bench2-fn-a,bench2-fn-a,1,24371426,1000000000,24371426,50,1148971308463,1148995679889
vanilla_two_containers_step32kb_32_to_1024,0,98304,48,24,bench2-fn-b,bench2-fn-b,1,25080981,1000000000,25080981,50,1148999104852,1149024185833
vanilla_two_containers_step32kb_32_to_1024,0,98304,49,25,bench2-fn-a,bench2-fn-a,1,27721574,1000000000,27721574,50,1149028283555,1149056005129
vanilla_two_containers_step32kb_32_to_1024,0,98304,50,25,bench2-fn-b,bench2-fn-b,1,24126574,1000000000,24126574,50,1149059600444,1149083727018
vanilla_two_containers_step32kb_32_to_1024,0,131072,1,1,bench2-fn-a,bench2-fn-a,0,36928074,1000000000,36928074,50,1149189108666,1149226036740
vanilla_two_containers_step32kb_32_to_1024,0,131072,2,1,bench2-fn-b,bench2-fn-b,1,31746352,1000000000,31746352,50,1149228730333,1149260476685
vanilla_two_containers_step32kb_32_to_1024,0,131072,3,2,bench2-fn-a,bench2-fn-a,1,27156352,1000000000,27156352,50,1149264387259,1149291543611
vanilla_two_containers_step32kb_32_to_1024,0,131072,4,2,bench2-fn-b,bench2-fn-b,1,24097500,1000000000,24097500,50,1149294841129,1149318938629
vanilla_two_containers_step32kb_32_to_1024,0,131072,5,3,bench2-fn-a,bench2-fn-a,1,25741722,1000000000,25741722,50,1149321798037,1149347539759
vanilla_two_containers_step32kb_32_to_1024,0,131072,6,3,bench2-fn-b,bench2-fn-b,1,25580074,1000000000,25580074,50,1149351195333,1149376775407
vanilla_two_containers_step32kb_32_to_1024,0,131072,7,4,bench2-fn-a,bench2-fn-a,1,24963444,1000000000,24963444,50,1149379263074,1149404226518
vanilla_two_containers_step32kb_32_to_1024,0,131072,8,4,bench2-fn-b,bench2-fn-b,1,25319351,1000000000,25319351,50,1149407708963,1149433028314
vanilla_two_containers_step32kb_32_to_1024,0,131072,9,5,bench2-fn-a,bench2-fn-a,1,23778648,1000000000,23778648,50,1149435708111,1149459486759
vanilla_two_containers_step32kb_32_to_1024,0,131072,10,5,bench2-fn-b,bench2-fn-b,1,28002851,1000000000,28002851,50,1149462340426,1149490343277
vanilla_two_containers_step32kb_32_to_1024,0,131072,11,6,bench2-fn-a,bench2-fn-a,1,24653870,1000000000,24653870,50,1149493328463,1149517982333
vanilla_two_containers_step32kb_32_to_1024,0,131072,12,6,bench2-fn-b,bench2-fn-b,1,26182537,1000000000,26182537,50,1149520558240,1149546740777
vanilla_two_containers_step32kb_32_to_1024,0,131072,13,7,bench2-fn-a,bench2-fn-a,1,24466834,1000000000,24466834,50,1149549685814,1149574152648
vanilla_two_containers_step32kb_32_to_1024,0,131072,14,7,bench2-fn-b,bench2-fn-b,1,26278796,1000000000,26278796,50,1149577229129,1149603507925
vanilla_two_containers_step32kb_32_to_1024,0,131072,15,8,bench2-fn-a,bench2-fn-a,1,24851166,1000000000,24851166,50,1149606219574,1149631070740
vanilla_two_containers_step32kb_32_to_1024,0,131072,16,8,bench2-fn-b,bench2-fn-b,1,24988462,1000000000,24988462,50,1149634058037,1149659046499
vanilla_two_containers_step32kb_32_to_1024,0,131072,17,9,bench2-fn-a,bench2-fn-a,1,25093297,1000000000,25093297,50,1149661581277,1149686674574
vanilla_two_containers_step32kb_32_to_1024,0,131072,18,9,bench2-fn-b,bench2-fn-b,1,25202555,1000000000,25202555,50,1149689292074,1149714494629
vanilla_two_containers_step32kb_32_to_1024,0,131072,19,10,bench2-fn-a,bench2-fn-a,1,30865000,1000000000,30865000,50,1149717164777,1149748029777
vanilla_two_containers_step32kb_32_to_1024,0,131072,20,10,bench2-fn-b,bench2-fn-b,1,26387315,1000000000,26387315,50,1149750499666,1149776886981
vanilla_two_containers_step32kb_32_to_1024,0,131072,21,11,bench2-fn-a,bench2-fn-a,1,26450092,1000000000,26450092,50,1149780415648,1149806865740
vanilla_two_containers_step32kb_32_to_1024,0,131072,22,11,bench2-fn-b,bench2-fn-b,1,27645000,1000000000,27645000,50,1149809688722,1149837333722
vanilla_two_containers_step32kb_32_to_1024,0,131072,23,12,bench2-fn-a,bench2-fn-a,1,24057167,1000000000,24057167,50,1149840441666,1149864498833
vanilla_two_containers_step32kb_32_to_1024,0,131072,24,12,bench2-fn-b,bench2-fn-b,1,24404833,1000000000,24404833,50,1149867175870,1149891580703
vanilla_two_containers_step32kb_32_to_1024,0,131072,25,13,bench2-fn-a,bench2-fn-a,1,25497963,1000000000,25497963,50,1149894728962,1149920226925
vanilla_two_containers_step32kb_32_to_1024,0,131072,26,13,bench2-fn-b,bench2-fn-b,1,25852611,1000000000,25852611,50,1149923100536,1149948953147
vanilla_two_containers_step32kb_32_to_1024,0,131072,27,14,bench2-fn-a,bench2-fn-a,1,25650834,1000000000,25650834,50,1149952083536,1149977734370
vanilla_two_containers_step32kb_32_to_1024,0,131072,28,14,bench2-fn-b,bench2-fn-b,1,25592296,1000000000,25592296,50,1149980929444,1150006521740
vanilla_two_containers_step32kb_32_to_1024,0,131072,29,15,bench2-fn-a,bench2-fn-a,1,24292129,1000000000,24292129,50,1150009275981,1150033568110
vanilla_two_containers_step32kb_32_to_1024,0,131072,30,15,bench2-fn-b,bench2-fn-b,1,26104852,1000000000,26104852,50,1150036436018,1150062540870
vanilla_two_containers_step32kb_32_to_1024,0,131072,31,16,bench2-fn-a,bench2-fn-a,1,25252611,1000000000,25252611,50,1150065155166,1150090407777
vanilla_two_containers_step32kb_32_to_1024,0,131072,32,16,bench2-fn-b,bench2-fn-b,1,25141574,1000000000,25141574,50,1150093474870,1150118616444
vanilla_two_containers_step32kb_32_to_1024,0,131072,33,17,bench2-fn-a,bench2-fn-a,1,26819018,1000000000,26819018,50,1150122476240,1150149295258
vanilla_two_containers_step32kb_32_to_1024,0,131072,34,17,bench2-fn-b,bench2-fn-b,1,24829055,1000000000,24829055,50,1150152018870,1150176847925
vanilla_two_containers_step32kb_32_to_1024,0,131072,35,18,bench2-fn-a,bench2-fn-a,1,24760926,1000000000,24760926,50,1150180467110,1150205228036
vanilla_two_containers_step32kb_32_to_1024,0,131072,36,18,bench2-fn-b,bench2-fn-b,1,30871574,1000000000,30871574,50,1150208703944,1150239575518
vanilla_two_containers_step32kb_32_to_1024,0,131072,37,19,bench2-fn-a,bench2-fn-a,1,24748500,1000000000,24748500,50,1150242509870,1150267258370
vanilla_two_containers_step32kb_32_to_1024,0,131072,38,19,bench2-fn-b,bench2-fn-b,1,25032222,1000000000,25032222,50,1150270582425,1150295614647
vanilla_two_containers_step32kb_32_to_1024,0,131072,39,20,bench2-fn-a,bench2-fn-a,1,25646722,1000000000,25646722,50,1150298453092,1150324099814
vanilla_two_containers_step32kb_32_to_1024,0,131072,40,20,bench2-fn-b,bench2-fn-b,1,25518352,1000000000,25518352,50,1150326946536,1150352464888
vanilla_two_containers_step32kb_32_to_1024,0,131072,41,21,bench2-fn-a,bench2-fn-a,1,25670852,1000000000,25670852,50,1150355445462,1150381116314
vanilla_two_containers_step32kb_32_to_1024,0,131072,42,21,bench2-fn-b,bench2-fn-b,1,26271408,1000000000,26271408,50,1150383941147,1150410212555
vanilla_two_containers_step32kb_32_to_1024,0,131072,43,22,bench2-fn-a,bench2-fn-a,1,26125204,1000000000,26125204,50,1150414596869,1150440722073
vanilla_two_containers_step32kb_32_to_1024,0,131072,44,22,bench2-fn-b,bench2-fn-b,1,24211278,1000000000,24211278,50,1150443674036,1150467885314
vanilla_two_containers_step32kb_32_to_1024,0,131072,45,23,bench2-fn-a,bench2-fn-a,1,27830352,1000000000,27830352,50,1150471885573,1150499715925
vanilla_two_containers_step32kb_32_to_1024,0,131072,46,23,bench2-fn-b,bench2-fn-b,1,24437593,1000000000,24437593,50,1150502518147,1150526955740
vanilla_two_containers_step32kb_32_to_1024,0,131072,47,24,bench2-fn-a,bench2-fn-a,1,24538889,1000000000,24538889,50,1150529913277,1150554452166
vanilla_two_containers_step32kb_32_to_1024,0,131072,48,24,bench2-fn-b,bench2-fn-b,1,24673074,1000000000,24673074,50,1150557577740,1150582250814
vanilla_two_containers_step32kb_32_to_1024,0,131072,49,25,bench2-fn-a,bench2-fn-a,1,24432722,1000000000,24432722,50,1150585845832,1150610278554
vanilla_two_containers_step32kb_32_to_1024,0,131072,50,25,bench2-fn-b,bench2-fn-b,1,25148186,1000000000,25148186,50,1150613402443,1150638550629
vanilla_two_containers_step32kb_32_to_1024,0,163840,1,1,bench2-fn-a,bench2-fn-a,0,28962166,1000000000,28962166,50,1150740439425,1150769401591
vanilla_two_containers_step32kb_32_to_1024,0,163840,2,1,bench2-fn-b,bench2-fn-b,1,26616944,1000000000,26616944,50,1150772435925,1150799052869
vanilla_two_containers_step32kb_32_to_1024,0,163840,3,2,bench2-fn-a,bench2-fn-a,1,33845944,1000000000,33845944,50,1150803620240,1150837466184
vanilla_two_containers_step32kb_32_to_1024,0,163840,4,2,bench2-fn-b,bench2-fn-b,1,25587203,1000000000,25587203,50,1150840243999,1150865831202
vanilla_two_containers_step32kb_32_to_1024,0,163840,5,3,bench2-fn-a,bench2-fn-a,1,27591277,1000000000,27591277,50,1150869087851,1150896679128
vanilla_two_containers_step32kb_32_to_1024,0,163840,6,3,bench2-fn-b,bench2-fn-b,1,26754370,1000000000,26754370,50,1150899240610,1150925994980
vanilla_two_containers_step32kb_32_to_1024,0,163840,7,4,bench2-fn-a,bench2-fn-a,1,30227093,1000000000,30227093,50,1150928742702,1150958969795
vanilla_two_containers_step32kb_32_to_1024,0,163840,8,4,bench2-fn-b,bench2-fn-b,1,27008260,1000000000,27008260,50,1150961839665,1150988847925
vanilla_two_containers_step32kb_32_to_1024,0,163840,9,5,bench2-fn-a,bench2-fn-a,1,25217852,1000000000,25217852,50,1150991522536,1151016740388
vanilla_two_containers_step32kb_32_to_1024,0,163840,10,5,bench2-fn-b,bench2-fn-b,1,26758741,1000000000,26758741,50,1151019784610,1151046543351
vanilla_two_containers_step32kb_32_to_1024,0,163840,11,6,bench2-fn-a,bench2-fn-a,1,27141092,1000000000,27141092,50,1151050000888,1151077141980
vanilla_two_containers_step32kb_32_to_1024,0,163840,12,6,bench2-fn-b,bench2-fn-b,1,26199074,1000000000,26199074,50,1151080968739,1151107167813
vanilla_two_containers_step32kb_32_to_1024,0,163840,13,7,bench2-fn-a,bench2-fn-a,1,25664611,1000000000,25664611,50,1151109784517,1151135449128
vanilla_two_containers_step32kb_32_to_1024,0,163840,14,7,bench2-fn-b,bench2-fn-b,1,26570296,1000000000,26570296,50,1151138359462,1151164929758
vanilla_two_containers_step32kb_32_to_1024,0,163840,15,8,bench2-fn-a,bench2-fn-a,1,24911778,1000000000,24911778,50,1151168043813,1151192955591
vanilla_two_containers_step32kb_32_to_1024,0,163840,16,8,bench2-fn-b,bench2-fn-b,1,25308092,1000000000,25308092,50,1151197140647,1151222448739
vanilla_two_containers_step32kb_32_to_1024,0,163840,17,9,bench2-fn-a,bench2-fn-a,1,25768297,1000000000,25768297,50,1151225151665,1151250919962
vanilla_two_containers_step32kb_32_to_1024,0,163840,18,9,bench2-fn-b,bench2-fn-b,1,29575018,1000000000,29575018,50,1151254828758,1151284403776
vanilla_two_containers_step32kb_32_to_1024,0,163840,19,10,bench2-fn-a,bench2-fn-a,1,26397334,1000000000,26397334,50,1151287228239,1151313625573
vanilla_two_containers_step32kb_32_to_1024,0,163840,20,10,bench2-fn-b,bench2-fn-b,1,31911630,1000000000,31911630,50,1151316393276,1151348304906
vanilla_two_containers_step32kb_32_to_1024,0,163840,21,11,bench2-fn-a,bench2-fn-a,1,26672315,1000000000,26672315,50,1151351438054,1151378110369
vanilla_two_containers_step32kb_32_to_1024,0,163840,22,11,bench2-fn-b,bench2-fn-b,1,25965130,1000000000,25965130,50,1151382743461,1151408708591
vanilla_two_containers_step32kb_32_to_1024,0,163840,23,12,bench2-fn-a,bench2-fn-a,1,24574963,1000000000,24574963,50,1151413274406,1151437849369
vanilla_two_containers_step32kb_32_to_1024,0,163840,24,12,bench2-fn-b,bench2-fn-b,1,26260463,1000000000,26260463,50,1151440754554,1151467015017
vanilla_two_containers_step32kb_32_to_1024,0,163840,25,13,bench2-fn-a,bench2-fn-a,1,24693241,1000000000,24693241,50,1151469660665,1151494353906
vanilla_two_containers_step32kb_32_to_1024,0,163840,26,13,bench2-fn-b,bench2-fn-b,1,26086574,1000000000,26086574,50,1151498073221,1151524159795
vanilla_two_containers_step32kb_32_to_1024,0,163840,27,14,bench2-fn-a,bench2-fn-a,1,26183815,1000000000,26183815,50,1151527230869,1151553414684
vanilla_two_containers_step32kb_32_to_1024,0,163840,28,14,bench2-fn-b,bench2-fn-b,1,26282370,1000000000,26282370,50,1151557990832,1151584273202
vanilla_two_containers_step32kb_32_to_1024,0,163840,29,15,bench2-fn-a,bench2-fn-a,1,25920666,1000000000,25920666,50,1151586895369,1151612816035
vanilla_two_containers_step32kb_32_to_1024,0,163840,30,15,bench2-fn-b,bench2-fn-b,1,28727815,1000000000,28727815,50,1151615461017,1151644188832
vanilla_two_containers_step32kb_32_to_1024,0,163840,31,16,bench2-fn-a,bench2-fn-a,1,25485278,1000000000,25485278,50,1151648614239,1151674099517
vanilla_two_containers_step32kb_32_to_1024,0,163840,32,16,bench2-fn-b,bench2-fn-b,1,25964574,1000000000,25964574,50,1151678549961,1151704514535
vanilla_two_containers_step32kb_32_to_1024,0,163840,33,17,bench2-fn-a,bench2-fn-a,1,26714760,1000000000,26714760,50,1151707317609,1151734032369
vanilla_two_containers_step32kb_32_to_1024,0,163840,34,17,bench2-fn-b,bench2-fn-b,1,25596129,1000000000,25596129,50,1151736753332,1151762349461
vanilla_two_containers_step32kb_32_to_1024,0,163840,35,18,bench2-fn-a,bench2-fn-a,1,25827314,1000000000,25827314,50,1151764992406,1151790819720
vanilla_two_containers_step32kb_32_to_1024,0,163840,36,18,bench2-fn-b,bench2-fn-b,1,26260463,1000000000,26260463,50,1151793536832,1151819797295
vanilla_two_containers_step32kb_32_to_1024,0,163840,37,19,bench2-fn-a,bench2-fn-a,1,33583815,1000000000,33583815,50,1151823283554,1151856867369
vanilla_two_containers_step32kb_32_to_1024,0,163840,38,19,bench2-fn-b,bench2-fn-b,1,32282833,1000000000,32282833,50,1151859769350,1151892052183
vanilla_two_containers_step32kb_32_to_1024,0,163840,39,20,bench2-fn-a,bench2-fn-a,1,36381240,1000000000,36381240,50,1151895875554,1151932256794
vanilla_two_containers_step32kb_32_to_1024,0,163840,40,20,bench2-fn-b,bench2-fn-b,1,28467037,1000000000,28467037,50,1151935513998,1151963981035
vanilla_two_containers_step32kb_32_to_1024,0,163840,41,21,bench2-fn-a,bench2-fn-a,1,28402481,1000000000,28402481,50,1151966794906,1151995197387
vanilla_two_containers_step32kb_32_to_1024,0,163840,42,21,bench2-fn-b,bench2-fn-b,1,26083074,1000000000,26083074,50,1151997949220,1152024032294
vanilla_two_containers_step32kb_32_to_1024,0,163840,43,22,bench2-fn-a,bench2-fn-a,1,26109241,1000000000,26109241,50,1152027488739,1152053597980
vanilla_two_containers_step32kb_32_to_1024,0,163840,44,22,bench2-fn-b,bench2-fn-b,1,25538519,1000000000,25538519,50,1152057895609,1152083434128
vanilla_two_containers_step32kb_32_to_1024,0,163840,45,23,bench2-fn-a,bench2-fn-a,1,26182000,1000000000,26182000,50,1152086026146,1152112208146
vanilla_two_containers_step32kb_32_to_1024,0,163840,46,23,bench2-fn-b,bench2-fn-b,1,25274445,1000000000,25274445,50,1152115221609,1152140496054
vanilla_two_containers_step32kb_32_to_1024,0,163840,47,24,bench2-fn-a,bench2-fn-a,1,26205111,1000000000,26205111,50,1152143721424,1152169926535
vanilla_two_containers_step32kb_32_to_1024,0,163840,48,24,bench2-fn-b,bench2-fn-b,1,27971574,1000000000,27971574,50,1152172738331,1152200709905
vanilla_two_containers_step32kb_32_to_1024,0,163840,49,25,bench2-fn-a,bench2-fn-a,1,25669667,1000000000,25669667,50,1152205222442,1152230892109
vanilla_two_containers_step32kb_32_to_1024,0,163840,50,25,bench2-fn-b,bench2-fn-b,1,28641204,1000000000,28641204,50,1152233435887,1152262077091
vanilla_two_containers_step32kb_32_to_1024,0,196608,1,1,bench2-fn-a,bench2-fn-a,0,40190148,1000000000,40190148,50,1152366812628,1152407002776
vanilla_two_containers_step32kb_32_to_1024,0,196608,2,1,bench2-fn-b,bench2-fn-b,1,26279982,1000000000,26279982,50,1152411003257,1152437283239
vanilla_two_containers_step32kb_32_to_1024,0,196608,3,2,bench2-fn-a,bench2-fn-a,1,26972407,1000000000,26972407,50,1152440140165,1152467112572
vanilla_two_containers_step32kb_32_to_1024,0,196608,4,2,bench2-fn-b,bench2-fn-b,1,27056852,1000000000,27056852,50,1152469946646,1152497003498
vanilla_two_containers_step32kb_32_to_1024,0,196608,5,3,bench2-fn-a,bench2-fn-a,1,27503833,1000000000,27503833,50,1152499681498,1152527185331
vanilla_two_containers_step32kb_32_to_1024,0,196608,6,3,bench2-fn-b,bench2-fn-b,1,26851074,1000000000,26851074,50,1152530059035,1152556910109
vanilla_two_containers_step32kb_32_to_1024,0,196608,7,4,bench2-fn-a,bench2-fn-a,1,26520463,1000000000,26520463,50,1152560335646,1152586856109
vanilla_two_containers_step32kb_32_to_1024,0,196608,8,4,bench2-fn-b,bench2-fn-b,1,26564981,1000000000,26564981,50,1152589393072,1152615958053
vanilla_two_containers_step32kb_32_to_1024,0,196608,9,5,bench2-fn-a,bench2-fn-a,1,25580648,1000000000,25580648,50,1152618774479,1152644355127
vanilla_two_containers_step32kb_32_to_1024,0,196608,10,5,bench2-fn-b,bench2-fn-b,1,25615908,1000000000,25615908,50,1152647565201,1152673181109
vanilla_two_containers_step32kb_32_to_1024,0,196608,11,6,bench2-fn-a,bench2-fn-a,1,26972556,1000000000,26972556,50,1152675782442,1152702754998
vanilla_two_containers_step32kb_32_to_1024,0,196608,12,6,bench2-fn-b,bench2-fn-b,1,29985482,1000000000,29985482,50,1152705755016,1152735740498
vanilla_two_containers_step32kb_32_to_1024,0,196608,13,7,bench2-fn-a,bench2-fn-a,1,27107759,1000000000,27107759,50,1152740258961,1152767366720
vanilla_two_containers_step32kb_32_to_1024,0,196608,14,7,bench2-fn-b,bench2-fn-b,1,28098408,1000000000,28098408,50,1152770765090,1152798863498
vanilla_two_containers_step32kb_32_to_1024,0,196608,15,8,bench2-fn-a,bench2-fn-a,1,27037925,1000000000,27037925,50,1152801688887,1152828726812
vanilla_two_containers_step32kb_32_to_1024,0,196608,16,8,bench2-fn-b,bench2-fn-b,1,27438056,1000000000,27438056,50,1152831783590,1152859221646
vanilla_two_containers_step32kb_32_to_1024,0,196608,17,9,bench2-fn-a,bench2-fn-a,1,26720444,1000000000,26720444,50,1152862132998,1152888853442
vanilla_two_containers_step32kb_32_to_1024,0,196608,18,9,bench2-fn-b,bench2-fn-b,1,34811185,1000000000,34811185,50,1152891487535,1152926298720
vanilla_two_containers_step32kb_32_to_1024,0,196608,19,10,bench2-fn-a,bench2-fn-a,1,27011185,1000000000,27011185,50,1152928981794,1152955992979
vanilla_two_containers_step32kb_32_to_1024,0,196608,20,10,bench2-fn-b,bench2-fn-b,1,26170611,1000000000,26170611,50,1152958872942,1152985043553
vanilla_two_containers_step32kb_32_to_1024,0,196608,21,11,bench2-fn-a,bench2-fn-a,1,26027685,1000000000,26027685,50,1152987719331,1153013747016
vanilla_two_containers_step32kb_32_to_1024,0,196608,22,11,bench2-fn-b,bench2-fn-b,1,27053722,1000000000,27053722,50,1153017605516,1153044659238
vanilla_two_containers_step32kb_32_to_1024,0,196608,23,12,bench2-fn-a,bench2-fn-a,1,29491611,1000000000,29491611,50,1153048297312,1153077788923
vanilla_two_containers_step32kb_32_to_1024,0,196608,24,12,bench2-fn-b,bench2-fn-b,1,26626722,1000000000,26626722,50,1153082689072,1153109315794
vanilla_two_containers_step32kb_32_to_1024,0,196608,25,13,bench2-fn-a,bench2-fn-a,1,26710055,1000000000,26710055,50,1153112814072,1153139524127
vanilla_two_containers_step32kb_32_to_1024,0,196608,26,13,bench2-fn-b,bench2-fn-b,1,27061185,1000000000,27061185,50,1153144108386,1153171169571
vanilla_two_containers_step32kb_32_to_1024,0,196608,27,14,bench2-fn-a,bench2-fn-a,1,27309870,1000000000,27309870,50,1153173726331,1153201036201
vanilla_two_containers_step32kb_32_to_1024,0,196608,28,14,bench2-fn-b,bench2-fn-b,1,28697741,1000000000,28697741,50,1153203880905,1153232578646
vanilla_two_containers_step32kb_32_to_1024,0,196608,29,15,bench2-fn-a,bench2-fn-a,1,29793315,1000000000,29793315,50,1153235179497,1153264972812
vanilla_two_containers_step32kb_32_to_1024,0,196608,30,15,bench2-fn-b,bench2-fn-b,1,27887000,1000000000,27887000,50,1153267813220,1153295700220
vanilla_two_containers_step32kb_32_to_1024,0,196608,31,16,bench2-fn-a,bench2-fn-a,1,27030851,1000000000,27030851,50,1153298395794,1153325426645
vanilla_two_containers_step32kb_32_to_1024,0,196608,32,16,bench2-fn-b,bench2-fn-b,1,27070037,1000000000,27070037,50,1153329479738,1153356549775
vanilla_two_containers_step32kb_32_to_1024,0,196608,33,17,bench2-fn-a,bench2-fn-a,1,32987926,1000000000,32987926,50,1153359542423,1153392530349
vanilla_two_containers_step32kb_32_to_1024,0,196608,34,17,bench2-fn-b,bench2-fn-b,1,26515055,1000000000,26515055,50,1153395133368,1153421648423
vanilla_two_containers_step32kb_32_to_1024,0,196608,35,18,bench2-fn-a,bench2-fn-a,1,37167963,1000000000,37167963,50,1153424403701,1153461571664
vanilla_two_containers_step32kb_32_to_1024,0,196608,36,18,bench2-fn-b,bench2-fn-b,1,27236333,1000000000,27236333,50,1153464922349,1153492158682
vanilla_two_containers_step32kb_32_to_1024,0,196608,37,19,bench2-fn-a,bench2-fn-a,1,26617296,1000000000,26617296,50,1153494940275,1153521557571
vanilla_two_containers_step32kb_32_to_1024,0,196608,38,19,bench2-fn-b,bench2-fn-b,1,27318204,1000000000,27318204,50,1153524475256,1153551793460
vanilla_two_containers_step32kb_32_to_1024,0,196608,39,20,bench2-fn-a,bench2-fn-a,1,25773203,1000000000,25773203,50,1153554290979,1153580064182
vanilla_two_containers_step32kb_32_to_1024,0,196608,40,20,bench2-fn-b,bench2-fn-b,1,27871963,1000000000,27871963,50,1153583150627,1153611022590
vanilla_two_containers_step32kb_32_to_1024,0,196608,41,21,bench2-fn-a,bench2-fn-a,1,26297833,1000000000,26297833,50,1153616150127,1153642447960
vanilla_two_containers_step32kb_32_to_1024,0,196608,42,21,bench2-fn-b,bench2-fn-b,1,26922722,1000000000,26922722,50,1153645468849,1153672391571
vanilla_two_containers_step32kb_32_to_1024,0,196608,43,22,bench2-fn-a,bench2-fn-a,1,26543481,1000000000,26543481,50,1153675466979,1153702010460
vanilla_two_containers_step32kb_32_to_1024,0,196608,44,22,bench2-fn-b,bench2-fn-b,1,26661426,1000000000,26661426,50,1153704781923,1153731443349
vanilla_two_containers_step32kb_32_to_1024,0,196608,45,23,bench2-fn-a,bench2-fn-a,1,26597908,1000000000,26597908,50,1153734144719,1153760742627
vanilla_two_containers_step32kb_32_to_1024,0,196608,46,23,bench2-fn-b,bench2-fn-b,1,27930852,1000000000,27930852,50,1153763544571,1153791475423
vanilla_two_containers_step32kb_32_to_1024,0,196608,47,24,bench2-fn-a,bench2-fn-a,1,31400649,1000000000,31400649,50,1153795131941,1153826532590
vanilla_two_containers_step32kb_32_to_1024,0,196608,48,24,bench2-fn-b,bench2-fn-b,1,26885482,1000000000,26885482,50,1153829451867,1153856337349
vanilla_two_containers_step32kb_32_to_1024,0,196608,49,25,bench2-fn-a,bench2-fn-a,1,26106407,1000000000,26106407,50,1153858969701,1153885076108
vanilla_two_containers_step32kb_32_to_1024,0,196608,50,25,bench2-fn-b,bench2-fn-b,1,32110888,1000000000,32110888,50,1153888589090,1153920699978
vanilla_two_containers_step32kb_32_to_1024,0,229376,1,1,bench2-fn-a,bench2-fn-a,0,31305611,1000000000,31305611,50,1154023020849,1154054326460
vanilla_two_containers_step32kb_32_to_1024,0,229376,2,1,bench2-fn-b,bench2-fn-b,1,33297981,1000000000,33297981,50,1154057234960,1154090532941
vanilla_two_containers_step32kb_32_to_1024,0,229376,3,2,bench2-fn-a,bench2-fn-a,1,27613463,1000000000,27613463,50,1154094777404,1154122390867
vanilla_two_containers_step32kb_32_to_1024,0,229376,4,2,bench2-fn-b,bench2-fn-b,1,29651593,1000000000,29651593,50,1154124940830,1154154592423
vanilla_two_containers_step32kb_32_to_1024,0,229376,5,3,bench2-fn-a,bench2-fn-a,1,28364982,1000000000,28364982,50,1154159107719,1154187472701
vanilla_two_containers_step32kb_32_to_1024,0,229376,6,3,bench2-fn-b,bench2-fn-b,1,27347019,1000000000,27347019,50,1154190928441,1154218275460
vanilla_two_containers_step32kb_32_to_1024,0,229376,7,4,bench2-fn-a,bench2-fn-a,1,29199666,1000000000,29199666,50,1154221408460,1154250608126
vanilla_two_containers_step32kb_32_to_1024,0,229376,8,4,bench2-fn-b,bench2-fn-b,1,28257093,1000000000,28257093,50,1154253390904,1154281647997
vanilla_two_containers_step32kb_32_to_1024,0,229376,9,5,bench2-fn-a,bench2-fn-a,1,27325463,1000000000,27325463,50,1154284399608,1154311725071
vanilla_two_containers_step32kb_32_to_1024,0,229376,10,5,bench2-fn-b,bench2-fn-b,1,28041685,1000000000,28041685,50,1154315179775,1154343221460
vanilla_two_containers_step32kb_32_to_1024,0,229376,11,6,bench2-fn-a,bench2-fn-a,1,28846907,1000000000,28846907,50,1154346459349,1154375306256
vanilla_two_containers_step32kb_32_to_1024,0,229376,12,6,bench2-fn-b,bench2-fn-b,1,30999760,1000000000,30999760,50,1154378599200,1154409598960
vanilla_two_containers_step32kb_32_to_1024,0,229376,13,7,bench2-fn-a,bench2-fn-a,1,27670907,1000000000,27670907,50,1154412610997,1154440281904
vanilla_two_containers_step32kb_32_to_1024,0,229376,14,7,bench2-fn-b,bench2-fn-b,1,29752685,1000000000,29752685,50,1154442891608,1154472644293
vanilla_two_containers_step32kb_32_to_1024,0,229376,15,8,bench2-fn-a,bench2-fn-a,1,28057574,1000000000,28057574,50,1154476194367,1154504251941
vanilla_two_containers_step32kb_32_to_1024,0,229376,16,8,bench2-fn-b,bench2-fn-b,1,27510334,1000000000,27510334,50,1154507001811,1154534512145
vanilla_two_containers_step32kb_32_to_1024,0,229376,17,9,bench2-fn-a,bench2-fn-a,1,28269797,1000000000,28269797,50,1154537046663,1154565316460
vanilla_two_containers_step32kb_32_to_1024,0,229376,18,9,bench2-fn-b,bench2-fn-b,1,28822463,1000000000,28822463,50,1154570545256,1154599367719
vanilla_two_containers_step32kb_32_to_1024,0,229376,19,10,bench2-fn-a,bench2-fn-a,1,32872537,1000000000,32872537,50,1154602547737,1154635420274
vanilla_two_containers_step32kb_32_to_1024,0,229376,20,10,bench2-fn-b,bench2-fn-b,1,30249907,1000000000,30249907,50,1154638520108,1154668770015
vanilla_two_containers_step32kb_32_to_1024,0,229376,21,11,bench2-fn-a,bench2-fn-a,1,28902611,1000000000,28902611,50,1154672038534,1154700941145
vanilla_two_containers_step32kb_32_to_1024,0,229376,22,11,bench2-fn-b,bench2-fn-b,1,28030185,1000000000,28030185,50,1154703813256,1154731843441
vanilla_two_containers_step32kb_32_to_1024,0,229376,23,12,bench2-fn-a,bench2-fn-a,1,28294593,1000000000,28294593,50,1154734576163,1154762870756
vanilla_two_containers_step32kb_32_to_1024,0,229376,24,12,bench2-fn-b,bench2-fn-b,1,32924352,1000000000,32924352,50,1154765422441,1154798346793
vanilla_two_containers_step32kb_32_to_1024,0,229376,25,13,bench2-fn-a,bench2-fn-a,1,30396667,1000000000,30396667,50,1154801175959,1154831572626
vanilla_two_containers_step32kb_32_to_1024,0,229376,26,13,bench2-fn-b,bench2-fn-b,1,30107574,1000000000,30107574,50,1154834422700,1154864530274
vanilla_two_containers_step32kb_32_to_1024,0,229376,27,14,bench2-fn-a,bench2-fn-a,1,27446518,1000000000,27446518,50,1154867365830,1154894812348
vanilla_two_containers_step32kb_32_to_1024,0,229376,28,14,bench2-fn-b,bench2-fn-b,1,28517278,1000000000,28517278,50,1154897225959,1154925743237
vanilla_two_containers_step32kb_32_to_1024,0,229376,29,15,bench2-fn-a,bench2-fn-a,1,26999426,1000000000,26999426,50,1154928331533,1154955330959
vanilla_two_containers_step32kb_32_to_1024,0,229376,30,15,bench2-fn-b,bench2-fn-b,1,30844833,1000000000,30844833,50,1154957904126,1154988748959
vanilla_two_containers_step32kb_32_to_1024,0,229376,31,16,bench2-fn-a,bench2-fn-a,1,27523315,1000000000,27523315,50,1154991890811,1155019414126
vanilla_two_containers_step32kb_32_to_1024,0,229376,32,16,bench2-fn-b,bench2-fn-b,1,27753334,1000000000,27753334,50,1155021883607,1155049636941
vanilla_two_containers_step32kb_32_to_1024,0,229376,33,17,bench2-fn-a,bench2-fn-a,1,28552278,1000000000,28552278,50,1155052716348,1155081268626
vanilla_two_containers_step32kb_32_to_1024,0,229376,34,17,bench2-fn-b,bench2-fn-b,1,27595352,1000000000,27595352,50,1155083786441,1155111381793
vanilla_two_containers_step32kb_32_to_1024,0,229376,35,18,bench2-fn-a,bench2-fn-a,1,28375500,1000000000,28375500,50,1155114438200,1155142813700
vanilla_two_containers_step32kb_32_to_1024,0,229376,36,18,bench2-fn-b,bench2-fn-b,1,37362667,1000000000,37362667,50,1155147217163,1155184579830
vanilla_two_containers_step32kb_32_to_1024,0,229376,37,19,bench2-fn-a,bench2-fn-a,1,27660834,1000000000,27660834,50,1155187478255,1155215139089
vanilla_two_containers_step32kb_32_to_1024,0,229376,38,19,bench2-fn-b,bench2-fn-b,1,28036000,1000000000,28036000,50,1155220496552,1155248532552
vanilla_two_containers_step32kb_32_to_1024,0,229376,39,20,bench2-fn-a,bench2-fn-a,1,26971852,1000000000,26971852,50,1155253543144,1155280514996
vanilla_two_containers_step32kb_32_to_1024,0,229376,40,20,bench2-fn-b,bench2-fn-b,1,27362463,1000000000,27362463,50,1155283444274,1155310806737
vanilla_two_containers_step32kb_32_to_1024,0,229376,41,21,bench2-fn-a,bench2-fn-a,1,26943426,1000000000,26943426,50,1155315775015,1155342718441
vanilla_two_containers_step32kb_32_to_1024,0,229376,42,21,bench2-fn-b,bench2-fn-b,1,27990500,1000000000,27990500,50,1155345609126,1155373599626
vanilla_two_containers_step32kb_32_to_1024,0,229376,43,22,bench2-fn-a,bench2-fn-a,1,27716129,1000000000,27716129,50,1155376392626,1155404108755
vanilla_two_containers_step32kb_32_to_1024,0,229376,44,22,bench2-fn-b,bench2-fn-b,1,28785666,1000000000,28785666,50,1155406846052,1155435631718
vanilla_two_containers_step32kb_32_to_1024,0,229376,45,23,bench2-fn-a,bench2-fn-a,1,28911852,1000000000,28911852,50,1155438237737,1155467149589
vanilla_two_containers_step32kb_32_to_1024,0,229376,46,23,bench2-fn-b,bench2-fn-b,1,30550963,1000000000,30550963,50,1155471572811,1155502123774
vanilla_two_containers_step32kb_32_to_1024,0,229376,47,24,bench2-fn-a,bench2-fn-a,1,26614907,1000000000,26614907,50,1155504751237,1155531366144
vanilla_two_containers_step32kb_32_to_1024,0,229376,48,24,bench2-fn-b,bench2-fn-b,1,30295074,1000000000,30295074,50,1155534028144,1155564323218
vanilla_two_containers_step32kb_32_to_1024,0,229376,49,25,bench2-fn-a,bench2-fn-a,1,28692314,1000000000,28692314,50,1155569532589,1155598224903
vanilla_two_containers_step32kb_32_to_1024,0,229376,50,25,bench2-fn-b,bench2-fn-b,1,27794444,1000000000,27794444,50,1155600993311,1155628787755
vanilla_two_containers_step32kb_32_to_1024,0,262144,1,1,bench2-fn-a,bench2-fn-a,0,32001074,1000000000,32001074,50,1155733343848,1155765344922
vanilla_two_containers_step32kb_32_to_1024,0,262144,2,1,bench2-fn-b,bench2-fn-b,1,28035111,1000000000,28035111,50,1155768192440,1155796227551
vanilla_two_containers_step32kb_32_to_1024,0,262144,3,2,bench2-fn-a,bench2-fn-a,1,34470371,1000000000,34470371,50,1155799359329,1155833829700
vanilla_two_containers_step32kb_32_to_1024,0,262144,4,2,bench2-fn-b,bench2-fn-b,1,28811611,1000000000,28811611,50,1155836795459,1155865607070
vanilla_two_containers_step32kb_32_to_1024,0,262144,5,3,bench2-fn-a,bench2-fn-a,1,27779370,1000000000,27779370,50,1155868648144,1155896427514
vanilla_two_containers_step32kb_32_to_1024,0,262144,6,3,bench2-fn-b,bench2-fn-b,1,29581463,1000000000,29581463,50,1155899032440,1155928613903
vanilla_two_containers_step32kb_32_to_1024,0,262144,7,4,bench2-fn-a,bench2-fn-a,1,28083852,1000000000,28083852,50,1155931183755,1155959267607
vanilla_two_containers_step32kb_32_to_1024,0,262144,8,4,bench2-fn-b,bench2-fn-b,1,27790019,1000000000,27790019,50,1155961680588,1155989470607
vanilla_two_containers_step32kb_32_to_1024,0,262144,9,5,bench2-fn-a,bench2-fn-a,1,29231056,1000000000,29231056,50,1155991934662,1156021165718
vanilla_two_containers_step32kb_32_to_1024,0,262144,10,5,bench2-fn-b,bench2-fn-b,1,33163592,1000000000,33163592,50,1156024032459,1156057196051
vanilla_two_containers_step32kb_32_to_1024,0,262144,11,6,bench2-fn-a,bench2-fn-a,1,27988796,1000000000,27988796,50,1156060077959,1156088066755
vanilla_two_containers_step32kb_32_to_1024,0,262144,12,6,bench2-fn-b,bench2-fn-b,1,29555314,1000000000,29555314,50,1156091204348,1156120759662
vanilla_two_containers_step32kb_32_to_1024,0,262144,13,7,bench2-fn-a,bench2-fn-a,1,29019278,1000000000,29019278,50,1156123295366,1156152314644
vanilla_two_containers_step32kb_32_to_1024,0,262144,14,7,bench2-fn-b,bench2-fn-b,1,27815759,1000000000,27815759,50,1156157550477,1156185366236
vanilla_two_containers_step32kb_32_to_1024,0,262144,15,8,bench2-fn-a,bench2-fn-a,1,28550278,1000000000,28550278,50,1156188217440,1156216767718
vanilla_two_containers_step32kb_32_to_1024,0,262144,16,8,bench2-fn-b,bench2-fn-b,1,28068574,1000000000,28068574,50,1156219946292,1156248014866
vanilla_two_containers_step32kb_32_to_1024,0,262144,17,9,bench2-fn-a,bench2-fn-a,1,28748926,1000000000,28748926,50,1156250666477,1156279415403
vanilla_two_containers_step32kb_32_to_1024,0,262144,18,9,bench2-fn-b,bench2-fn-b,1,28370334,1000000000,28370334,50,1156282101921,1156310472255
vanilla_two_containers_step32kb_32_to_1024,0,262144,19,10,bench2-fn-a,bench2-fn-a,1,29307019,1000000000,29307019,50,1156313205736,1156342512755
vanilla_two_containers_step32kb_32_to_1024,0,262144,20,10,bench2-fn-b,bench2-fn-b,1,34878851,1000000000,34878851,50,1156345380533,1156380259384
vanilla_two_containers_step32kb_32_to_1024,0,262144,21,11,bench2-fn-a,bench2-fn-a,1,32679760,1000000000,32679760,50,1156385463310,1156418143070
vanilla_two_containers_step32kb_32_to_1024,0,262144,22,11,bench2-fn-b,bench2-fn-b,1,29069389,1000000000,29069389,50,1156421153625,1156450223014
vanilla_two_containers_step32kb_32_to_1024,0,262144,23,12,bench2-fn-a,bench2-fn-a,1,27265963,1000000000,27265963,50,1156455327255,1156482593218
vanilla_two_containers_step32kb_32_to_1024,0,262144,24,12,bench2-fn-b,bench2-fn-b,1,30018760,1000000000,30018760,50,1156485627921,1156515646681
vanilla_two_containers_step32kb_32_to_1024,0,262144,25,13,bench2-fn-a,bench2-fn-a,1,30810371,1000000000,30810371,50,1156518523884,1156549334255
vanilla_two_containers_step32kb_32_to_1024,0,262144,26,13,bench2-fn-b,bench2-fn-b,1,30038907,1000000000,30038907,50,1156553596125,1156583635032
vanilla_two_containers_step32kb_32_to_1024,0,262144,27,14,bench2-fn-a,bench2-fn-a,1,27742611,1000000000,27742611,50,1156587771273,1156615513884
vanilla_two_containers_step32kb_32_to_1024,0,262144,28,14,bench2-fn-b,bench2-fn-b,1,30329833,1000000000,30329833,50,1156618076051,1156648405884
vanilla_two_containers_step32kb_32_to_1024,0,262144,29,15,bench2-fn-a,bench2-fn-a,1,28151685,1000000000,28151685,50,1156651428458,1156679580143
vanilla_two_containers_step32kb_32_to_1024,0,262144,30,15,bench2-fn-b,bench2-fn-b,1,29131445,1000000000,29131445,50,1156682454347,1156711585792
vanilla_two_containers_step32kb_32_to_1024,0,262144,31,16,bench2-fn-a,bench2-fn-a,1,31108537,1000000000,31108537,50,1156714270440,1156745378977
vanilla_two_containers_step32kb_32_to_1024,0,262144,32,16,bench2-fn-b,bench2-fn-b,1,29293370,1000000000,29293370,50,1156747984829,1156777278199
vanilla_two_containers_step32kb_32_to_1024,0,262144,33,17,bench2-fn-a,bench2-fn-a,1,31394111,1000000000,31394111,50,1156779887792,1156811281903
vanilla_two_containers_step32kb_32_to_1024,0,262144,34,17,bench2-fn-b,bench2-fn-b,1,29935425,1000000000,29935425,50,1156813647329,1156843582754
vanilla_two_containers_step32kb_32_to_1024,0,262144,35,18,bench2-fn-a,bench2-fn-a,1,29926851,1000000000,29926851,50,1156846167792,1156876094643
vanilla_two_containers_step32kb_32_to_1024,0,262144,36,18,bench2-fn-b,bench2-fn-b,1,40994277,1000000000,40994277,50,1156879016014,1156920010291
vanilla_two_containers_step32kb_32_to_1024,0,262144,37,19,bench2-fn-a,bench2-fn-a,1,36523185,1000000000,36523185,50,1156924238773,1156960761958
vanilla_two_containers_step32kb_32_to_1024,0,262144,38,19,bench2-fn-b,bench2-fn-b,1,28099759,1000000000,28099759,50,1156967275384,1156995375143
vanilla_two_containers_step32kb_32_to_1024,0,262144,39,20,bench2-fn-a,bench2-fn-a,1,29537315,1000000000,29537315,50,1156998026569,1157027563884
vanilla_two_containers_step32kb_32_to_1024,0,262144,40,20,bench2-fn-b,bench2-fn-b,1,28400648,1000000000,28400648,50,1157030368514,1157058769162
vanilla_two_containers_step32kb_32_to_1024,0,262144,41,21,bench2-fn-a,bench2-fn-a,1,31456555,1000000000,31456555,50,1157064105088,1157095561643
vanilla_two_containers_step32kb_32_to_1024,0,262144,42,21,bench2-fn-b,bench2-fn-b,1,27705982,1000000000,27705982,50,1157098171643,1157125877625
vanilla_two_containers_step32kb_32_to_1024,0,262144,43,22,bench2-fn-a,bench2-fn-a,1,30569481,1000000000,30569481,50,1157128262421,1157158831902
vanilla_two_containers_step32kb_32_to_1024,0,262144,44,22,bench2-fn-b,bench2-fn-b,1,28248389,1000000000,28248389,50,1157161437699,1157189686088
vanilla_two_containers_step32kb_32_to_1024,0,262144,45,23,bench2-fn-a,bench2-fn-a,1,29329093,1000000000,29329093,50,1157192241939,1157221571032
vanilla_two_containers_step32kb_32_to_1024,0,262144,46,23,bench2-fn-b,bench2-fn-b,1,28245852,1000000000,28245852,50,1157226600143,1157254845995
vanilla_two_containers_step32kb_32_to_1024,0,262144,47,24,bench2-fn-a,bench2-fn-a,1,29826426,1000000000,29826426,50,1157257914236,1157287740662
vanilla_two_containers_step32kb_32_to_1024,0,262144,48,24,bench2-fn-b,bench2-fn-b,1,30248611,1000000000,30248611,50,1157290479069,1157320727680
vanilla_two_containers_step32kb_32_to_1024,0,262144,49,25,bench2-fn-a,bench2-fn-a,1,29549519,1000000000,29549519,50,1157325786643,1157355336162
vanilla_two_containers_step32kb_32_to_1024,0,262144,50,25,bench2-fn-b,bench2-fn-b,1,29928703,1000000000,29928703,50,1157358829884,1157388758587
vanilla_two_containers_step32kb_32_to_1024,0,294912,1,1,bench2-fn-a,bench2-fn-a,0,44889666,1000000000,44889666,50,1157499645921,1157544535587
vanilla_two_containers_step32kb_32_to_1024,0,294912,2,1,bench2-fn-b,bench2-fn-b,1,29408815,1000000000,29408815,50,1157547139995,1157576548810
vanilla_two_containers_step32kb_32_to_1024,0,294912,3,2,bench2-fn-a,bench2-fn-a,1,34384500,1000000000,34384500,50,1157579084865,1157613469365
vanilla_two_containers_step32kb_32_to_1024,0,294912,4,2,bench2-fn-b,bench2-fn-b,1,28771500,1000000000,28771500,50,1157616090273,1157644861773
vanilla_two_containers_step32kb_32_to_1024,0,294912,5,3,bench2-fn-a,bench2-fn-a,1,28961055,1000000000,28961055,50,1157647435921,1157676396976
vanilla_two_containers_step32kb_32_to_1024,0,294912,6,3,bench2-fn-b,bench2-fn-b,1,30624167,1000000000,30624167,50,1157680336328,1157710960495
vanilla_two_containers_step32kb_32_to_1024,0,294912,7,4,bench2-fn-a,bench2-fn-a,1,31184870,1000000000,31184870,50,1157714118365,1157745303235
vanilla_two_containers_step32kb_32_to_1024,0,294912,8,4,bench2-fn-b,bench2-fn-b,1,29304722,1000000000,29304722,50,1157748199495,1157777504217
vanilla_two_containers_step32kb_32_to_1024,0,294912,9,5,bench2-fn-a,bench2-fn-a,1,28760815,1000000000,28760815,50,1157780284272,1157809045087
vanilla_two_containers_step32kb_32_to_1024,0,294912,10,5,bench2-fn-b,bench2-fn-b,1,29749092,1000000000,29749092,50,1157811804717,1157841553809
vanilla_two_containers_step32kb_32_to_1024,0,294912,11,6,bench2-fn-a,bench2-fn-a,1,28839926,1000000000,28839926,50,1157844774976,1157873614902
vanilla_two_containers_step32kb_32_to_1024,0,294912,12,6,bench2-fn-b,bench2-fn-b,1,30070519,1000000000,30070519,50,1157876928198,1157906998717
vanilla_two_containers_step32kb_32_to_1024,0,294912,13,7,bench2-fn-a,bench2-fn-a,1,28180241,1000000000,28180241,50,1157913193754,1157941373995
vanilla_two_containers_step32kb_32_to_1024,0,294912,14,7,bench2-fn-b,bench2-fn-b,1,27405389,1000000000,27405389,50,1157946942439,1157974347828
vanilla_two_containers_step32kb_32_to_1024,0,294912,15,8,bench2-fn-a,bench2-fn-a,1,30799851,1000000000,30799851,50,1157977838032,1158008637883
vanilla_two_containers_step32kb_32_to_1024,0,294912,16,8,bench2-fn-b,bench2-fn-b,1,30555296,1000000000,30555296,50,1158011671643,1158042226939
vanilla_two_containers_step32kb_32_to_1024,0,294912,17,9,bench2-fn-a,bench2-fn-a,1,29297296,1000000000,29297296,50,1158044961106,1158074258402
vanilla_two_containers_step32kb_32_to_1024,0,294912,18,9,bench2-fn-b,bench2-fn-b,1,35828740,1000000000,35828740,50,1158080642680,1158116471420
vanilla_two_containers_step32kb_32_to_1024,0,294912,19,10,bench2-fn-a,bench2-fn-a,1,30961204,1000000000,30961204,50,1158119091735,1158150052939
vanilla_two_containers_step32kb_32_to_1024,0,294912,20,10,bench2-fn-b,bench2-fn-b,1,30169685,1000000000,30169685,50,1158153006661,1158183176346
vanilla_two_containers_step32kb_32_to_1024,0,294912,21,11,bench2-fn-a,bench2-fn-a,1,29103000,1000000000,29103000,50,1158185746217,1158214849217
vanilla_two_containers_step32kb_32_to_1024,0,294912,22,11,bench2-fn-b,bench2-fn-b,1,29135833,1000000000,29135833,50,1158217269439,1158246405272
vanilla_two_containers_step32kb_32_to_1024,0,294912,23,12,bench2-fn-a,bench2-fn-a,1,28858500,1000000000,28858500,50,1158248979754,1158277838254
vanilla_two_containers_step32kb_32_to_1024,0,294912,24,12,bench2-fn-b,bench2-fn-b,1,30013574,1000000000,30013574,50,1158280151531,1158310165105
vanilla_two_containers_step32kb_32_to_1024,0,294912,25,13,bench2-fn-a,bench2-fn-a,1,28592444,1000000000,28592444,50,1158312795124,1158341387568
vanilla_two_containers_step32kb_32_to_1024,0,294912,26,13,bench2-fn-b,bench2-fn-b,1,28739129,1000000000,28739129,50,1158344290439,1158373029568
vanilla_two_containers_step32kb_32_to_1024,0,294912,27,14,bench2-fn-a,bench2-fn-a,1,34638426,1000000000,34638426,50,1158376951365,1158411589791
vanilla_two_containers_step32kb_32_to_1024,0,294912,28,14,bench2-fn-b,bench2-fn-b,1,29346981,1000000000,29346981,50,1158414323791,1158443670772
vanilla_two_containers_step32kb_32_to_1024,0,294912,29,15,bench2-fn-a,bench2-fn-a,1,28645167,1000000000,28645167,50,1158446903883,1158475549050
vanilla_two_containers_step32kb_32_to_1024,0,294912,30,15,bench2-fn-b,bench2-fn-b,1,28423241,1000000000,28423241,50,1158478255587,1158506678828
vanilla_two_containers_step32kb_32_to_1024,0,294912,31,16,bench2-fn-a,bench2-fn-a,1,29083871,1000000000,29083871,50,1158509520068,1158538603939
vanilla_two_containers_step32kb_32_to_1024,0,294912,32,16,bench2-fn-b,bench2-fn-b,1,30424870,1000000000,30424870,50,1158541222198,1158571647068
vanilla_two_containers_step32kb_32_to_1024,0,294912,33,17,bench2-fn-a,bench2-fn-a,1,28869203,1000000000,28869203,50,1158574158902,1158603028105
vanilla_two_containers_step32kb_32_to_1024,0,294912,34,17,bench2-fn-b,bench2-fn-b,1,28812537,1000000000,28812537,50,1158605529383,1158634341920
vanilla_two_containers_step32kb_32_to_1024,0,294912,35,18,bench2-fn-a,bench2-fn-a,1,32525740,1000000000,32525740,50,1158636934902,1158669460642
vanilla_two_containers_step32kb_32_to_1024,0,294912,36,18,bench2-fn-b,bench2-fn-b,1,28125759,1000000000,28125759,50,1158673341346,1158701467105
vanilla_two_containers_step32kb_32_to_1024,0,294912,37,19,bench2-fn-a,bench2-fn-a,1,31077222,1000000000,31077222,50,1158704303883,1158735381105
vanilla_two_containers_step32kb_32_to_1024,0,294912,38,19,bench2-fn-b,bench2-fn-b,1,33265296,1000000000,33265296,50,1158738004124,1158771269420
vanilla_two_containers_step32kb_32_to_1024,0,294912,39,20,bench2-fn-a,bench2-fn-a,1,30656056,1000000000,30656056,50,1158774133531,1158804789587
vanilla_two_containers_step32kb_32_to_1024,0,294912,40,20,bench2-fn-b,bench2-fn-b,1,28461759,1000000000,28461759,50,1158807415846,1158835877605
vanilla_two_containers_step32kb_32_to_1024,0,294912,41,21,bench2-fn-a,bench2-fn-a,1,28067907,1000000000,28067907,50,1158841894624,1158869962531
vanilla_two_containers_step32kb_32_to_1024,0,294912,42,21,bench2-fn-b,bench2-fn-b,1,29331407,1000000000,29331407,50,1158872668568,1158901999975
vanilla_two_containers_step32kb_32_to_1024,0,294912,43,22,bench2-fn-a,bench2-fn-a,1,30410889,1000000000,30410889,50,1158904658920,1158935069809
vanilla_two_containers_step32kb_32_to_1024,0,294912,44,22,bench2-fn-b,bench2-fn-b,1,27984704,1000000000,27984704,50,1158937898031,1158965882735
vanilla_two_containers_step32kb_32_to_1024,0,294912,45,23,bench2-fn-a,bench2-fn-a,1,29140889,1000000000,29140889,50,1158969165438,1158998306327
vanilla_two_containers_step32kb_32_to_1024,0,294912,46,23,bench2-fn-b,bench2-fn-b,1,29369111,1000000000,29369111,50,1159001126531,1159030495642
vanilla_two_containers_step32kb_32_to_1024,0,294912,47,24,bench2-fn-a,bench2-fn-a,1,30475093,1000000000,30475093,50,1159033042864,1159063517957
vanilla_two_containers_step32kb_32_to_1024,0,294912,48,24,bench2-fn-b,bench2-fn-b,1,28528074,1000000000,28528074,50,1159067280438,1159095808512
vanilla_two_containers_step32kb_32_to_1024,0,294912,49,25,bench2-fn-a,bench2-fn-a,1,27826611,1000000000,27826611,50,1159098498716,1159126325327
vanilla_two_containers_step32kb_32_to_1024,0,294912,50,25,bench2-fn-b,bench2-fn-b,1,33471630,1000000000,33471630,50,1159128836623,1159162308253
vanilla_two_containers_step32kb_32_to_1024,0,327680,1,1,bench2-fn-a,bench2-fn-a,0,35574407,1000000000,35574407,50,1159264786420,1159300360827
vanilla_two_containers_step32kb_32_to_1024,0,327680,2,1,bench2-fn-b,bench2-fn-b,1,36972611,1000000000,36972611,50,1159303376031,1159340348642
vanilla_two_containers_step32kb_32_to_1024,0,327680,3,2,bench2-fn-a,bench2-fn-a,1,32360870,1000000000,32360870,50,1159343367401,1159375728271
vanilla_two_containers_step32kb_32_to_1024,0,327680,4,2,bench2-fn-b,bench2-fn-b,1,30079074,1000000000,30079074,50,1159378550660,1159408629734
vanilla_two_containers_step32kb_32_to_1024,0,327680,5,3,bench2-fn-a,bench2-fn-a,1,28677352,1000000000,28677352,50,1159411018401,1159439695753
vanilla_two_containers_step32kb_32_to_1024,0,327680,6,3,bench2-fn-b,bench2-fn-b,1,31166537,1000000000,31166537,50,1159443490475,1159474657012
vanilla_two_containers_step32kb_32_to_1024,0,327680,7,4,bench2-fn-a,bench2-fn-a,1,29122482,1000000000,29122482,50,1159478948271,1159508070753
vanilla_two_containers_step32kb_32_to_1024,0,327680,8,4,bench2-fn-b,bench2-fn-b,1,29971111,1000000000,29971111,50,1159512789142,1159542760253
vanilla_two_containers_step32kb_32_to_1024,0,327680,9,5,bench2-fn-a,bench2-fn-a,1,29284648,1000000000,29284648,50,1159545380049,1159574664697
vanilla_two_containers_step32kb_32_to_1024,0,327680,10,5,bench2-fn-b,bench2-fn-b,1,29514241,1000000000,29514241,50,1159577152827,1159606667068
vanilla_two_containers_step32kb_32_to_1024,0,327680,11,6,bench2-fn-a,bench2-fn-a,1,64787333,1000000000,64787333,50,1159609894512,1159674681845
vanilla_two_containers_step32kb_32_to_1024,0,327680,12,6,bench2-fn-b,bench2-fn-b,1,30694815,1000000000,30694815,50,1159677620753,1159708315568
vanilla_two_containers_step32kb_32_to_1024,0,327680,13,7,bench2-fn-a,bench2-fn-a,1,30753426,1000000000,30753426,50,1159711415975,1159742169401
vanilla_two_containers_step32kb_32_to_1024,0,327680,14,7,bench2-fn-b,bench2-fn-b,1,52496370,1000000000,52496370,50,1159748619605,1159801115975
vanilla_two_containers_step32kb_32_to_1024,0,327680,15,8,bench2-fn-a,bench2-fn-a,1,29901907,1000000000,29901907,50,1159803777938,1159833679845
vanilla_two_containers_step32kb_32_to_1024,0,327680,16,8,bench2-fn-b,bench2-fn-b,1,29770129,1000000000,29770129,50,1159836345327,1159866115456
vanilla_two_containers_step32kb_32_to_1024,0,327680,17,9,bench2-fn-a,bench2-fn-a,1,32588889,1000000000,32588889,50,1159868627290,1159901216179
vanilla_two_containers_step32kb_32_to_1024,0,327680,18,9,bench2-fn-b,bench2-fn-b,1,29240426,1000000000,29240426,50,1159903672864,1159932913290
vanilla_two_containers_step32kb_32_to_1024,0,327680,19,10,bench2-fn-a,bench2-fn-a,1,35777611,1000000000,35777611,50,1159937198697,1159972976308
vanilla_two_containers_step32kb_32_to_1024,0,327680,20,10,bench2-fn-b,bench2-fn-b,1,30699222,1000000000,30699222,50,1159975747660,1160006446882
vanilla_two_containers_step32kb_32_to_1024,0,327680,21,11,bench2-fn-a,bench2-fn-a,1,29975352,1000000000,29975352,50,1160009438345,1160039413697
vanilla_two_containers_step32kb_32_to_1024,0,327680,22,11,bench2-fn-b,bench2-fn-b,1,31977852,1000000000,31977852,50,1160042378641,1160074356493
vanilla_two_containers_step32kb_32_to_1024,0,327680,23,12,bench2-fn-a,bench2-fn-a,1,32182685,1000000000,32182685,50,1160077132030,1160109314715
vanilla_two_containers_step32kb_32_to_1024,0,327680,24,12,bench2-fn-b,bench2-fn-b,1,30049334,1000000000,30049334,50,1160112040104,1160142089438
vanilla_two_containers_step32kb_32_to_1024,0,327680,25,13,bench2-fn-a,bench2-fn-a,1,30951037,1000000000,30951037,50,1160144753327,1160175704364
vanilla_two_containers_step32kb_32_to_1024,0,327680,26,13,bench2-fn-b,bench2-fn-b,1,30956408,1000000000,30956408,50,1160178338104,1160209294512
vanilla_two_containers_step32kb_32_to_1024,0,327680,27,14,bench2-fn-a,bench2-fn-a,1,30362204,1000000000,30362204,50,1160211692456,1160242054660
vanilla_two_containers_step32kb_32_to_1024,0,327680,28,14,bench2-fn-b,bench2-fn-b,1,30587963,1000000000,30587963,50,1160244481364,1160275069327
vanilla_two_containers_step32kb_32_to_1024,0,327680,29,15,bench2-fn-a,bench2-fn-a,1,30349630,1000000000,30349630,50,1160277463104,1160307812734
vanilla_two_containers_step32kb_32_to_1024,0,327680,30,15,bench2-fn-b,bench2-fn-b,1,30296834,1000000000,30296834,50,1160310946067,1160341242901
vanilla_two_containers_step32kb_32_to_1024,0,327680,31,16,bench2-fn-a,bench2-fn-a,1,32636556,1000000000,32636556,50,1160344258863,1160376895419
vanilla_two_containers_step32kb_32_to_1024,0,327680,32,16,bench2-fn-b,bench2-fn-b,1,29876241,1000000000,29876241,50,1160379840419,1160409716660
vanilla_two_containers_step32kb_32_to_1024,0,327680,33,17,bench2-fn-a,bench2-fn-a,1,29800463,1000000000,29800463,50,1160412978345,1160442778808
vanilla_two_containers_step32kb_32_to_1024,0,327680,34,17,bench2-fn-b,bench2-fn-b,1,31259741,1000000000,31259741,50,1160445127863,1160476387604
vanilla_two_containers_step32kb_32_to_1024,0,327680,35,18,bench2-fn-a,bench2-fn-a,1,34585518,1000000000,34585518,50,1160478930086,1160513515604
vanilla_two_containers_step32kb_32_to_1024,0,327680,36,18,bench2-fn-b,bench2-fn-b,1,41095463,1000000000,41095463,50,1160516290104,1160557385567
vanilla_two_containers_step32kb_32_to_1024,0,327680,37,19,bench2-fn-a,bench2-fn-a,1,28764315,1000000000,28764315,50,1160562787289,1160591551604
vanilla_two_containers_step32kb_32_to_1024,0,327680,38,19,bench2-fn-b,bench2-fn-b,1,32154481,1000000000,32154481,50,1160594123919,1160626278400
vanilla_two_containers_step32kb_32_to_1024,0,327680,39,20,bench2-fn-a,bench2-fn-a,1,29229185,1000000000,29229185,50,1160628846623,1160658075808
vanilla_two_containers_step32kb_32_to_1024,0,327680,40,20,bench2-fn-b,bench2-fn-b,1,30936056,1000000000,30936056,50,1160660615289,1160691551345
vanilla_two_containers_step32kb_32_to_1024,0,327680,41,21,bench2-fn-a,bench2-fn-a,1,32606574,1000000000,32606574,50,1160694637067,1160727243641
vanilla_two_containers_step32kb_32_to_1024,0,327680,42,21,bench2-fn-b,bench2-fn-b,1,30531704,1000000000,30531704,50,1160730065752,1160760597456
vanilla_two_containers_step32kb_32_to_1024,0,327680,43,22,bench2-fn-a,bench2-fn-a,1,32140278,1000000000,32140278,50,1160763414993,1160795555271
vanilla_two_containers_step32kb_32_to_1024,0,327680,44,22,bench2-fn-b,bench2-fn-b,1,30936574,1000000000,30936574,50,1160798279011,1160829215585
vanilla_two_containers_step32kb_32_to_1024,0,327680,45,23,bench2-fn-a,bench2-fn-a,1,29805611,1000000000,29805611,50,1160832440826,1160862246437
vanilla_two_containers_step32kb_32_to_1024,0,327680,46,23,bench2-fn-b,bench2-fn-b,1,33108167,1000000000,33108167,50,1160864666141,1160897774308
vanilla_two_containers_step32kb_32_to_1024,0,327680,47,24,bench2-fn-a,bench2-fn-a,1,29606037,1000000000,29606037,50,1160900565363,1160930171400
vanilla_two_containers_step32kb_32_to_1024,0,327680,48,24,bench2-fn-b,bench2-fn-b,1,33338259,1000000000,33338259,50,1160932707845,1160966046104
vanilla_two_containers_step32kb_32_to_1024,0,327680,49,25,bench2-fn-a,bench2-fn-a,1,32642629,1000000000,32642629,50,1160968987271,1161001629900
vanilla_two_containers_step32kb_32_to_1024,0,327680,50,25,bench2-fn-b,bench2-fn-b,1,30046185,1000000000,30046185,50,1161004760771,1161034806956
vanilla_two_containers_step32kb_32_to_1024,0,360448,1,1,bench2-fn-a,bench2-fn-a,0,37604445,1000000000,37604445,50,1161137953622,1161175558067
vanilla_two_containers_step32kb_32_to_1024,0,360448,2,1,bench2-fn-b,bench2-fn-b,1,31993667,1000000000,31993667,50,1161178126900,1161210120567
vanilla_two_containers_step32kb_32_to_1024,0,360448,3,2,bench2-fn-a,bench2-fn-a,1,39787593,1000000000,39787593,50,1161212860733,1161252648326
vanilla_two_containers_step32kb_32_to_1024,0,360448,4,2,bench2-fn-b,bench2-fn-b,1,34292944,1000000000,34292944,50,1161255924178,1161290217122
vanilla_two_containers_step32kb_32_to_1024,0,360448,5,3,bench2-fn-a,bench2-fn-a,1,32903574,1000000000,32903574,50,1161292998196,1161325901770
vanilla_two_containers_step32kb_32_to_1024,0,360448,6,3,bench2-fn-b,bench2-fn-b,1,31412777,1000000000,31412777,50,1161328672104,1161360084881
vanilla_two_containers_step32kb_32_to_1024,0,360448,7,4,bench2-fn-a,bench2-fn-a,1,34364666,1000000000,34364666,50,1161362518104,1161396882770
vanilla_two_containers_step32kb_32_to_1024,0,360448,8,4,bench2-fn-b,bench2-fn-b,1,34235592,1000000000,34235592,50,1161399588863,1161433824455
vanilla_two_containers_step32kb_32_to_1024,0,360448,9,5,bench2-fn-a,bench2-fn-a,1,33072092,1000000000,33072092,50,1161436313567,1161469385659
vanilla_two_containers_step32kb_32_to_1024,0,360448,10,5,bench2-fn-b,bench2-fn-b,1,32077778,1000000000,32077778,50,1161472032881,1161504110659
vanilla_two_containers_step32kb_32_to_1024,0,360448,11,6,bench2-fn-a,bench2-fn-a,1,34611074,1000000000,34611074,50,1161506680881,1161541291955
vanilla_two_containers_step32kb_32_to_1024,0,360448,12,6,bench2-fn-b,bench2-fn-b,1,31937741,1000000000,31937741,50,1161544607196,1161576544937
vanilla_two_containers_step32kb_32_to_1024,0,360448,13,7,bench2-fn-a,bench2-fn-a,1,32018889,1000000000,32018889,50,1161579124307,1161611143196
vanilla_two_containers_step32kb_32_to_1024,0,360448,14,7,bench2-fn-b,bench2-fn-b,1,33691148,1000000000,33691148,50,1161613702733,1161647393881
vanilla_two_containers_step32kb_32_to_1024,0,360448,15,8,bench2-fn-a,bench2-fn-a,1,33030037,1000000000,33030037,50,1161650031029,1161683061066
vanilla_two_containers_step32kb_32_to_1024,0,360448,16,8,bench2-fn-b,bench2-fn-b,1,33132834,1000000000,33132834,50,1161686346140,1161719478974
vanilla_two_containers_step32kb_32_to_1024,0,360448,17,9,bench2-fn-a,bench2-fn-a,1,32608426,1000000000,32608426,50,1161725789789,1161758398215
vanilla_two_containers_step32kb_32_to_1024,0,360448,18,9,bench2-fn-b,bench2-fn-b,1,35347741,1000000000,35347741,50,1161764498548,1161799846289
vanilla_two_containers_step32kb_32_to_1024,0,360448,19,10,bench2-fn-a,bench2-fn-a,1,33763759,1000000000,33763759,50,1161802760937,1161836524696
vanilla_two_containers_step32kb_32_to_1024,0,360448,20,10,bench2-fn-b,bench2-fn-b,1,35250778,1000000000,35250778,50,1161839188140,1161874438918
vanilla_two_containers_step32kb_32_to_1024,0,360448,21,11,bench2-fn-a,bench2-fn-a,1,40994352,1000000000,40994352,50,1161877810622,1161918804974
vanilla_two_containers_step32kb_32_to_1024,0,360448,22,11,bench2-fn-b,bench2-fn-b,1,39753333,1000000000,39753333,50,1161922620844,1161962374177
vanilla_two_containers_step32kb_32_to_1024,0,360448,23,12,bench2-fn-a,bench2-fn-a,1,31979222,1000000000,31979222,50,1161967829437,1161999808659
vanilla_two_containers_step32kb_32_to_1024,0,360448,24,12,bench2-fn-b,bench2-fn-b,1,32435315,1000000000,32435315,50,1162002273307,1162034708622
vanilla_two_containers_step32kb_32_to_1024,0,360448,25,13,bench2-fn-a,bench2-fn-a,1,32392518,1000000000,32392518,50,1162037205770,1162069598288
vanilla_two_containers_step32kb_32_to_1024,0,360448,26,13,bench2-fn-b,bench2-fn-b,1,31540611,1000000000,31540611,50,1162072342140,1162103882751
vanilla_two_containers_step32kb_32_to_1024,0,360448,27,14,bench2-fn-a,bench2-fn-a,1,32048704,1000000000,32048704,50,1162106416918,1162138465622
vanilla_two_containers_step32kb_32_to_1024,0,360448,28,14,bench2-fn-b,bench2-fn-b,1,36901315,1000000000,36901315,50,1162141379677,1162178280992
vanilla_two_containers_step32kb_32_to_1024,0,360448,29,15,bench2-fn-a,bench2-fn-a,1,33658074,1000000000,33658074,50,1162180933918,1162214591992
vanilla_two_containers_step32kb_32_to_1024,0,360448,30,15,bench2-fn-b,bench2-fn-b,1,33974334,1000000000,33974334,50,1162219493362,1162253467696
vanilla_two_containers_step32kb_32_to_1024,0,360448,31,16,bench2-fn-a,bench2-fn-a,1,31005351,1000000000,31005351,50,1162256125548,1162287130899
vanilla_two_containers_step32kb_32_to_1024,0,360448,32,16,bench2-fn-b,bench2-fn-b,1,32607426,1000000000,32607426,50,1162292240881,1162324848307
vanilla_two_containers_step32kb_32_to_1024,0,360448,33,17,bench2-fn-a,bench2-fn-a,1,32366574,1000000000,32366574,50,1162327618085,1162359984659
vanilla_two_containers_step32kb_32_to_1024,0,360448,34,17,bench2-fn-b,bench2-fn-b,1,39432648,1000000000,39432648,50,1162363013122,1162402445770
vanilla_two_containers_step32kb_32_to_1024,0,360448,35,18,bench2-fn-a,bench2-fn-a,1,33967519,1000000000,33967519,50,1162408621010,1162442588529
vanilla_two_containers_step32kb_32_to_1024,0,360448,36,18,bench2-fn-b,bench2-fn-b,1,32137426,1000000000,32137426,50,1162445038066,1162477175492
vanilla_two_containers_step32kb_32_to_1024,0,360448,37,19,bench2-fn-a,bench2-fn-a,1,31692833,1000000000,31692833,50,1162479955270,1162511648103
vanilla_two_containers_step32kb_32_to_1024,0,360448,38,19,bench2-fn-b,bench2-fn-b,1,31275963,1000000000,31275963,50,1162514101825,1162545377788
vanilla_two_containers_step32kb_32_to_1024,0,360448,39,20,bench2-fn-a,bench2-fn-a,1,33461797,1000000000,33461797,50,1162547844010,1162581305807
vanilla_two_containers_step32kb_32_to_1024,0,360448,40,20,bench2-fn-b,bench2-fn-b,1,33960482,1000000000,33960482,50,1162584202195,1162618162677
vanilla_two_containers_step32kb_32_to_1024,0,360448,41,21,bench2-fn-a,bench2-fn-a,1,34062981,1000000000,34062981,50,1162621116918,1162655179899
vanilla_two_containers_step32kb_32_to_1024,0,360448,42,21,bench2-fn-b,bench2-fn-b,1,30604741,1000000000,30604741,50,1162657841677,1162688446418
vanilla_two_containers_step32kb_32_to_1024,0,360448,43,22,bench2-fn-a,bench2-fn-a,1,32917889,1000000000,32917889,50,1162690941621,1162723859510
vanilla_two_containers_step32kb_32_to_1024,0,360448,44,22,bench2-fn-b,bench2-fn-b,1,35432704,1000000000,35432704,50,1162726438973,1162761871677
vanilla_two_containers_step32kb_32_to_1024,0,360448,45,23,bench2-fn-a,bench2-fn-a,1,32982037,1000000000,32982037,50,1162764812714,1162797794751
vanilla_two_containers_step32kb_32_to_1024,0,360448,46,23,bench2-fn-b,bench2-fn-b,1,34213296,1000000000,34213296,50,1162801172844,1162835386140
vanilla_two_containers_step32kb_32_to_1024,0,360448,47,24,bench2-fn-a,bench2-fn-a,1,33929649,1000000000,33929649,50,1162841482732,1162875412381
vanilla_two_containers_step32kb_32_to_1024,0,360448,48,24,bench2-fn-b,bench2-fn-b,1,33556222,1000000000,33556222,50,1162878961103,1162912517325
vanilla_two_containers_step32kb_32_to_1024,0,360448,49,25,bench2-fn-a,bench2-fn-a,1,32620185,1000000000,32620185,50,1162915200399,1162947820584
vanilla_two_containers_step32kb_32_to_1024,0,360448,50,25,bench2-fn-b,bench2-fn-b,1,33666148,1000000000,33666148,50,1162954196158,1162987862306
vanilla_two_containers_step32kb_32_to_1024,0,393216,1,1,bench2-fn-a,bench2-fn-a,0,48015759,1000000000,48015759,50,1163089886066,1163137901825
vanilla_two_containers_step32kb_32_to_1024,0,393216,2,1,bench2-fn-b,bench2-fn-b,1,35805611,1000000000,35805611,50,1163140984214,1163176789825
vanilla_two_containers_step32kb_32_to_1024,0,393216,3,2,bench2-fn-a,bench2-fn-a,1,35515908,1000000000,35515908,50,1163179276917,1163214792825
vanilla_two_containers_step32kb_32_to_1024,0,393216,4,2,bench2-fn-b,bench2-fn-b,1,33770167,1000000000,33770167,50,1163217126584,1163250896751
vanilla_two_containers_step32kb_32_to_1024,0,393216,5,3,bench2-fn-a,bench2-fn-a,1,33081962,1000000000,33081962,50,1163255178640,1163288260602
vanilla_two_containers_step32kb_32_to_1024,0,393216,6,3,bench2-fn-b,bench2-fn-b,1,35367482,1000000000,35367482,50,1163292466602,1163327834084
vanilla_two_containers_step32kb_32_to_1024,0,393216,7,4,bench2-fn-a,bench2-fn-a,1,33611259,1000000000,33611259,50,1163331317288,1163364928547
vanilla_two_containers_step32kb_32_to_1024,0,393216,8,4,bench2-fn-b,bench2-fn-b,1,35435444,1000000000,35435444,50,1163367330751,1163402766195
vanilla_two_containers_step32kb_32_to_1024,0,393216,9,5,bench2-fn-a,bench2-fn-a,1,32892445,1000000000,32892445,50,1163405129269,1163438021714
vanilla_two_containers_step32kb_32_to_1024,0,393216,10,5,bench2-fn-b,bench2-fn-b,1,36899129,1000000000,36899129,50,1163443707751,1163480606880
vanilla_two_containers_step32kb_32_to_1024,0,393216,11,6,bench2-fn-a,bench2-fn-a,1,36472999,1000000000,36472999,50,1163483513251,1163519986250
vanilla_two_containers_step32kb_32_to_1024,0,393216,12,6,bench2-fn-b,bench2-fn-b,1,33287611,1000000000,33287611,50,1163522707436,1163555995047
vanilla_two_containers_step32kb_32_to_1024,0,393216,13,7,bench2-fn-a,bench2-fn-a,1,35985778,1000000000,35985778,50,1163558685195,1163594670973
vanilla_two_containers_step32kb_32_to_1024,0,393216,14,7,bench2-fn-b,bench2-fn-b,1,34631556,1000000000,34631556,50,1163597208250,1163631839806
vanilla_two_containers_step32kb_32_to_1024,0,393216,15,8,bench2-fn-a,bench2-fn-a,1,34570426,1000000000,34570426,50,1163634298695,1163668869121
vanilla_two_containers_step32kb_32_to_1024,0,393216,16,8,bench2-fn-b,bench2-fn-b,1,33975111,1000000000,33975111,50,1163672021584,1163705996695
vanilla_two_containers_step32kb_32_to_1024,0,393216,17,9,bench2-fn-a,bench2-fn-a,1,37305204,1000000000,37305204,50,1163710416861,1163747722065
vanilla_two_containers_step32kb_32_to_1024,0,393216,18,9,bench2-fn-b,bench2-fn-b,1,43357537,1000000000,43357537,50,1163750277213,1163793634750
vanilla_two_containers_step32kb_32_to_1024,0,393216,19,10,bench2-fn-a,bench2-fn-a,1,35937055,1000000000,35937055,50,1163796309510,1163832246565
vanilla_two_containers_step32kb_32_to_1024,0,393216,20,10,bench2-fn-b,bench2-fn-b,1,35829666,1000000000,35829666,50,1163838449584,1163874279250
vanilla_two_containers_step32kb_32_to_1024,0,393216,21,11,bench2-fn-a,bench2-fn-a,1,36396462,1000000000,36396462,50,1163877924010,1163914320472
vanilla_two_containers_step32kb_32_to_1024,0,393216,22,11,bench2-fn-b,bench2-fn-b,1,35105277,1000000000,35105277,50,1163920607695,1163955712972
vanilla_two_containers_step32kb_32_to_1024,0,393216,23,12,bench2-fn-a,bench2-fn-a,1,32553129,1000000000,32553129,50,1163958281195,1163990834324
vanilla_two_containers_step32kb_32_to_1024,0,393216,24,12,bench2-fn-b,bench2-fn-b,1,34224685,1000000000,34224685,50,1163993310584,1164027535269
vanilla_two_containers_step32kb_32_to_1024,0,393216,25,13,bench2-fn-a,bench2-fn-a,1,34236056,1000000000,34236056,50,1164030079065,1164064315121
vanilla_two_containers_step32kb_32_to_1024,0,393216,26,13,bench2-fn-b,bench2-fn-b,1,34083648,1000000000,34083648,50,1164067281695,1164101365343
vanilla_two_containers_step32kb_32_to_1024,0,393216,27,14,bench2-fn-a,bench2-fn-a,1,37668018,1000000000,37668018,50,1164105073102,1164142741120
vanilla_two_containers_step32kb_32_to_1024,0,393216,28,14,bench2-fn-b,bench2-fn-b,1,34328777,1000000000,34328777,50,1164146381695,1164180710472
vanilla_two_containers_step32kb_32_to_1024,0,393216,29,15,bench2-fn-a,bench2-fn-a,1,33662778,1000000000,33662778,50,1164183175472,1164216838250
vanilla_two_containers_step32kb_32_to_1024,0,393216,30,15,bench2-fn-b,bench2-fn-b,1,35228963,1000000000,35228963,50,1164220928213,1164256157176
vanilla_two_containers_step32kb_32_to_1024,0,393216,31,16,bench2-fn-a,bench2-fn-a,1,34838315,1000000000,34838315,50,1164259010583,1164293848898
vanilla_two_containers_step32kb_32_to_1024,0,393216,32,16,bench2-fn-b,bench2-fn-b,1,33843814,1000000000,33843814,50,1164296873306,1164330717120
vanilla_two_containers_step32kb_32_to_1024,0,393216,33,17,bench2-fn-a,bench2-fn-a,1,36654926,1000000000,36654926,50,1164334092046,1164370746972
vanilla_two_containers_step32kb_32_to_1024,0,393216,34,17,bench2-fn-b,bench2-fn-b,1,34458982,1000000000,34458982,50,1164373211435,1164407670417
vanilla_two_containers_step32kb_32_to_1024,0,393216,35,18,bench2-fn-a,bench2-fn-a,1,39202907,1000000000,39202907,50,1164410022398,1164449225305
vanilla_two_containers_step32kb_32_to_1024,0,393216,36,18,bench2-fn-b,bench2-fn-b,1,37313796,1000000000,37313796,50,1164452809417,1164490123213
vanilla_two_containers_step32kb_32_to_1024,0,393216,37,19,bench2-fn-a,bench2-fn-a,1,34203352,1000000000,34203352,50,1164492782639,1164526985991
vanilla_two_containers_step32kb_32_to_1024,0,393216,38,19,bench2-fn-b,bench2-fn-b,1,38594870,1000000000,38594870,50,1164529474880,1164568069750
vanilla_two_containers_step32kb_32_to_1024,0,393216,39,20,bench2-fn-a,bench2-fn-a,1,34810204,1000000000,34810204,50,1164574604379,1164609414583
vanilla_two_containers_step32kb_32_to_1024,0,393216,40,20,bench2-fn-b,bench2-fn-b,1,33033463,1000000000,33033463,50,1164614832176,1164647865639
vanilla_two_containers_step32kb_32_to_1024,0,393216,41,21,bench2-fn-a,bench2-fn-a,1,33214315,1000000000,33214315,50,1164650894916,1164684109231
vanilla_two_containers_step32kb_32_to_1024,0,393216,42,21,bench2-fn-b,bench2-fn-b,1,34171593,1000000000,34171593,50,1164686896268,1164721067861
vanilla_two_containers_step32kb_32_to_1024,0,393216,43,22,bench2-fn-a,bench2-fn-a,1,38480185,1000000000,38480185,50,1164724506083,1164762986268
vanilla_two_containers_step32kb_32_to_1024,0,393216,44,22,bench2-fn-b,bench2-fn-b,1,39276222,1000000000,39276222,50,1164769544676,1164808820898
vanilla_two_containers_step32kb_32_to_1024,0,393216,45,23,bench2-fn-a,bench2-fn-a,1,33640222,1000000000,33640222,50,1164811381750,1164845021972
vanilla_two_containers_step32kb_32_to_1024,0,393216,46,23,bench2-fn-b,bench2-fn-b,1,34739111,1000000000,34739111,50,1164847654824,1164882393935
vanilla_two_containers_step32kb_32_to_1024,0,393216,47,24,bench2-fn-a,bench2-fn-a,1,34501574,1000000000,34501574,50,1164884923398,1164919424972
vanilla_two_containers_step32kb_32_to_1024,0,393216,48,24,bench2-fn-b,bench2-fn-b,1,36932278,1000000000,36932278,50,1164922582157,1164959514435
vanilla_two_containers_step32kb_32_to_1024,0,393216,49,25,bench2-fn-a,bench2-fn-a,1,37735593,1000000000,37735593,50,1164962582694,1165000318287
vanilla_two_containers_step32kb_32_to_1024,0,393216,50,25,bench2-fn-b,bench2-fn-b,1,34320074,1000000000,34320074,50,1165003589750,1165037909824
vanilla_two_containers_step32kb_32_to_1024,0,425984,1,1,bench2-fn-a,bench2-fn-a,0,42058556,1000000000,42058556,50,1165142602268,1165184660824
vanilla_two_containers_step32kb_32_to_1024,0,425984,2,1,bench2-fn-b,bench2-fn-b,1,39265889,1000000000,39265889,50,1165187251527,1165226517416
vanilla_two_containers_step32kb_32_to_1024,0,425984,3,2,bench2-fn-a,bench2-fn-a,1,36013371,1000000000,36013371,50,1165230222249,1165266235620
vanilla_two_containers_step32kb_32_to_1024,0,425984,4,2,bench2-fn-b,bench2-fn-b,1,37598685,1000000000,37598685,50,1165268946601,1165306545286
vanilla_two_containers_step32kb_32_to_1024,0,425984,5,3,bench2-fn-a,bench2-fn-a,1,38462204,1000000000,38462204,50,1165309320342,1165347782546
vanilla_two_containers_step32kb_32_to_1024,0,425984,6,3,bench2-fn-b,bench2-fn-b,1,40714482,1000000000,40714482,50,1165350428823,1165391143305
vanilla_two_containers_step32kb_32_to_1024,0,425984,7,4,bench2-fn-a,bench2-fn-a,1,36536389,1000000000,36536389,50,1165394139360,1165430675749
vanilla_two_containers_step32kb_32_to_1024,0,425984,8,4,bench2-fn-b,bench2-fn-b,1,37855482,1000000000,37855482,50,1165433284175,1165471139657
vanilla_two_containers_step32kb_32_to_1024,0,425984,9,5,bench2-fn-a,bench2-fn-a,1,36920074,1000000000,36920074,50,1165473748990,1165510669064
vanilla_two_containers_step32kb_32_to_1024,0,425984,10,5,bench2-fn-b,bench2-fn-b,1,39748981,1000000000,39748981,50,1165514144379,1165553893360
vanilla_two_containers_step32kb_32_to_1024,0,425984,11,6,bench2-fn-a,bench2-fn-a,1,36542463,1000000000,36542463,50,1165556928620,1165593471083
vanilla_two_containers_step32kb_32_to_1024,0,425984,12,6,bench2-fn-b,bench2-fn-b,1,36755648,1000000000,36755648,50,1165596906620,1165633662268
vanilla_two_containers_step32kb_32_to_1024,0,425984,13,7,bench2-fn-a,bench2-fn-a,1,37070852,1000000000,37070852,50,1165639728138,1165676798990
vanilla_two_containers_step32kb_32_to_1024,0,425984,14,7,bench2-fn-b,bench2-fn-b,1,37445092,1000000000,37445092,50,1165679301879,1165716746971
vanilla_two_containers_step32kb_32_to_1024,0,425984,15,8,bench2-fn-a,bench2-fn-a,1,37971814,1000000000,37971814,50,1165720384083,1165758355897
vanilla_two_containers_step32kb_32_to_1024,0,425984,16,8,bench2-fn-b,bench2-fn-b,1,36745241,1000000000,36745241,50,1165764126175,1165800871416
vanilla_two_containers_step32kb_32_to_1024,0,425984,17,9,bench2-fn-a,bench2-fn-a,1,38167907,1000000000,38167907,50,1165803637212,1165841805119
vanilla_two_containers_step32kb_32_to_1024,0,425984,18,9,bench2-fn-b,bench2-fn-b,1,43347167,1000000000,43347167,50,1165844268601,1165887615768
vanilla_two_containers_step32kb_32_to_1024,0,425984,19,10,bench2-fn-a,bench2-fn-a,1,39930908,1000000000,39930908,50,1165890959156,1165930890064
vanilla_two_containers_step32kb_32_to_1024,0,425984,20,10,bench2-fn-b,bench2-fn-b,1,37742222,1000000000,37742222,50,1165933370249,1165971112471
vanilla_two_containers_step32kb_32_to_1024,0,425984,21,11,bench2-fn-a,bench2-fn-a,1,36883056,1000000000,36883056,50,1165977280360,1166014163416
vanilla_two_containers_step32kb_32_to_1024,0,425984,22,11,bench2-fn-b,bench2-fn-b,1,38538204,1000000000,38538204,50,1166016484082,1166055022286
vanilla_two_containers_step32kb_32_to_1024,0,425984,23,12,bench2-fn-a,bench2-fn-a,1,37190593,1000000000,37190593,50,1166057433786,1166094624379
vanilla_two_containers_step32kb_32_to_1024,0,425984,24,12,bench2-fn-b,bench2-fn-b,1,38831500,1000000000,38831500,50,1166097709360,1166136540860
vanilla_two_containers_step32kb_32_to_1024,0,425984,25,13,bench2-fn-a,bench2-fn-a,1,37233389,1000000000,37233389,50,1166139255860,1166176489249
vanilla_two_containers_step32kb_32_to_1024,0,425984,26,13,bench2-fn-b,bench2-fn-b,1,36504204,1000000000,36504204,50,1166179999267,1166216503471
vanilla_two_containers_step32kb_32_to_1024,0,425984,27,14,bench2-fn-a,bench2-fn-a,1,36757574,1000000000,36757574,50,1166219136101,1166255893675
vanilla_two_containers_step32kb_32_to_1024,0,425984,28,14,bench2-fn-b,bench2-fn-b,1,35933500,1000000000,35933500,50,1166259078971,1166295012471
vanilla_two_containers_step32kb_32_to_1024,0,425984,29,15,bench2-fn-a,bench2-fn-a,1,38787704,1000000000,38787704,50,1166297430230,1166336217934
vanilla_two_containers_step32kb_32_to_1024,0,425984,30,15,bench2-fn-b,bench2-fn-b,1,38331889,1000000000,38331889,50,1166339093304,1166377425193
vanilla_two_containers_step32kb_32_to_1024,0,425984,31,16,bench2-fn-a,bench2-fn-a,1,37599592,1000000000,37599592,50,1166379952823,1166417552415
vanilla_two_containers_step32kb_32_to_1024,0,425984,32,16,bench2-fn-b,bench2-fn-b,1,39451833,1000000000,39451833,50,1166420034434,1166459486267
vanilla_two_containers_step32kb_32_to_1024,0,425984,33,17,bench2-fn-a,bench2-fn-a,1,39895574,1000000000,39895574,50,1166465844156,1166505739730
vanilla_two_containers_step32kb_32_to_1024,0,425984,34,17,bench2-fn-b,bench2-fn-b,1,37007426,1000000000,37007426,50,1166509041471,1166546048897
vanilla_two_containers_step32kb_32_to_1024,0,425984,35,18,bench2-fn-a,bench2-fn-a,1,44214074,1000000000,44214074,50,1166552515267,1166596729341
vanilla_two_containers_step32kb_32_to_1024,0,425984,36,18,bench2-fn-b,bench2-fn-b,1,38046018,1000000000,38046018,50,1166603509860,1166641555878
vanilla_two_containers_step32kb_32_to_1024,0,425984,37,19,bench2-fn-a,bench2-fn-a,1,38423944,1000000000,38423944,50,1166648297082,1166686721026
vanilla_two_containers_step32kb_32_to_1024,0,425984,38,19,bench2-fn-b,bench2-fn-b,1,40100982,1000000000,40100982,50,1166690015378,1166730116360
vanilla_two_containers_step32kb_32_to_1024,0,425984,39,20,bench2-fn-a,bench2-fn-a,1,39663481,1000000000,39663481,50,1166736500693,1166776164174
vanilla_two_containers_step32kb_32_to_1024,0,425984,40,20,bench2-fn-b,bench2-fn-b,1,37731482,1000000000,37731482,50,1166782095563,1166819827045
vanilla_two_containers_step32kb_32_to_1024,0,425984,41,21,bench2-fn-a,bench2-fn-a,1,38071185,1000000000,38071185,50,1166822945026,1166861016211
vanilla_two_containers_step32kb_32_to_1024,0,425984,42,21,bench2-fn-b,bench2-fn-b,1,47010944,1000000000,47010944,50,1166863730786,1166910741730
vanilla_two_containers_step32kb_32_to_1024,0,425984,43,22,bench2-fn-a,bench2-fn-a,1,43783463,1000000000,43783463,50,1166914882619,1166958666082
vanilla_two_containers_step32kb_32_to_1024,0,425984,44,22,bench2-fn-b,bench2-fn-b,1,39427426,1000000000,39427426,50,1166964860971,1167004288397
vanilla_two_containers_step32kb_32_to_1024,0,425984,45,23,bench2-fn-a,bench2-fn-a,1,36700593,1000000000,36700593,50,1167007835804,1167044536397
vanilla_two_containers_step32kb_32_to_1024,0,425984,46,23,bench2-fn-b,bench2-fn-b,1,37890834,1000000000,37890834,50,1167047233563,1167085124397
vanilla_two_containers_step32kb_32_to_1024,0,425984,47,24,bench2-fn-a,bench2-fn-a,1,36759945,1000000000,36759945,50,1167088570248,1167125330193
vanilla_two_containers_step32kb_32_to_1024,0,425984,48,24,bench2-fn-b,bench2-fn-b,1,40519277,1000000000,40519277,50,1167128238582,1167168757859
vanilla_two_containers_step32kb_32_to_1024,0,425984,49,25,bench2-fn-a,bench2-fn-a,1,40402019,1000000000,40402019,50,1167171504674,1167211906693
vanilla_two_containers_step32kb_32_to_1024,0,425984,50,25,bench2-fn-b,bench2-fn-b,1,38209426,1000000000,38209426,50,1167214380137,1167252589563
vanilla_two_containers_step32kb_32_to_1024,0,458752,1,1,bench2-fn-a,bench2-fn-a,0,42611648,1000000000,42611648,50,1167356881711,1167399493359
vanilla_two_containers_step32kb_32_to_1024,0,458752,2,1,bench2-fn-b,bench2-fn-b,1,38638889,1000000000,38638889,50,1167402168470,1167440807359
vanilla_two_containers_step32kb_32_to_1024,0,458752,3,2,bench2-fn-a,bench2-fn-a,1,39555629,1000000000,39555629,50,1167445212841,1167484768470
vanilla_two_containers_step32kb_32_to_1024,0,458752,4,2,bench2-fn-b,bench2-fn-b,1,41323537,1000000000,41323537,50,1167488410952,1167529734489
vanilla_two_containers_step32kb_32_to_1024,0,458752,5,3,bench2-fn-a,bench2-fn-a,1,38140000,1000000000,38140000,50,1167532654489,1167570794489
vanilla_two_containers_step32kb_32_to_1024,0,458752,6,3,bench2-fn-b,bench2-fn-b,1,38873611,1000000000,38873611,50,1167574080452,1167612954063
vanilla_two_containers_step32kb_32_to_1024,0,458752,7,4,bench2-fn-a,bench2-fn-a,1,39761723,1000000000,39761723,50,1167615771118,1167655532841
vanilla_two_containers_step32kb_32_to_1024,0,458752,8,4,bench2-fn-b,bench2-fn-b,1,38916204,1000000000,38916204,50,1167658279748,1167697195952
vanilla_two_containers_step32kb_32_to_1024,0,458752,9,5,bench2-fn-a,bench2-fn-a,1,40329648,1000000000,40329648,50,1167702251489,1167742581137
vanilla_two_containers_step32kb_32_to_1024,0,458752,10,5,bench2-fn-b,bench2-fn-b,1,38662722,1000000000,38662722,50,1167746073970,1167784736692
vanilla_two_containers_step32kb_32_to_1024,0,458752,11,6,bench2-fn-a,bench2-fn-a,1,39381370,1000000000,39381370,50,1167787560878,1167826942248
vanilla_two_containers_step32kb_32_to_1024,0,458752,12,6,bench2-fn-b,bench2-fn-b,1,41356593,1000000000,41356593,50,1167829516785,1167870873378
vanilla_two_containers_step32kb_32_to_1024,0,458752,13,7,bench2-fn-a,bench2-fn-a,1,40192185,1000000000,40192185,50,1167873568433,1167913760618
vanilla_two_containers_step32kb_32_to_1024,0,458752,14,7,bench2-fn-b,bench2-fn-b,1,40335426,1000000000,40335426,50,1167917320581,1167957656007
vanilla_two_containers_step32kb_32_to_1024,0,458752,15,8,bench2-fn-a,bench2-fn-a,1,39752611,1000000000,39752611,50,1167960299674,1168000052285
vanilla_two_containers_step32kb_32_to_1024,0,458752,16,8,bench2-fn-b,bench2-fn-b,1,43647593,1000000000,43647593,50,1168002841692,1168046489285
vanilla_two_containers_step32kb_32_to_1024,0,458752,17,9,bench2-fn-a,bench2-fn-a,1,38212592,1000000000,38212592,50,1168048895063,1168087107655
vanilla_two_containers_step32kb_32_to_1024,0,458752,18,9,bench2-fn-b,bench2-fn-b,1,40190315,1000000000,40190315,50,1168089860248,1168130050563
vanilla_two_containers_step32kb_32_to_1024,0,458752,19,10,bench2-fn-a,bench2-fn-a,1,39037334,1000000000,39037334,50,1168133072451,1168172109785
vanilla_two_containers_step32kb_32_to_1024,0,458752,20,10,bench2-fn-b,bench2-fn-b,1,40589574,1000000000,40589574,50,1168174694600,1168215284174
vanilla_two_containers_step32kb_32_to_1024,0,458752,21,11,bench2-fn-a,bench2-fn-a,1,40268500,1000000000,40268500,50,1168217837359,1168258105859
vanilla_two_containers_step32kb_32_to_1024,0,458752,22,11,bench2-fn-b,bench2-fn-b,1,38010797,1000000000,38010797,50,1168260883988,1168298894785
vanilla_two_containers_step32kb_32_to_1024,0,458752,23,12,bench2-fn-a,bench2-fn-a,1,39365482,1000000000,39365482,50,1168301526303,1168340891785
vanilla_two_containers_step32kb_32_to_1024,0,458752,24,12,bench2-fn-b,bench2-fn-b,1,41360555,1000000000,41360555,50,1168347295711,1168388656266
vanilla_two_containers_step32kb_32_to_1024,0,458752,25,13,bench2-fn-a,bench2-fn-a,1,39068944,1000000000,39068944,50,1168391696044,1168430764988
vanilla_two_containers_step32kb_32_to_1024,0,458752,26,13,bench2-fn-b,bench2-fn-b,1,39195574,1000000000,39195574,50,1168433465451,1168472661025
vanilla_two_containers_step32kb_32_to_1024,0,458752,27,14,bench2-fn-a,bench2-fn-a,1,38608296,1000000000,38608296,50,1168475249544,1168513857840
vanilla_two_containers_step32kb_32_to_1024,0,458752,28,14,bench2-fn-b,bench2-fn-b,1,38770852,1000000000,38770852,50,1168516375099,1168555145951
vanilla_two_containers_step32kb_32_to_1024,0,458752,29,15,bench2-fn-a,bench2-fn-a,1,40133815,1000000000,40133815,50,1168557512581,1168597646396
vanilla_two_containers_step32kb_32_to_1024,0,458752,30,15,bench2-fn-b,bench2-fn-b,1,40485167,1000000000,40485167,50,1168600441099,1168640926266
vanilla_two_containers_step32kb_32_to_1024,0,458752,31,16,bench2-fn-a,bench2-fn-a,1,42743704,1000000000,42743704,50,1168643688451,1168686432155
vanilla_two_containers_step32kb_32_to_1024,0,458752,32,16,bench2-fn-b,bench2-fn-b,1,39062630,1000000000,39062630,50,1168689208821,1168728271451
vanilla_two_containers_step32kb_32_to_1024,0,458752,33,17,bench2-fn-a,bench2-fn-a,1,39723111,1000000000,39723111,50,1168730895488,1168770618599
vanilla_two_containers_step32kb_32_to_1024,0,458752,34,17,bench2-fn-b,bench2-fn-b,1,40207074,1000000000,40207074,50,1168777006488,1168817213562
vanilla_two_containers_step32kb_32_to_1024,0,458752,35,18,bench2-fn-a,bench2-fn-a,1,38066611,1000000000,38066611,50,1168823635247,1168861701858
vanilla_two_containers_step32kb_32_to_1024,0,458752,36,18,bench2-fn-b,bench2-fn-b,1,49152370,1000000000,49152370,50,1168868324970,1168917477340
vanilla_two_containers_step32kb_32_to_1024,0,458752,37,19,bench2-fn-a,bench2-fn-a,1,39195648,1000000000,39195648,50,1168920140766,1168959336414
vanilla_two_containers_step32kb_32_to_1024,0,458752,38,19,bench2-fn-b,bench2-fn-b,1,49581296,1000000000,49581296,50,1168965828155,1169015409451
vanilla_two_containers_step32kb_32_to_1024,0,458752,39,20,bench2-fn-a,bench2-fn-a,1,46340870,1000000000,46340870,50,1169018879266,1169065220136
vanilla_two_containers_step32kb_32_to_1024,0,458752,40,20,bench2-fn-b,bench2-fn-b,1,37993982,1000000000,37993982,50,1169067745284,1169105739266
vanilla_two_containers_step32kb_32_to_1024,0,458752,41,21,bench2-fn-a,bench2-fn-a,1,39656555,1000000000,39656555,50,1169112162155,1169151818710
vanilla_two_containers_step32kb_32_to_1024,0,458752,42,21,bench2-fn-b,bench2-fn-b,1,38133612,1000000000,38133612,50,1169154990543,1169193124155
vanilla_two_containers_step32kb_32_to_1024,0,458752,43,22,bench2-fn-a,bench2-fn-a,1,38700463,1000000000,38700463,50,1169196251877,1169234952340
vanilla_two_containers_step32kb_32_to_1024,0,458752,44,22,bench2-fn-b,bench2-fn-b,1,41204388,1000000000,41204388,50,1169237520192,1169278724580
vanilla_two_containers_step32kb_32_to_1024,0,458752,45,23,bench2-fn-a,bench2-fn-a,1,39979000,1000000000,39979000,50,1169281425284,1169321404284
vanilla_two_containers_step32kb_32_to_1024,0,458752,46,23,bench2-fn-b,bench2-fn-b,1,39666074,1000000000,39666074,50,1169323968303,1169363634377
vanilla_two_containers_step32kb_32_to_1024,0,458752,47,24,bench2-fn-a,bench2-fn-a,1,38949944,1000000000,38949944,50,1169366053877,1169405003821
vanilla_two_containers_step32kb_32_to_1024,0,458752,48,24,bench2-fn-b,bench2-fn-b,1,45490926,1000000000,45490926,50,1169407754136,1169453245062
vanilla_two_containers_step32kb_32_to_1024,0,458752,49,25,bench2-fn-a,bench2-fn-a,1,38910907,1000000000,38910907,50,1169456698358,1169495609265
vanilla_two_containers_step32kb_32_to_1024,0,458752,50,25,bench2-fn-b,bench2-fn-b,1,42147870,1000000000,42147870,50,1169499339284,1169541487154
vanilla_two_containers_step32kb_32_to_1024,0,491520,1,1,bench2-fn-a,bench2-fn-a,0,45680388,1000000000,45680388,50,1169643342525,1169689022913
vanilla_two_containers_step32kb_32_to_1024,0,491520,2,1,bench2-fn-b,bench2-fn-b,1,41126945,1000000000,41126945,50,1169691635117,1169732762062
vanilla_two_containers_step32kb_32_to_1024,0,491520,3,2,bench2-fn-a,bench2-fn-a,1,42018500,1000000000,42018500,50,1169735418895,1169777437395
vanilla_two_containers_step32kb_32_to_1024,0,491520,4,2,bench2-fn-b,bench2-fn-b,1,43224778,1000000000,43224778,50,1169781654432,1169824879210
vanilla_two_containers_step32kb_32_to_1024,0,491520,5,3,bench2-fn-a,bench2-fn-a,1,42636593,1000000000,42636593,50,1169829032117,1169871668710
vanilla_two_containers_step32kb_32_to_1024,0,491520,6,3,bench2-fn-b,bench2-fn-b,1,40951241,1000000000,40951241,50,1169876304191,1169917255432
vanilla_two_containers_step32kb_32_to_1024,0,491520,7,4,bench2-fn-a,bench2-fn-a,1,42000741,1000000000,42000741,50,1169922108950,1169964109691
vanilla_two_containers_step32kb_32_to_1024,0,491520,8,4,bench2-fn-b,bench2-fn-b,1,41236278,1000000000,41236278,50,1169966398839,1170007635117
vanilla_two_containers_step32kb_32_to_1024,0,491520,9,5,bench2-fn-a,bench2-fn-a,1,41755444,1000000000,41755444,50,1170012756821,1170054512265
vanilla_two_containers_step32kb_32_to_1024,0,491520,10,5,bench2-fn-b,bench2-fn-b,1,40887203,1000000000,40887203,50,1170057160173,1170098047376
vanilla_two_containers_step32kb_32_to_1024,0,491520,11,6,bench2-fn-a,bench2-fn-a,1,42676851,1000000000,42676851,50,1170100767821,1170143444672
vanilla_two_containers_step32kb_32_to_1024,0,491520,12,6,bench2-fn-b,bench2-fn-b,1,41071277,1000000000,41071277,50,1170145997432,1170187068709
vanilla_two_containers_step32kb_32_to_1024,0,491520,13,7,bench2-fn-a,bench2-fn-a,1,41504241,1000000000,41504241,50,1170189684987,1170231189228
vanilla_two_containers_step32kb_32_to_1024,0,491520,14,7,bench2-fn-b,bench2-fn-b,1,40674240,1000000000,40674240,50,1170233835506,1170274509746
vanilla_two_containers_step32kb_32_to_1024,0,491520,15,8,bench2-fn-a,bench2-fn-a,1,49603111,1000000000,49603111,50,1170277132339,1170326735450
vanilla_two_containers_step32kb_32_to_1024,0,491520,16,8,bench2-fn-b,bench2-fn-b,1,45313444,1000000000,45313444,50,1170329743043,1170375056487
vanilla_two_containers_step32kb_32_to_1024,0,491520,17,9,bench2-fn-a,bench2-fn-a,1,42567204,1000000000,42567204,50,1170378433228,1170421000432
vanilla_two_containers_step32kb_32_to_1024,0,491520,18,9,bench2-fn-b,bench2-fn-b,1,40273611,1000000000,40273611,50,1170423832006,1170464105617
vanilla_two_containers_step32kb_32_to_1024,0,491520,19,10,bench2-fn-a,bench2-fn-a,1,42236945,1000000000,42236945,50,1170466961098,1170509198043
vanilla_two_containers_step32kb_32_to_1024,0,491520,20,10,bench2-fn-b,bench2-fn-b,1,40906834,1000000000,40906834,50,1170512449172,1170553356006
vanilla_two_containers_step32kb_32_to_1024,0,491520,21,11,bench2-fn-a,bench2-fn-a,1,40791130,1000000000,40791130,50,1170557412209,1170598203339
vanilla_two_containers_step32kb_32_to_1024,0,491520,22,11,bench2-fn-b,bench2-fn-b,1,40397722,1000000000,40397722,50,1170600654672,1170641052394
vanilla_two_containers_step32kb_32_to_1024,0,491520,23,12,bench2-fn-a,bench2-fn-a,1,40546259,1000000000,40546259,50,1170643846839,1170684393098
vanilla_two_containers_step32kb_32_to_1024,0,491520,24,12,bench2-fn-b,bench2-fn-b,1,41507074,1000000000,41507074,50,1170687499283,1170729006357
vanilla_two_containers_step32kb_32_to_1024,0,491520,25,13,bench2-fn-a,bench2-fn-a,1,40662519,1000000000,40662519,50,1170731744357,1170772406876
vanilla_two_containers_step32kb_32_to_1024,0,491520,26,13,bench2-fn-b,bench2-fn-b,1,42850445,1000000000,42850445,50,1170775338505,1170818188950
vanilla_two_containers_step32kb_32_to_1024,0,491520,27,14,bench2-fn-a,bench2-fn-a,1,42295722,1000000000,42295722,50,1170821179820,1170863475542
vanilla_two_containers_step32kb_32_to_1024,0,491520,28,14,bench2-fn-b,bench2-fn-b,1,40689667,1000000000,40689667,50,1170866254135,1170906943802
vanilla_two_containers_step32kb_32_to_1024,0,491520,29,15,bench2-fn-a,bench2-fn-a,1,41304278,1000000000,41304278,50,1170909467987,1170950772265
vanilla_two_containers_step32kb_32_to_1024,0,491520,30,15,bench2-fn-b,bench2-fn-b,1,41437685,1000000000,41437685,50,1170953915468,1170995353153
vanilla_two_containers_step32kb_32_to_1024,0,491520,31,16,bench2-fn-a,bench2-fn-a,1,40483518,1000000000,40483518,50,1170997999061,1171038482579
vanilla_two_containers_step32kb_32_to_1024,0,491520,32,16,bench2-fn-b,bench2-fn-b,1,40733482,1000000000,40733482,50,1171040951005,1171081684487
vanilla_two_containers_step32kb_32_to_1024,0,491520,33,17,bench2-fn-a,bench2-fn-a,1,40856982,1000000000,40856982,50,1171084656894,1171125513876
vanilla_two_containers_step32kb_32_to_1024,0,491520,34,17,bench2-fn-b,bench2-fn-b,1,41759037,1000000000,41759037,50,1171128105987,1171169865024
vanilla_two_containers_step32kb_32_to_1024,0,491520,35,18,bench2-fn-a,bench2-fn-a,1,39378704,1000000000,39378704,50,1171173081709,1171212460413
vanilla_two_containers_step32kb_32_to_1024,0,491520,36,18,bench2-fn-b,bench2-fn-b,1,39766185,1000000000,39766185,50,1171215193783,1171254959968
vanilla_two_containers_step32kb_32_to_1024,0,491520,37,19,bench2-fn-a,bench2-fn-a,1,40693130,1000000000,40693130,50,1171257412301,1171298105431
vanilla_two_containers_step32kb_32_to_1024,0,491520,38,19,bench2-fn-b,bench2-fn-b,1,46303407,1000000000,46303407,50,1171300848005,1171347151412
vanilla_two_containers_step32kb_32_to_1024,0,491520,39,20,bench2-fn-a,bench2-fn-a,1,41688982,1000000000,41688982,50,1171350213264,1171391902246
vanilla_two_containers_step32kb_32_to_1024,0,491520,40,20,bench2-fn-b,bench2-fn-b,1,40868111,1000000000,40868111,50,1171394446727,1171435314838
vanilla_two_containers_step32kb_32_to_1024,0,491520,41,21,bench2-fn-a,bench2-fn-a,1,40702834,1000000000,40702834,50,1171440941301,1171481644135
vanilla_two_containers_step32kb_32_to_1024,0,491520,42,21,bench2-fn-b,bench2-fn-b,1,40093074,1000000000,40093074,50,1171484139598,1171524232672
vanilla_two_containers_step32kb_32_to_1024,0,491520,43,22,bench2-fn-a,bench2-fn-a,1,43862389,1000000000,43862389,50,1171527001468,1171570863857
vanilla_two_containers_step32kb_32_to_1024,0,491520,44,22,bench2-fn-b,bench2-fn-b,1,42031778,1000000000,42031778,50,1171576677375,1171618709153
vanilla_two_containers_step32kb_32_to_1024,0,491520,45,23,bench2-fn-a,bench2-fn-a,1,41645870,1000000000,41645870,50,1171621804357,1171663450227
vanilla_two_containers_step32kb_32_to_1024,0,491520,46,23,bench2-fn-b,bench2-fn-b,1,39516260,1000000000,39516260,50,1171666233412,1171705749672
vanilla_two_containers_step32kb_32_to_1024,0,491520,47,24,bench2-fn-a,bench2-fn-a,1,40822574,1000000000,40822574,50,1171708559560,1171749382134
vanilla_two_containers_step32kb_32_to_1024,0,491520,48,24,bench2-fn-b,bench2-fn-b,1,40687259,1000000000,40687259,50,1171752931579,1171793618838
vanilla_two_containers_step32kb_32_to_1024,0,491520,49,25,bench2-fn-a,bench2-fn-a,1,39176686,1000000000,39176686,50,1171799463671,1171838640357
vanilla_two_containers_step32kb_32_to_1024,0,491520,50,25,bench2-fn-b,bench2-fn-b,1,50714259,1000000000,50714259,50,1171844321005,1171895035264
vanilla_two_containers_step32kb_32_to_1024,0,524288,1,1,bench2-fn-a,bench2-fn-a,0,50341408,1000000000,50341408,50,1171989886708,1172040228116
vanilla_two_containers_step32kb_32_to_1024,0,524288,2,1,bench2-fn-b,bench2-fn-b,1,46344777,1000000000,46344777,50,1172044323579,1172090668356
vanilla_two_containers_step32kb_32_to_1024,0,524288,3,2,bench2-fn-a,bench2-fn-a,1,47429223,1000000000,47429223,50,1172093832319,1172141261542
vanilla_two_containers_step32kb_32_to_1024,0,524288,4,2,bench2-fn-b,bench2-fn-b,1,44639870,1000000000,44639870,50,1172144358190,1172188998060
vanilla_two_containers_step32kb_32_to_1024,0,524288,5,3,bench2-fn-a,bench2-fn-a,1,44380370,1000000000,44380370,50,1172191606005,1172235986375
vanilla_two_containers_step32kb_32_to_1024,0,524288,6,3,bench2-fn-b,bench2-fn-b,1,46559870,1000000000,46559870,50,1172241510949,1172288070819
vanilla_two_containers_step32kb_32_to_1024,0,524288,7,4,bench2-fn-a,bench2-fn-a,1,43995556,1000000000,43995556,50,1172290685282,1172334680838
vanilla_two_containers_step32kb_32_to_1024,0,524288,8,4,bench2-fn-b,bench2-fn-b,1,48470814,1000000000,48470814,50,1172338067153,1172386537967
vanilla_two_containers_step32kb_32_to_1024,0,524288,9,5,bench2-fn-a,bench2-fn-a,1,43280019,1000000000,43280019,50,1172389159634,1172432439653
vanilla_two_containers_step32kb_32_to_1024,0,524288,10,5,bench2-fn-b,bench2-fn-b,1,46897000,1000000000,46897000,50,1172435779412,1172482676412
vanilla_two_containers_step32kb_32_to_1024,0,524288,11,6,bench2-fn-a,bench2-fn-a,1,43140685,1000000000,43140685,50,1172485312949,1172528453634
vanilla_two_containers_step32kb_32_to_1024,0,524288,12,6,bench2-fn-b,bench2-fn-b,1,43537389,1000000000,43537389,50,1172531346708,1172574884097
vanilla_two_containers_step32kb_32_to_1024,0,524288,13,7,bench2-fn-a,bench2-fn-a,1,43197241,1000000000,43197241,50,1172577332041,1172620529282
vanilla_two_containers_step32kb_32_to_1024,0,524288,14,7,bench2-fn-b,bench2-fn-b,1,49960741,1000000000,49960741,50,1172623126134,1172673086875
vanilla_two_containers_step32kb_32_to_1024,0,524288,15,8,bench2-fn-a,bench2-fn-a,1,44581981,1000000000,44581981,50,1172675800875,1172720382856
vanilla_two_containers_step32kb_32_to_1024,0,524288,16,8,bench2-fn-b,bench2-fn-b,1,44358703,1000000000,44358703,50,1172723130375,1172767489078
vanilla_two_containers_step32kb_32_to_1024,0,524288,17,9,bench2-fn-a,bench2-fn-a,1,45419055,1000000000,45419055,50,1172773955523,1172819374578
vanilla_two_containers_step32kb_32_to_1024,0,524288,18,9,bench2-fn-b,bench2-fn-b,1,44263667,1000000000,44263667,50,1172822359467,1172866623134
vanilla_two_containers_step32kb_32_to_1024,0,524288,19,10,bench2-fn-a,bench2-fn-a,1,44273833,1000000000,44273833,50,1172871314745,1172915588578
vanilla_two_containers_step32kb_32_to_1024,0,524288,20,10,bench2-fn-b,bench2-fn-b,1,47217240,1000000000,47217240,50,1172919254449,1172966471689
vanilla_two_containers_step32kb_32_to_1024,0,524288,21,11,bench2-fn-a,bench2-fn-a,1,46168778,1000000000,46168778,50,1172969681967,1173015850745
vanilla_two_containers_step32kb_32_to_1024,0,524288,22,11,bench2-fn-b,bench2-fn-b,1,44420222,1000000000,44420222,50,1173018262615,1173062682837
vanilla_two_containers_step32kb_32_to_1024,0,524288,23,12,bench2-fn-a,bench2-fn-a,1,45003259,1000000000,45003259,50,1173065123041,1173110126300
vanilla_two_containers_step32kb_32_to_1024,0,524288,24,12,bench2-fn-b,bench2-fn-b,1,43814407,1000000000,43814407,50,1173112983356,1173156797763
vanilla_two_containers_step32kb_32_to_1024,0,524288,25,13,bench2-fn-a,bench2-fn-a,1,43670055,1000000000,43670055,50,1173159767819,1173203437874
vanilla_two_containers_step32kb_32_to_1024,0,524288,26,13,bench2-fn-b,bench2-fn-b,1,43021925,1000000000,43021925,50,1173205846060,1173248867985
vanilla_two_containers_step32kb_32_to_1024,0,524288,27,14,bench2-fn-a,bench2-fn-a,1,46230629,1000000000,46230629,50,1173251522097,1173297752726
vanilla_two_containers_step32kb_32_to_1024,0,524288,28,14,bench2-fn-b,bench2-fn-b,1,45287648,1000000000,45287648,50,1173300546263,1173345833911
vanilla_two_containers_step32kb_32_to_1024,0,524288,29,15,bench2-fn-a,bench2-fn-a,1,43739686,1000000000,43739686,50,1173348677985,1173392417671
vanilla_two_containers_step32kb_32_to_1024,0,524288,30,15,bench2-fn-b,bench2-fn-b,1,42724723,1000000000,42724723,50,1173394972559,1173437697282
vanilla_two_containers_step32kb_32_to_1024,0,524288,31,16,bench2-fn-a,bench2-fn-a,1,52001259,1000000000,52001259,50,1173441258356,1173493259615
vanilla_two_containers_step32kb_32_to_1024,0,524288,32,16,bench2-fn-b,bench2-fn-b,1,47027666,1000000000,47027666,50,1173495910893,1173542938559
vanilla_two_containers_step32kb_32_to_1024,0,524288,33,17,bench2-fn-a,bench2-fn-a,1,46065833,1000000000,46065833,50,1173549471374,1173595537207
vanilla_two_containers_step32kb_32_to_1024,0,524288,34,17,bench2-fn-b,bench2-fn-b,1,43107037,1000000000,43107037,50,1173598248337,1173641355374
vanilla_two_containers_step32kb_32_to_1024,0,524288,35,18,bench2-fn-a,bench2-fn-a,1,42426815,1000000000,42426815,50,1173643913170,1173686339985
vanilla_two_containers_step32kb_32_to_1024,0,524288,36,18,bench2-fn-b,bench2-fn-b,1,42193241,1000000000,42193241,50,1173688782744,1173730975985
vanilla_two_containers_step32kb_32_to_1024,0,524288,37,19,bench2-fn-a,bench2-fn-a,1,44204037,1000000000,44204037,50,1173737414244,1173781618281
vanilla_two_containers_step32kb_32_to_1024,0,524288,38,19,bench2-fn-b,bench2-fn-b,1,42692018,1000000000,42692018,50,1173784282726,1173826974744
vanilla_two_containers_step32kb_32_to_1024,0,524288,39,20,bench2-fn-a,bench2-fn-a,1,44975370,1000000000,44975370,50,1173833118115,1173878093485
vanilla_two_containers_step32kb_32_to_1024,0,524288,40,20,bench2-fn-b,bench2-fn-b,1,43478482,1000000000,43478482,50,1173880471985,1173923950467
vanilla_two_containers_step32kb_32_to_1024,0,524288,41,21,bench2-fn-a,bench2-fn-a,1,41713963,1000000000,41713963,50,1173926482318,1173968196281
vanilla_two_containers_step32kb_32_to_1024,0,524288,42,21,bench2-fn-b,bench2-fn-b,1,48656389,1000000000,48656389,50,1173972624726,1174021281115
vanilla_two_containers_step32kb_32_to_1024,0,524288,43,22,bench2-fn-a,bench2-fn-a,1,43710908,1000000000,43710908,50,1174023665355,1174067376263
vanilla_two_containers_step32kb_32_to_1024,0,524288,44,22,bench2-fn-b,bench2-fn-b,1,43645593,1000000000,43645593,50,1174070620318,1174114265911
vanilla_two_containers_step32kb_32_to_1024,0,524288,45,23,bench2-fn-a,bench2-fn-a,1,45639555,1000000000,45639555,50,1174116807337,1174162446892
vanilla_two_containers_step32kb_32_to_1024,0,524288,46,23,bench2-fn-b,bench2-fn-b,1,43797148,1000000000,43797148,50,1174165161096,1174208958244
vanilla_two_containers_step32kb_32_to_1024,0,524288,47,24,bench2-fn-a,bench2-fn-a,1,220182482,1000000000,220182482,50,1174211888929,1174432071411
vanilla_two_containers_step32kb_32_to_1024,0,524288,48,1,bench2-fn-b,bench2-fn-b,1,48432945,1000000000,48432945,50,1174435951503,1174484384448
vanilla_two_containers_step32kb_32_to_1024,0,524288,49,25,bench2-fn-a,bench2-fn-a,1,43934685,1000000000,43934685,50,1174489273411,1174533208096
vanilla_two_containers_step32kb_32_to_1024,0,524288,50,2,bench2-fn-b,bench2-fn-b,1,47826574,1000000000,47826574,50,1174539283522,1174587110096
vanilla_two_containers_step32kb_32_to_1024,0,557056,1,1,bench2-fn-a,bench2-fn-a,0,50169352,1000000000,50169352,50,1174689722614,1174739891966
vanilla_two_containers_step32kb_32_to_1024,0,557056,2,1,bench2-fn-b,bench2-fn-b,1,45767408,1000000000,45767408,50,1174742820762,1174788588170
vanilla_two_containers_step32kb_32_to_1024,0,557056,3,2,bench2-fn-a,bench2-fn-a,1,48381815,1000000000,48381815,50,1174791107651,1174839489466
vanilla_two_containers_step32kb_32_to_1024,0,557056,4,2,bench2-fn-b,bench2-fn-b,1,46565574,1000000000,46565574,50,1174842112318,1174888677892
vanilla_two_containers_step32kb_32_to_1024,0,557056,5,3,bench2-fn-a,bench2-fn-a,1,47631037,1000000000,47631037,50,1174891699040,1174939330077
vanilla_two_containers_step32kb_32_to_1024,0,557056,6,3,bench2-fn-b,bench2-fn-b,1,47574074,1000000000,47574074,50,1174943901059,1174991475133
vanilla_two_containers_step32kb_32_to_1024,0,557056,7,4,bench2-fn-a,bench2-fn-a,1,46441018,1000000000,46441018,50,1174994213633,1175040654651
vanilla_two_containers_step32kb_32_to_1024,0,557056,8,4,bench2-fn-b,bench2-fn-b,1,45908611,1000000000,45908611,50,1175043742003,1175089650614
vanilla_two_containers_step32kb_32_to_1024,0,557056,9,5,bench2-fn-a,bench2-fn-a,1,45625834,1000000000,45625834,50,1175093102873,1175138728707
vanilla_two_containers_step32kb_32_to_1024,0,557056,10,5,bench2-fn-b,bench2-fn-b,1,46927944,1000000000,46927944,50,1175141349744,1175188277688
vanilla_two_containers_step32kb_32_to_1024,0,557056,11,6,bench2-fn-a,bench2-fn-a,1,45233370,1000000000,45233370,50,1175193362040,1175238595410
vanilla_two_containers_step32kb_32_to_1024,0,557056,12,6,bench2-fn-b,bench2-fn-b,1,45812278,1000000000,45812278,50,1175241181873,1175286994151
vanilla_two_containers_step32kb_32_to_1024,0,557056,13,7,bench2-fn-a,bench2-fn-a,1,44657093,1000000000,44657093,50,1175289438058,1175334095151
vanilla_two_containers_step32kb_32_to_1024,0,557056,14,7,bench2-fn-b,bench2-fn-b,1,48023185,1000000000,48023185,50,1175336703651,1175384726836
vanilla_two_containers_step32kb_32_to_1024,0,557056,15,8,bench2-fn-a,bench2-fn-a,1,50482500,1000000000,50482500,50,1175387279262,1175437761762
vanilla_two_containers_step32kb_32_to_1024,0,557056,16,8,bench2-fn-b,bench2-fn-b,1,48502852,1000000000,48502852,50,1175440715558,1175489218410
vanilla_two_containers_step32kb_32_to_1024,0,557056,17,9,bench2-fn-a,bench2-fn-a,1,46608148,1000000000,46608148,50,1175492813077,1175539421225
vanilla_two_containers_step32kb_32_to_1024,0,557056,18,9,bench2-fn-b,bench2-fn-b,1,44803556,1000000000,44803556,50,1175542081910,1175586885466
vanilla_two_containers_step32kb_32_to_1024,0,557056,19,10,bench2-fn-a,bench2-fn-a,1,47114629,1000000000,47114629,50,1175590126540,1175637241169
vanilla_two_containers_step32kb_32_to_1024,0,557056,20,10,bench2-fn-b,bench2-fn-b,1,47010482,1000000000,47010482,50,1175640278132,1175687288614
vanilla_two_containers_step32kb_32_to_1024,0,557056,21,11,bench2-fn-a,bench2-fn-a,1,46439314,1000000000,46439314,50,1175690383003,1175736822317
vanilla_two_containers_step32kb_32_to_1024,0,557056,22,11,bench2-fn-b,bench2-fn-b,1,48143445,1000000000,48143445,50,1175740756428,1175788899873
vanilla_two_containers_step32kb_32_to_1024,0,557056,23,12,bench2-fn-a,bench2-fn-a,1,48019259,1000000000,48019259,50,1175791265910,1175839285169
vanilla_two_containers_step32kb_32_to_1024,0,557056,24,12,bench2-fn-b,bench2-fn-b,1,47158166,1000000000,47158166,50,1175842124410,1175889282576
vanilla_two_containers_step32kb_32_to_1024,0,557056,25,13,bench2-fn-a,bench2-fn-a,1,47369000,1000000000,47369000,50,1175892063002,1175939432002
vanilla_two_containers_step32kb_32_to_1024,0,557056,26,13,bench2-fn-b,bench2-fn-b,1,45994537,1000000000,45994537,50,1175942293873,1175988288410
vanilla_two_containers_step32kb_32_to_1024,0,557056,27,14,bench2-fn-a,bench2-fn-a,1,48842815,1000000000,48842815,50,1175990944854,1176039787669
vanilla_two_containers_step32kb_32_to_1024,0,557056,28,14,bench2-fn-b,bench2-fn-b,1,45961778,1000000000,45961778,50,1176042685280,1176088647058
vanilla_two_containers_step32kb_32_to_1024,0,557056,29,15,bench2-fn-a,bench2-fn-a,1,46688130,1000000000,46688130,50,1176091320854,1176138008984
vanilla_two_containers_step32kb_32_to_1024,0,557056,30,15,bench2-fn-b,bench2-fn-b,1,51057407,1000000000,51057407,50,1176144606984,1176195664391
vanilla_two_containers_step32kb_32_to_1024,0,557056,31,16,bench2-fn-a,bench2-fn-a,1,49429500,1000000000,49429500,50,1176198481724,1176247911224
vanilla_two_containers_step32kb_32_to_1024,0,557056,32,16,bench2-fn-b,bench2-fn-b,1,46385222,1000000000,46385222,50,1176251243576,1176297628798
vanilla_two_containers_step32kb_32_to_1024,0,557056,33,17,bench2-fn-a,bench2-fn-a,1,47376500,1000000000,47376500,50,1176300800724,1176348177224
vanilla_two_containers_step32kb_32_to_1024,0,557056,34,17,bench2-fn-b,bench2-fn-b,1,47530815,1000000000,47530815,50,1176351160798,1176398691613
vanilla_two_containers_step32kb_32_to_1024,0,557056,35,18,bench2-fn-a,bench2-fn-a,1,47044722,1000000000,47044722,50,1176401485447,1176448530169
vanilla_two_containers_step32kb_32_to_1024,0,557056,36,18,bench2-fn-b,bench2-fn-b,1,46037370,1000000000,46037370,50,1176451436891,1176497474261
vanilla_two_containers_step32kb_32_to_1024,0,557056,37,19,bench2-fn-a,bench2-fn-a,1,47928852,1000000000,47928852,50,1176500310817,1176548239669
vanilla_two_containers_step32kb_32_to_1024,0,557056,38,19,bench2-fn-b,bench2-fn-b,1,45438425,1000000000,45438425,50,1176552018558,1176597456983
vanilla_two_containers_step32kb_32_to_1024,0,557056,39,20,bench2-fn-a,bench2-fn-a,1,47271574,1000000000,47271574,50,1176600415187,1176647686761
vanilla_two_containers_step32kb_32_to_1024,0,557056,40,20,bench2-fn-b,bench2-fn-b,1,47494408,1000000000,47494408,50,1176651047724,1176698542132
vanilla_two_containers_step32kb_32_to_1024,0,557056,41,21,bench2-fn-a,bench2-fn-a,1,49472129,1000000000,49472129,50,1176704979169,1176754451298
vanilla_two_containers_step32kb_32_to_1024,0,557056,42,21,bench2-fn-b,bench2-fn-b,1,46031296,1000000000,46031296,50,1176758646317,1176804677613
vanilla_two_containers_step32kb_32_to_1024,0,557056,43,22,bench2-fn-a,bench2-fn-a,1,46194056,1000000000,46194056,50,1176808378798,1176854572854
vanilla_two_containers_step32kb_32_to_1024,0,557056,44,22,bench2-fn-b,bench2-fn-b,1,50339259,1000000000,50339259,50,1176861220261,1176911559520
vanilla_two_containers_step32kb_32_to_1024,0,557056,45,23,bench2-fn-a,bench2-fn-a,1,54401926,1000000000,54401926,50,1176915441557,1176969843483
vanilla_two_containers_step32kb_32_to_1024,0,557056,46,23,bench2-fn-b,bench2-fn-b,1,220765926,1000000000,220765926,50,1176973756002,1177194521928
vanilla_two_containers_step32kb_32_to_1024,0,557056,47,1,bench2-fn-a,bench2-fn-a,1,67385982,1000000000,67385982,50,1177202096983,1177269482965
vanilla_two_containers_step32kb_32_to_1024,0,557056,48,24,bench2-fn-b,bench2-fn-b,1,45192944,1000000000,45192944,50,1177272036372,1177317229316
vanilla_two_containers_step32kb_32_to_1024,0,557056,49,2,bench2-fn-a,bench2-fn-a,1,48471019,1000000000,48471019,50,1177320125816,1177368596835
vanilla_two_containers_step32kb_32_to_1024,0,557056,50,25,bench2-fn-b,bench2-fn-b,1,48364482,1000000000,48364482,50,1177371350057,1177419714539
vanilla_two_containers_step32kb_32_to_1024,0,589824,1,1,bench2-fn-a,bench2-fn-a,0,53389074,1000000000,53389074,50,1177529569446,1177582958520
vanilla_two_containers_step32kb_32_to_1024,0,589824,2,1,bench2-fn-b,bench2-fn-b,1,47210722,1000000000,47210722,50,1177585923020,1177633133742
vanilla_two_containers_step32kb_32_to_1024,0,589824,3,2,bench2-fn-a,bench2-fn-a,1,48059630,1000000000,48059630,50,1177635701075,1177683760705
vanilla_two_containers_step32kb_32_to_1024,0,589824,4,2,bench2-fn-b,bench2-fn-b,1,48842963,1000000000,48842963,50,1177686684242,1177735527205
vanilla_two_containers_step32kb_32_to_1024,0,589824,5,3,bench2-fn-a,bench2-fn-a,1,48490963,1000000000,48490963,50,1177738123001,1177786613964
vanilla_two_containers_step32kb_32_to_1024,0,589824,6,3,bench2-fn-b,bench2-fn-b,1,50114740,1000000000,50114740,50,1177789152909,1177839267649
vanilla_two_containers_step32kb_32_to_1024,0,589824,7,4,bench2-fn-a,bench2-fn-a,1,48157148,1000000000,48157148,50,1177841915483,1177890072631
vanilla_two_containers_step32kb_32_to_1024,0,589824,8,4,bench2-fn-b,bench2-fn-b,1,48269667,1000000000,48269667,50,1177892765353,1177941035020
vanilla_two_containers_step32kb_32_to_1024,0,589824,9,5,bench2-fn-a,bench2-fn-a,1,49333574,1000000000,49333574,50,1177944902797,1177994236371
vanilla_two_containers_step32kb_32_to_1024,0,589824,10,5,bench2-fn-b,bench2-fn-b,1,50222352,1000000000,50222352,50,1177997953390,1178048175742
vanilla_two_containers_step32kb_32_to_1024,0,589824,11,6,bench2-fn-a,bench2-fn-a,1,49398056,1000000000,49398056,50,1178051432501,1178100830557
vanilla_two_containers_step32kb_32_to_1024,0,589824,12,6,bench2-fn-b,bench2-fn-b,1,51712556,1000000000,51712556,50,1178103835223,1178155547779
vanilla_two_containers_step32kb_32_to_1024,0,589824,13,7,bench2-fn-a,bench2-fn-a,1,218800055,1000000000,218800055,50,1178158026964,1178376827019
vanilla_two_containers_step32kb_32_to_1024,0,589824,14,1,bench2-fn-b,bench2-fn-b,1,51070482,1000000000,51070482,50,1178380507760,1178431578242
vanilla_two_containers_step32kb_32_to_1024,0,589824,15,8,bench2-fn-a,bench2-fn-a,1,47453945,1000000000,47453945,50,1178434787093,1178482241038
vanilla_two_containers_step32kb_32_to_1024,0,589824,16,2,bench2-fn-b,bench2-fn-b,1,218536407,1000000000,218536407,50,1178484737853,1178703274260
vanilla_two_containers_step32kb_32_to_1024,0,589824,17,1,bench2-fn-a,bench2-fn-a,1,49550519,1000000000,49550519,50,1178707607334,1178757157853
vanilla_two_containers_step32kb_32_to_1024,0,589824,18,3,bench2-fn-b,bench2-fn-b,1,48517555,1000000000,48517555,50,1178759780853,1178808298408
vanilla_two_containers_step32kb_32_to_1024,0,589824,19,2,bench2-fn-a,bench2-fn-a,1,229601463,1000000000,229601463,50,1178811092223,1179040693686
vanilla_two_containers_step32kb_32_to_1024,0,589824,20,1,bench2-fn-b,bench2-fn-b,1,49781556,1000000000,49781556,50,1179044275982,1179094057538
vanilla_two_containers_step32kb_32_to_1024,0,589824,21,3,bench2-fn-a,bench2-fn-a,1,49053759,1000000000,49053759,50,1179096494556,1179145548315
vanilla_two_containers_step32kb_32_to_1024,0,589824,22,2,bench2-fn-b,bench2-fn-b,1,48307593,1000000000,48307593,50,1179150835500,1179199143093
vanilla_two_containers_step32kb_32_to_1024,0,589824,23,4,bench2-fn-a,bench2-fn-a,1,48043648,1000000000,48043648,50,1179202676260,1179250719908
vanilla_two_containers_step32kb_32_to_1024,0,589824,24,3,bench2-fn-b,bench2-fn-b,1,49989037,1000000000,49989037,50,1179255106982,1179305096019
vanilla_two_containers_step32kb_32_to_1024,0,589824,25,5,bench2-fn-a,bench2-fn-a,1,48920574,1000000000,48920574,50,1179308588797,1179357509371
vanilla_two_containers_step32kb_32_to_1024,0,589824,26,4,bench2-fn-b,bench2-fn-b,1,47956389,1000000000,47956389,50,1179362382056,1179410338445
vanilla_two_containers_step32kb_32_to_1024,0,589824,27,6,bench2-fn-a,bench2-fn-a,1,47962111,1000000000,47962111,50,1179412657630,1179460619741
vanilla_two_containers_step32kb_32_to_1024,0,589824,28,5,bench2-fn-b,bench2-fn-b,1,49091148,1000000000,49091148,50,1179463536130,1179512627278
vanilla_two_containers_step32kb_32_to_1024,0,589824,29,7,bench2-fn-a,bench2-fn-a,1,53177296,1000000000,53177296,50,1179515195630,1179568372926
vanilla_two_containers_step32kb_32_to_1024,0,589824,30,6,bench2-fn-b,bench2-fn-b,1,48068982,1000000000,48068982,50,1179571044389,1179619113371
vanilla_two_containers_step32kb_32_to_1024,0,589824,31,8,bench2-fn-a,bench2-fn-a,1,49010685,1000000000,49010685,50,1179622339278,1179671349963
vanilla_two_containers_step32kb_32_to_1024,0,589824,32,7,bench2-fn-b,bench2-fn-b,1,229697500,1000000000,229697500,50,1179673905537,1179903603037
vanilla_two_containers_step32kb_32_to_1024,0,589824,33,1,bench2-fn-a,bench2-fn-a,1,48946278,1000000000,48946278,50,1179906196796,1179955143074
vanilla_two_containers_step32kb_32_to_1024,0,589824,34,8,bench2-fn-b,bench2-fn-b,1,44760814,1000000000,44760814,50,1179957798130,1180002558944
vanilla_two_containers_step32kb_32_to_1024,0,589824,35,2,bench2-fn-a,bench2-fn-a,1,47544166,1000000000,47544166,50,1180005502630,1180053046796
vanilla_two_containers_step32kb_32_to_1024,0,589824,36,9,bench2-fn-b,bench2-fn-b,1,44716778,1000000000,44716778,50,1180055961018,1180100677796
vanilla_two_containers_step32kb_32_to_1024,0,589824,37,3,bench2-fn-a,bench2-fn-a,1,48447741,1000000000,48447741,50,1180103799074,1180152246815
vanilla_two_containers_step32kb_32_to_1024,0,589824,38,10,bench2-fn-b,bench2-fn-b,1,44963870,1000000000,44963870,50,1180155173111,1180200136981
vanilla_two_containers_step32kb_32_to_1024,0,589824,39,4,bench2-fn-a,bench2-fn-a,1,47192130,1000000000,47192130,50,1180202798444,1180249990574
vanilla_two_containers_step32kb_32_to_1024,0,589824,40,11,bench2-fn-b,bench2-fn-b,1,47620000,1000000000,47620000,50,1180252404592,1180300024592
vanilla_two_containers_step32kb_32_to_1024,0,589824,41,5,bench2-fn-a,bench2-fn-a,1,45445481,1000000000,45445481,50,1180303215463,1180348660944
vanilla_two_containers_step32kb_32_to_1024,0,589824,42,12,bench2-fn-b,bench2-fn-b,1,46400186,1000000000,46400186,50,1180351990629,1180398390815
vanilla_two_containers_step32kb_32_to_1024,0,589824,43,6,bench2-fn-a,bench2-fn-a,1,46469426,1000000000,46469426,50,1180401107463,1180447576889
vanilla_two_containers_step32kb_32_to_1024,0,589824,44,13,bench2-fn-b,bench2-fn-b,1,278014518,1000000000,278014518,50,1180450395926,1180728410444
vanilla_two_containers_step32kb_32_to_1024,0,589824,45,1,bench2-fn-a,bench2-fn-a,1,47852944,1000000000,47852944,50,1180731954870,1180779807814
vanilla_two_containers_step32kb_32_to_1024,0,589824,46,14,bench2-fn-b,bench2-fn-b,1,51113888,1000000000,51113888,50,1180782282648,1180833396536
vanilla_two_containers_step32kb_32_to_1024,0,589824,47,2,bench2-fn-a,bench2-fn-a,1,48700500,1000000000,48700500,50,1180836170851,1180884871351
vanilla_two_containers_step32kb_32_to_1024,0,589824,48,15,bench2-fn-b,bench2-fn-b,1,225073185,1000000000,225073185,50,1180887962111,1181113035296
vanilla_two_containers_step32kb_32_to_1024,0,589824,49,1,bench2-fn-a,bench2-fn-a,1,47606148,1000000000,47606148,50,1181117440092,1181165046240
vanilla_two_containers_step32kb_32_to_1024,0,589824,50,16,bench2-fn-b,bench2-fn-b,1,46612074,1000000000,46612074,50,1181167927147,1181214539221
vanilla_two_containers_step32kb_32_to_1024,0,622592,1,1,bench2-fn-a,bench2-fn-a,0,52942778,1000000000,52942778,50,1181320545036,1181373487814
vanilla_two_containers_step32kb_32_to_1024,0,622592,2,1,bench2-fn-b,bench2-fn-b,1,53848148,1000000000,53848148,50,1181376425684,1181430273832
vanilla_two_containers_step32kb_32_to_1024,0,622592,3,2,bench2-fn-a,bench2-fn-a,1,285513222,1000000000,285513222,50,1181432600425,1181718113647
vanilla_two_containers_step32kb_32_to_1024,0,622592,4,1,bench2-fn-b,bench2-fn-b,1,50693223,1000000000,50693223,50,1181720726054,1181771419277
vanilla_two_containers_step32kb_32_to_1024,0,622592,5,3,bench2-fn-a,bench2-fn-a,1,48869815,1000000000,48869815,50,1181773918869,1181822788684
vanilla_two_containers_step32kb_32_to_1024,0,622592,6,2,bench2-fn-b,bench2-fn-b,1,222335259,1000000000,222335259,50,1181826091684,1182048426943
vanilla_two_containers_step32kb_32_to_1024,0,622592,7,1,bench2-fn-a,bench2-fn-a,1,51078704,1000000000,51078704,50,1182052691665,1182103770369
vanilla_two_containers_step32kb_32_to_1024,0,622592,8,3,bench2-fn-b,bench2-fn-b,1,51319759,1000000000,51319759,50,1182106564888,1182157884647
vanilla_two_containers_step32kb_32_to_1024,0,622592,9,2,bench2-fn-a,bench2-fn-a,1,629538148,1000000000,629538148,50,1182162302832,1182791840980
vanilla_two_containers_step32kb_32_to_1024,0,622592,10,1,bench2-fn-b,bench2-fn-b,1,52001926,1000000000,52001926,50,1182795572387,1182847574313
vanilla_two_containers_step32kb_32_to_1024,0,622592,11,3,bench2-fn-a,bench2-fn-a,1,49108222,1000000000,49108222,50,1182850091424,1182899199646
vanilla_two_containers_step32kb_32_to_1024,0,622592,12,2,bench2-fn-b,bench2-fn-b,1,50777314,1000000000,50777314,50,1182902139480,1182952916794
vanilla_two_containers_step32kb_32_to_1024,0,622592,13,4,bench2-fn-a,bench2-fn-a,1,50425055,1000000000,50425055,50,1182955418628,1183005843683
vanilla_two_containers_step32kb_32_to_1024,0,622592,14,3,bench2-fn-b,bench2-fn-b,1,49732945,1000000000,49732945,50,1183008405794,1183058138739
vanilla_two_containers_step32kb_32_to_1024,0,622592,15,5,bench2-fn-a,bench2-fn-a,1,50016944,1000000000,50016944,50,1183060996980,1183111013924
vanilla_two_containers_step32kb_32_to_1024,0,622592,16,4,bench2-fn-b,bench2-fn-b,1,49795019,1000000000,49795019,50,1183115563498,1183165358517
vanilla_two_containers_step32kb_32_to_1024,0,622592,17,6,bench2-fn-a,bench2-fn-a,1,47719092,1000000000,47719092,50,1183168097517,1183215816609
vanilla_two_containers_step32kb_32_to_1024,0,622592,18,5,bench2-fn-b,bench2-fn-b,1,48765185,1000000000,48765185,50,1183218613424,1183267378609
vanilla_two_containers_step32kb_32_to_1024,0,622592,19,7,bench2-fn-a,bench2-fn-a,1,49984352,1000000000,49984352,50,1183270184998,1183320169350
vanilla_two_containers_step32kb_32_to_1024,0,622592,20,6,bench2-fn-b,bench2-fn-b,1,51615259,1000000000,51615259,50,1183323690757,1183375306016
vanilla_two_containers_step32kb_32_to_1024,0,622592,21,8,bench2-fn-a,bench2-fn-a,1,50607278,1000000000,50607278,50,1183380945868,1183431553146
vanilla_two_containers_step32kb_32_to_1024,0,622592,22,7,bench2-fn-b,bench2-fn-b,1,228346666,1000000000,228346666,50,1183434749628,1183663096294
vanilla_two_containers_step32kb_32_to_1024,0,622592,23,1,bench2-fn-a,bench2-fn-a,1,48504667,1000000000,48504667,50,1183666087238,1183714591905
vanilla_two_containers_step32kb_32_to_1024,0,622592,24,8,bench2-fn-b,bench2-fn-b,1,49157389,1000000000,49157389,50,1183717928646,1183767086035
vanilla_two_containers_step32kb_32_to_1024,0,622592,25,2,bench2-fn-a,bench2-fn-a,1,49449315,1000000000,49449315,50,1183770336572,1183819785887
vanilla_two_containers_step32kb_32_to_1024,0,622592,26,9,bench2-fn-b,bench2-fn-b,1,51922777,1000000000,51922777,50,1183822428424,1183874351201
vanilla_two_containers_step32kb_32_to_1024,0,622592,27,3,bench2-fn-a,bench2-fn-a,1,54246259,1000000000,54246259,50,1183877144387,1183931390646
vanilla_two_containers_step32kb_32_to_1024,0,622592,28,10,bench2-fn-b,bench2-fn-b,1,49437055,1000000000,49437055,50,1183933757961,1183983195016
vanilla_two_containers_step32kb_32_to_1024,0,622592,29,4,bench2-fn-a,bench2-fn-a,1,225308445,1000000000,225308445,50,1183985457275,1184210765720
vanilla_two_containers_step32kb_32_to_1024,0,622592,30,1,bench2-fn-b,bench2-fn-b,1,48989926,1000000000,48989926,50,1184214223312,1184263213238
vanilla_two_containers_step32kb_32_to_1024,0,622592,31,5,bench2-fn-a,bench2-fn-a,1,49919333,1000000000,49919333,50,1184265887720,1184315807053
vanilla_two_containers_step32kb_32_to_1024,0,622592,32,2,bench2-fn-b,bench2-fn-b,1,225138574,1000000000,225138574,50,1184318223942,1184543362516
vanilla_two_containers_step32kb_32_to_1024,0,622592,33,1,bench2-fn-a,bench2-fn-a,1,54182741,1000000000,54182741,50,1184546643423,1184600826164
vanilla_two_containers_step32kb_32_to_1024,0,622592,34,3,bench2-fn-b,bench2-fn-b,1,51409259,1000000000,51409259,50,1184603341942,1184654751201
vanilla_two_containers_step32kb_32_to_1024,0,622592,35,2,bench2-fn-a,bench2-fn-a,1,49561148,1000000000,49561148,50,1184657256349,1184706817497
vanilla_two_containers_step32kb_32_to_1024,0,622592,36,4,bench2-fn-b,bench2-fn-b,1,49081130,1000000000,49081130,50,1184709267645,1184758348775
vanilla_two_containers_step32kb_32_to_1024,0,622592,37,3,bench2-fn-a,bench2-fn-a,1,51535889,1000000000,51535889,50,1184764712997,1184816248886
vanilla_two_containers_step32kb_32_to_1024,0,622592,38,5,bench2-fn-b,bench2-fn-b,1,49099630,1000000000,49099630,50,1184821132923,1184870232553
vanilla_two_containers_step32kb_32_to_1024,0,622592,39,4,bench2-fn-a,bench2-fn-a,1,291447982,1000000000,291447982,50,1184874189404,1185165637386
vanilla_two_containers_step32kb_32_to_1024,0,622592,40,1,bench2-fn-b,bench2-fn-b,1,51451333,1000000000,51451333,50,1185169973571,1185221424904
vanilla_two_containers_step32kb_32_to_1024,0,622592,41,5,bench2-fn-a,bench2-fn-a,1,48779630,1000000000,48779630,50,1185224162830,1185272942460
vanilla_two_containers_step32kb_32_to_1024,0,622592,42,2,bench2-fn-b,bench2-fn-b,1,49962945,1000000000,49962945,50,1185275764441,1185325727386
vanilla_two_containers_step32kb_32_to_1024,0,622592,43,6,bench2-fn-a,bench2-fn-a,1,50471759,1000000000,50471759,50,1185328632478,1185379104237
vanilla_two_containers_step32kb_32_to_1024,0,622592,44,3,bench2-fn-b,bench2-fn-b,1,51363074,1000000000,51363074,50,1185382068997,1185433432071
vanilla_two_containers_step32kb_32_to_1024,0,622592,45,7,bench2-fn-a,bench2-fn-a,1,51278555,1000000000,51278555,50,1185436963812,1185488242367
vanilla_two_containers_step32kb_32_to_1024,0,622592,46,4,bench2-fn-b,bench2-fn-b,1,48614870,1000000000,48614870,50,1185490871645,1185539486515
vanilla_two_containers_step32kb_32_to_1024,0,622592,47,8,bench2-fn-a,bench2-fn-a,1,49023796,1000000000,49023796,50,1185542206830,1185591230626
vanilla_two_containers_step32kb_32_to_1024,0,622592,48,5,bench2-fn-b,bench2-fn-b,1,49735018,1000000000,49735018,50,1185593856997,1185643592015
vanilla_two_containers_step32kb_32_to_1024,0,622592,49,9,bench2-fn-a,bench2-fn-a,1,51085130,1000000000,51085130,50,1185646486885,1185697572015
vanilla_two_containers_step32kb_32_to_1024,0,622592,50,6,bench2-fn-b,bench2-fn-b,1,49480389,1000000000,49480389,50,1185700322163,1185749802552
vanilla_two_containers_step32kb_32_to_1024,0,655360,1,1,bench2-fn-a,bench2-fn-a,0,56208685,1000000000,56208685,50,1185855057145,1185911265830
vanilla_two_containers_step32kb_32_to_1024,0,655360,2,1,bench2-fn-b,bench2-fn-b,1,54149297,1000000000,54149297,50,1185913959422,1185968108719
vanilla_two_containers_step32kb_32_to_1024,0,655360,3,2,bench2-fn-a,bench2-fn-a,1,226938611,1000000000,226938611,50,1185970543330,1186197481941
vanilla_two_containers_step32kb_32_to_1024,0,655360,4,1,bench2-fn-b,bench2-fn-b,1,56641945,1000000000,56641945,50,1186200568496,1186257210441
vanilla_two_containers_step32kb_32_to_1024,0,655360,5,3,bench2-fn-a,bench2-fn-a,1,51892963,1000000000,51892963,50,1186259878181,1186311771144
vanilla_two_containers_step32kb_32_to_1024,0,655360,6,2,bench2-fn-b,bench2-fn-b,1,225336592,1000000000,225336592,50,1186315379626,1186540716218
vanilla_two_containers_step32kb_32_to_1024,0,655360,7,1,bench2-fn-a,bench2-fn-a,1,52818703,1000000000,52818703,50,1186543094126,1186595912829
vanilla_two_containers_step32kb_32_to_1024,0,655360,8,3,bench2-fn-b,bench2-fn-b,1,53224741,1000000000,53224741,50,1186599078366,1186652303107
vanilla_two_containers_step32kb_32_to_1024,0,655360,9,2,bench2-fn-a,bench2-fn-a,1,59061852,1000000000,59061852,50,1186655141477,1186714203329
vanilla_two_containers_step32kb_32_to_1024,0,655360,10,4,bench2-fn-b,bench2-fn-b,1,55026148,1000000000,55026148,50,1186716823218,1186771849366
vanilla_two_containers_step32kb_32_to_1024,0,655360,11,3,bench2-fn-a,bench2-fn-a,1,55906870,1000000000,55906870,50,1186774983922,1186830890792
vanilla_two_containers_step32kb_32_to_1024,0,655360,12,5,bench2-fn-b,bench2-fn-b,1,57752722,1000000000,57752722,50,1186833529348,1186891282070
vanilla_two_containers_step32kb_32_to_1024,0,655360,13,4,bench2-fn-a,bench2-fn-a,1,58213593,1000000000,58213593,50,1186895230718,1186953444311
vanilla_two_containers_step32kb_32_to_1024,0,655360,14,6,bench2-fn-b,bench2-fn-b,1,52934926,1000000000,52934926,50,1186956401440,1187009336366
vanilla_two_containers_step32kb_32_to_1024,0,655360,15,5,bench2-fn-a,bench2-fn-a,1,53080352,1000000000,53080352,50,1187012043570,1187065123922
vanilla_two_containers_step32kb_32_to_1024,0,655360,16,7,bench2-fn-b,bench2-fn-b,1,51472352,1000000000,51472352,50,1187067572533,1187119044885
vanilla_two_containers_step32kb_32_to_1024,0,655360,17,6,bench2-fn-a,bench2-fn-a,1,53857241,1000000000,53857241,50,1187121868403,1187175725644
vanilla_two_containers_step32kb_32_to_1024,0,655360,18,8,bench2-fn-b,bench2-fn-b,1,55420704,1000000000,55420704,50,1187178459199,1187233879903
vanilla_two_containers_step32kb_32_to_1024,0,655360,19,7,bench2-fn-a,bench2-fn-a,1,53496259,1000000000,53496259,50,1187237345996,1187290842255
vanilla_two_containers_step32kb_32_to_1024,0,655360,20,9,bench2-fn-b,bench2-fn-b,1,287146778,1000000000,287146778,50,1187293453625,1187580600403
vanilla_two_containers_step32kb_32_to_1024,0,655360,21,1,bench2-fn-a,bench2-fn-a,1,52064574,1000000000,52064574,50,1187583974736,1187636039310
vanilla_two_containers_step32kb_32_to_1024,0,655360,22,10,bench2-fn-b,bench2-fn-b,1,53798630,1000000000,53798630,50,1187639030495,1187692829125
vanilla_two_containers_step32kb_32_to_1024,0,655360,23,2,bench2-fn-a,bench2-fn-a,1,54815871,1000000000,54815871,50,1187695708606,1187750524477
vanilla_two_containers_step32kb_32_to_1024,0,655360,24,11,bench2-fn-b,bench2-fn-b,1,227413963,1000000000,227413963,50,1187754147588,1187981561551
vanilla_two_containers_step32kb_32_to_1024,0,655360,25,1,bench2-fn-a,bench2-fn-a,1,54969037,1000000000,54969037,50,1187984892532,1188039861569
vanilla_two_containers_step32kb_32_to_1024,0,655360,26,12,bench2-fn-b,bench2-fn-b,1,58763019,1000000000,58763019,50,1188042656458,1188101419477
vanilla_two_containers_step32kb_32_to_1024,0,655360,27,2,bench2-fn-a,bench2-fn-a,1,51862333,1000000000,51862333,50,1188104445995,1188156308328
vanilla_two_containers_step32kb_32_to_1024,0,655360,28,13,bench2-fn-b,bench2-fn-b,1,58903629,1000000000,58903629,50,1188158966940,1188217870569
vanilla_two_containers_step32kb_32_to_1024,0,655360,29,3,bench2-fn-a,bench2-fn-a,1,52391945,1000000000,52391945,50,1188220509865,1188272901810
vanilla_two_containers_step32kb_32_to_1024,0,655360,30,14,bench2-fn-b,bench2-fn-b,1,238038574,1000000000,238038574,50,1188275289162,1188513327736
vanilla_two_containers_step32kb_32_to_1024,0,655360,31,1,bench2-fn-a,bench2-fn-a,1,54420204,1000000000,54420204,50,1188516174995,1188570595199
vanilla_two_containers_step32kb_32_to_1024,0,655360,32,15,bench2-fn-b,bench2-fn-b,1,221236889,1000000000,221236889,50,1188573173828,1188794410717
vanilla_two_containers_step32kb_32_to_1024,0,655360,33,1,bench2-fn-a,bench2-fn-a,1,52425296,1000000000,52425296,50,1188797886717,1188850312013
vanilla_two_containers_step32kb_32_to_1024,0,655360,34,16,bench2-fn-b,bench2-fn-b,1,52684129,1000000000,52684129,50,1188853276680,1188905960809
vanilla_two_containers_step32kb_32_to_1024,0,655360,35,2,bench2-fn-a,bench2-fn-a,1,55445944,1000000000,55445944,50,1188911061680,1188966507624
vanilla_two_containers_step32kb_32_to_1024,0,655360,36,17,bench2-fn-b,bench2-fn-b,1,232288555,1000000000,232288555,50,1188969555439,1189201843994
vanilla_two_containers_step32kb_32_to_1024,0,655360,37,1,bench2-fn-a,bench2-fn-a,1,52599370,1000000000,52599370,50,1189204711217,1189257310587
vanilla_two_containers_step32kb_32_to_1024,0,655360,38,18,bench2-fn-b,bench2-fn-b,1,51977314,1000000000,51977314,50,1189260107180,1189312084494
vanilla_two_containers_step32kb_32_to_1024,0,655360,39,2,bench2-fn-a,bench2-fn-a,1,58043926,1000000000,58043926,50,1189314558291,1189372602217
vanilla_two_containers_step32kb_32_to_1024,0,655360,40,19,bench2-fn-b,bench2-fn-b,1,54028519,1000000000,54028519,50,1189376397494,1189430426013
vanilla_two_containers_step32kb_32_to_1024,0,655360,41,3,bench2-fn-a,bench2-fn-a,1,229956148,1000000000,229956148,50,1189433564031,1189663520179
vanilla_two_containers_step32kb_32_to_1024,0,655360,42,1,bench2-fn-b,bench2-fn-b,1,52359167,1000000000,52359167,50,1189666326031,1189718685198
vanilla_two_containers_step32kb_32_to_1024,0,655360,43,4,bench2-fn-a,bench2-fn-a,1,53308963,1000000000,53308963,50,1189723385939,1189776694902
vanilla_two_containers_step32kb_32_to_1024,0,655360,44,2,bench2-fn-b,bench2-fn-b,1,54001444,1000000000,54001444,50,1189779751457,1189833752901
vanilla_two_containers_step32kb_32_to_1024,0,655360,45,5,bench2-fn-a,bench2-fn-a,1,51424741,1000000000,51424741,50,1189836281253,1189887705994
vanilla_two_containers_step32kb_32_to_1024,0,655360,46,3,bench2-fn-b,bench2-fn-b,1,54987018,1000000000,54987018,50,1189890536976,1189945523994
vanilla_two_containers_step32kb_32_to_1024,0,655360,47,6,bench2-fn-a,bench2-fn-a,1,54973333,1000000000,54973333,50,1189951032457,1190006005790
vanilla_two_containers_step32kb_32_to_1024,0,655360,48,4,bench2-fn-b,bench2-fn-b,1,236862407,1000000000,236862407,50,1190008531994,1190245394401
vanilla_two_containers_step32kb_32_to_1024,0,655360,49,1,bench2-fn-a,bench2-fn-a,1,51446648,1000000000,51446648,50,1190247787716,1190299234364
vanilla_two_containers_step32kb_32_to_1024,0,655360,50,5,bench2-fn-b,bench2-fn-b,1,51410889,1000000000,51410889,50,1190301640364,1190353051253
vanilla_two_containers_step32kb_32_to_1024,0,688128,1,1,bench2-fn-a,bench2-fn-a,0,61263611,1000000000,61263611,50,1190449733827,1190510997438
vanilla_two_containers_step32kb_32_to_1024,0,688128,2,1,bench2-fn-b,bench2-fn-b,1,235586796,1000000000,235586796,50,1190513470494,1190749057290
vanilla_two_containers_step32kb_32_to_1024,0,688128,3,1,bench2-fn-a,bench2-fn-a,1,56257723,1000000000,56257723,50,1190751843456,1190808101179
vanilla_two_containers_step32kb_32_to_1024,0,688128,4,2,bench2-fn-b,bench2-fn-b,1,55268667,1000000000,55268667,50,1190810927993,1190866196660
vanilla_two_containers_step32kb_32_to_1024,0,688128,5,2,bench2-fn-a,bench2-fn-a,1,55978888,1000000000,55978888,50,1190869182568,1190925161456
vanilla_two_containers_step32kb_32_to_1024,0,688128,6,3,bench2-fn-b,bench2-fn-b,1,297124796,1000000000,297124796,50,1190928341234,1191225466030
vanilla_two_containers_step32kb_32_to_1024,0,688128,7,1,bench2-fn-a,bench2-fn-a,1,57868315,1000000000,57868315,50,1191228519234,1191286387549
vanilla_two_containers_step32kb_32_to_1024,0,688128,8,4,bench2-fn-b,bench2-fn-b,1,55788018,1000000000,55788018,50,1191288766475,1191344554493
vanilla_two_containers_step32kb_32_to_1024,0,688128,9,2,bench2-fn-a,bench2-fn-a,1,56676445,1000000000,56676445,50,1191347078956,1191403755401
vanilla_two_containers_step32kb_32_to_1024,0,688128,10,5,bench2-fn-b,bench2-fn-b,1,54196796,1000000000,54196796,50,1191406236919,1191460433715
vanilla_two_containers_step32kb_32_to_1024,0,688128,11,3,bench2-fn-a,bench2-fn-a,1,55725333,1000000000,55725333,50,1191463217456,1191518942789
vanilla_two_containers_step32kb_32_to_1024,0,688128,12,6,bench2-fn-b,bench2-fn-b,1,55456463,1000000000,55456463,50,1191521646234,1191577102697
vanilla_two_containers_step32kb_32_to_1024,0,688128,13,4,bench2-fn-a,bench2-fn-a,1,54870408,1000000000,54870408,50,1191579479789,1191634350197
vanilla_two_containers_step32kb_32_to_1024,0,688128,14,7,bench2-fn-b,bench2-fn-b,1,54621759,1000000000,54621759,50,1191636939549,1191691561308
vanilla_two_containers_step32kb_32_to_1024,0,688128,15,5,bench2-fn-a,bench2-fn-a,1,56157944,1000000000,56157944,50,1191694900882,1191751058826
vanilla_two_containers_step32kb_32_to_1024,0,688128,16,8,bench2-fn-b,bench2-fn-b,1,57165630,1000000000,57165630,50,1191754338752,1191811504382
vanilla_two_containers_step32kb_32_to_1024,0,688128,17,6,bench2-fn-a,bench2-fn-a,1,59935537,1000000000,59935537,50,1191814399030,1191874334567
vanilla_two_containers_step32kb_32_to_1024,0,688128,18,9,bench2-fn-b,bench2-fn-b,1,63294315,1000000000,63294315,50,1191878034122,1191941328437
vanilla_two_containers_step32kb_32_to_1024,0,688128,19,7,bench2-fn-a,bench2-fn-a,1,63979723,1000000000,63979723,50,1191945135622,1192009115345
vanilla_two_containers_step32kb_32_to_1024,0,688128,20,10,bench2-fn-b,bench2-fn-b,1,55317018,1000000000,55317018,50,1192011909771,1192067226789
vanilla_two_containers_step32kb_32_to_1024,0,688128,21,8,bench2-fn-a,bench2-fn-a,1,62196259,1000000000,62196259,50,1192070430900,1192132627159
vanilla_two_containers_step32kb_32_to_1024,0,688128,22,11,bench2-fn-b,bench2-fn-b,1,55988000,1000000000,55988000,50,1192135151141,1192191139141
vanilla_two_containers_step32kb_32_to_1024,0,688128,23,9,bench2-fn-a,bench2-fn-a,1,57944315,1000000000,57944315,50,1192195351659,1192253295974
vanilla_two_containers_step32kb_32_to_1024,0,688128,24,12,bench2-fn-b,bench2-fn-b,1,55091944,1000000000,55091944,50,1192256451030,1192311542974
vanilla_two_containers_step32kb_32_to_1024,0,688128,25,10,bench2-fn-a,bench2-fn-a,1,56476315,1000000000,56476315,50,1192314001641,1192370477956
vanilla_two_containers_step32kb_32_to_1024,0,688128,26,13,bench2-fn-b,bench2-fn-b,1,56285462,1000000000,56285462,50,1192375009493,1192431294955
vanilla_two_containers_step32kb_32_to_1024,0,688128,27,11,bench2-fn-a,bench2-fn-a,1,54276241,1000000000,54276241,50,1192434006455,1192488282696
vanilla_two_containers_step32kb_32_to_1024,0,688128,28,14,bench2-fn-b,bench2-fn-b,1,55100630,1000000000,55100630,50,1192491171307,1192546271937
vanilla_two_containers_step32kb_32_to_1024,0,688128,29,12,bench2-fn-a,bench2-fn-a,1,55121852,1000000000,55121852,50,1192548909844,1192604031696
vanilla_two_containers_step32kb_32_to_1024,0,688128,30,15,bench2-fn-b,bench2-fn-b,1,54572352,1000000000,54572352,50,1192606572011,1192661144363
vanilla_two_containers_step32kb_32_to_1024,0,688128,31,13,bench2-fn-a,bench2-fn-a,1,231615648,1000000000,231615648,50,1192663689122,1192895304770
vanilla_two_containers_step32kb_32_to_1024,0,688128,32,1,bench2-fn-b,bench2-fn-b,1,55583611,1000000000,55583611,50,1192898087640,1192953671251
vanilla_two_containers_step32kb_32_to_1024,0,688128,33,14,bench2-fn-a,bench2-fn-a,1,234432445,1000000000,234432445,50,1192956159177,1193190591622
vanilla_two_containers_step32kb_32_to_1024,0,688128,34,1,bench2-fn-b,bench2-fn-b,1,56187907,1000000000,56187907,50,1193194402492,1193250590399
vanilla_two_containers_step32kb_32_to_1024,0,688128,35,15,bench2-fn-a,bench2-fn-a,1,55852963,1000000000,55852963,50,1193254263270,1193310116233
vanilla_two_containers_step32kb_32_to_1024,0,688128,36,2,bench2-fn-b,bench2-fn-b,1,58746426,1000000000,58746426,50,1193312604825,1193371351251
vanilla_two_containers_step32kb_32_to_1024,0,688128,37,16,bench2-fn-a,bench2-fn-a,1,284592259,1000000000,284592259,50,1193374006825,1193658599084
vanilla_two_containers_step32kb_32_to_1024,0,688128,38,1,bench2-fn-b,bench2-fn-b,1,58800426,1000000000,58800426,50,1193663103714,1193721904140
vanilla_two_containers_step32kb_32_to_1024,0,688128,39,17,bench2-fn-a,bench2-fn-a,1,54948815,1000000000,54948815,50,1193724439677,1193779388492
vanilla_two_containers_step32kb_32_to_1024,0,688128,40,2,bench2-fn-b,bench2-fn-b,1,54849759,1000000000,54849759,50,1193782521807,1193837371566
vanilla_two_containers_step32kb_32_to_1024,0,688128,41,18,bench2-fn-a,bench2-fn-a,1,55775000,1000000000,55775000,50,1193840808955,1193896583955
vanilla_two_containers_step32kb_32_to_1024,0,688128,42,3,bench2-fn-b,bench2-fn-b,1,58923333,1000000000,58923333,50,1193901249862,1193960173195
vanilla_two_containers_step32kb_32_to_1024,0,688128,43,19,bench2-fn-a,bench2-fn-a,1,55499018,1000000000,55499018,50,1193964042955,1194019541973
vanilla_two_containers_step32kb_32_to_1024,0,688128,44,4,bench2-fn-b,bench2-fn-b,1,239885037,1000000000,239885037,50,1194021954732,1194261839769
vanilla_two_containers_step32kb_32_to_1024,0,688128,45,1,bench2-fn-a,bench2-fn-a,1,55797759,1000000000,55797759,50,1194264688825,1194320486584
vanilla_two_containers_step32kb_32_to_1024,0,688128,46,5,bench2-fn-b,bench2-fn-b,1,58564055,1000000000,58564055,50,1194323680510,1194382244565
vanilla_two_containers_step32kb_32_to_1024,0,688128,47,2,bench2-fn-a,bench2-fn-a,1,56615092,1000000000,56615092,50,1194386158362,1194442773454
vanilla_two_containers_step32kb_32_to_1024,0,688128,48,6,bench2-fn-b,bench2-fn-b,1,55246112,1000000000,55246112,50,1194445498639,1194500744751
vanilla_two_containers_step32kb_32_to_1024,0,688128,49,3,bench2-fn-a,bench2-fn-a,1,56198277,1000000000,56198277,50,1194503409936,1194559608213
vanilla_two_containers_step32kb_32_to_1024,0,688128,50,7,bench2-fn-b,bench2-fn-b,1,55070167,1000000000,55070167,50,1194562264102,1194617334269
vanilla_two_containers_step32kb_32_to_1024,0,720896,1,1,bench2-fn-a,bench2-fn-a,0,62126982,1000000000,62126982,50,1194718066954,1194780193936
vanilla_two_containers_step32kb_32_to_1024,0,720896,2,1,bench2-fn-b,bench2-fn-b,1,59939018,1000000000,59939018,50,1194783027047,1194842966065
vanilla_two_containers_step32kb_32_to_1024,0,720896,3,2,bench2-fn-a,bench2-fn-a,1,58386741,1000000000,58386741,50,1194845539028,1194903925769
vanilla_two_containers_step32kb_32_to_1024,0,720896,4,2,bench2-fn-b,bench2-fn-b,1,58673352,1000000000,58673352,50,1194906350991,1194965024343
vanilla_two_containers_step32kb_32_to_1024,0,720896,5,3,bench2-fn-a,bench2-fn-a,1,63982963,1000000000,63982963,50,1194969203232,1195033186195
vanilla_two_containers_step32kb_32_to_1024,0,720896,6,3,bench2-fn-b,bench2-fn-b,1,58255463,1000000000,58255463,50,1195036018435,1195094273898
vanilla_two_containers_step32kb_32_to_1024,0,720896,7,4,bench2-fn-a,bench2-fn-a,1,58550888,1000000000,58550888,50,1195097057195,1195155608083
vanilla_two_containers_step32kb_32_to_1024,0,720896,8,4,bench2-fn-b,bench2-fn-b,1,61809630,1000000000,61809630,50,1195158023509,1195219833139
vanilla_two_containers_step32kb_32_to_1024,0,720896,9,5,bench2-fn-a,bench2-fn-a,1,237318722,1000000000,237318722,50,1195222235343,1195459554065
vanilla_two_containers_step32kb_32_to_1024,0,720896,10,1,bench2-fn-b,bench2-fn-b,1,59275574,1000000000,59275574,50,1195462233083,1195521508657
vanilla_two_containers_step32kb_32_to_1024,0,720896,11,6,bench2-fn-a,bench2-fn-a,1,58511389,1000000000,58511389,50,1195524160805,1195582672194
vanilla_two_containers_step32kb_32_to_1024,0,720896,12,2,bench2-fn-b,bench2-fn-b,1,57620260,1000000000,57620260,50,1195585598305,1195643218565
vanilla_two_containers_step32kb_32_to_1024,0,720896,13,7,bench2-fn-a,bench2-fn-a,1,56763741,1000000000,56763741,50,1195646504657,1195703268398
vanilla_two_containers_step32kb_32_to_1024,0,720896,14,3,bench2-fn-b,bench2-fn-b,1,55941129,1000000000,55941129,50,1195705677491,1195761618620
vanilla_two_containers_step32kb_32_to_1024,0,720896,15,8,bench2-fn-a,bench2-fn-a,1,57317352,1000000000,57317352,50,1195764205157,1195821522509
vanilla_two_containers_step32kb_32_to_1024,0,720896,16,4,bench2-fn-b,bench2-fn-b,1,58467370,1000000000,58467370,50,1195823956009,1195882423379
vanilla_two_containers_step32kb_32_to_1024,0,720896,17,9,bench2-fn-a,bench2-fn-a,1,56699944,1000000000,56699944,50,1195884901713,1195941601657
vanilla_two_containers_step32kb_32_to_1024,0,720896,18,5,bench2-fn-b,bench2-fn-b,1,60490778,1000000000,60490778,50,1195944204268,1196004695046
vanilla_two_containers_step32kb_32_to_1024,0,720896,19,10,bench2-fn-a,bench2-fn-a,1,59169963,1000000000,59169963,50,1196007596064,1196066766027
vanilla_two_containers_step32kb_32_to_1024,0,720896,20,6,bench2-fn-b,bench2-fn-b,1,56842111,1000000000,56842111,50,1196069387694,1196126229805
vanilla_two_containers_step32kb_32_to_1024,0,720896,21,11,bench2-fn-a,bench2-fn-a,1,60852167,1000000000,60852167,50,1196128772620,1196189624787
vanilla_two_containers_step32kb_32_to_1024,0,720896,22,7,bench2-fn-b,bench2-fn-b,1,59804556,1000000000,59804556,50,1196192334990,1196252139546
vanilla_two_containers_step32kb_32_to_1024,0,720896,23,12,bench2-fn-a,bench2-fn-a,1,57971592,1000000000,57971592,50,1196254653324,1196312624916
vanilla_two_containers_step32kb_32_to_1024,0,720896,24,8,bench2-fn-b,bench2-fn-b,1,57563778,1000000000,57563778,50,1196315024805,1196372588583
vanilla_two_containers_step32kb_32_to_1024,0,720896,25,13,bench2-fn-a,bench2-fn-a,1,58165982,1000000000,58165982,50,1196375586379,1196433752361
vanilla_two_containers_step32kb_32_to_1024,0,720896,26,9,bench2-fn-b,bench2-fn-b,1,57950408,1000000000,57950408,50,1196437548027,1196495498435
vanilla_two_containers_step32kb_32_to_1024,0,720896,27,14,bench2-fn-a,bench2-fn-a,1,58738759,1000000000,58738759,50,1196498093564,1196556832323
vanilla_two_containers_step32kb_32_to_1024,0,720896,28,10,bench2-fn-b,bench2-fn-b,1,56619111,1000000000,56619111,50,1196560823546,1196617442657
vanilla_two_containers_step32kb_32_to_1024,0,720896,29,15,bench2-fn-a,bench2-fn-a,1,58909982,1000000000,58909982,50,1196620316064,1196679226046
vanilla_two_containers_step32kb_32_to_1024,0,720896,30,11,bench2-fn-b,bench2-fn-b,1,58595945,1000000000,58595945,50,1196681781249,1196740377194
vanilla_two_containers_step32kb_32_to_1024,0,720896,31,16,bench2-fn-a,bench2-fn-a,1,57229834,1000000000,57229834,50,1196744722934,1196801952768
vanilla_two_containers_step32kb_32_to_1024,0,720896,32,12,bench2-fn-b,bench2-fn-b,1,57508185,1000000000,57508185,50,1196804402823,1196861911008
vanilla_two_containers_step32kb_32_to_1024,0,720896,33,17,bench2-fn-a,bench2-fn-a,1,65886537,1000000000,65886537,50,1196866436471,1196932323008
vanilla_two_containers_step32kb_32_to_1024,0,720896,34,13,bench2-fn-b,bench2-fn-b,1,60877685,1000000000,60877685,50,1196935829471,1196996707156
vanilla_two_containers_step32kb_32_to_1024,0,720896,35,18,bench2-fn-a,bench2-fn-a,1,59507740,1000000000,59507740,50,1196999268268,1197058776008
vanilla_two_containers_step32kb_32_to_1024,0,720896,36,14,bench2-fn-b,bench2-fn-b,1,60052297,1000000000,60052297,50,1197061226008,1197121278305
vanilla_two_containers_step32kb_32_to_1024,0,720896,37,19,bench2-fn-a,bench2-fn-a,1,300620741,1000000000,300620741,50,1197124539045,1197425159786
vanilla_two_containers_step32kb_32_to_1024,0,720896,38,1,bench2-fn-b,bench2-fn-b,1,57294796,1000000000,57294796,50,1197429481527,1197486776323
vanilla_two_containers_step32kb_32_to_1024,0,720896,39,20,bench2-fn-a,bench2-fn-a,1,642331815,1000000000,642331815,50,1197489517730,1198131849545
vanilla_two_containers_step32kb_32_to_1024,0,720896,40,1,bench2-fn-b,bench2-fn-b,1,56236222,1000000000,56236222,50,1198134626508,1198190862730
vanilla_two_containers_step32kb_32_to_1024,0,720896,41,21,bench2-fn-a,bench2-fn-a,1,58308333,1000000000,58308333,50,1198193851915,1198252160248
vanilla_two_containers_step32kb_32_to_1024,0,720896,42,2,bench2-fn-b,bench2-fn-b,1,57199555,1000000000,57199555,50,1198254542915,1198311742470
vanilla_two_containers_step32kb_32_to_1024,0,720896,43,22,bench2-fn-a,bench2-fn-a,1,57075407,1000000000,57075407,50,1198314305878,1198371381285
vanilla_two_containers_step32kb_32_to_1024,0,720896,44,3,bench2-fn-b,bench2-fn-b,1,61146129,1000000000,61146129,50,1198375122878,1198436269007
vanilla_two_containers_step32kb_32_to_1024,0,720896,45,23,bench2-fn-a,bench2-fn-a,1,58531278,1000000000,58531278,50,1198438807489,1198497338767
vanilla_two_containers_step32kb_32_to_1024,0,720896,46,4,bench2-fn-b,bench2-fn-b,1,646195666,1000000000,646195666,50,1198499945563,1199146141229
vanilla_two_containers_step32kb_32_to_1024,0,720896,47,1,bench2-fn-a,bench2-fn-a,1,63717352,1000000000,63717352,50,1199149045729,1199212763081
vanilla_two_containers_step32kb_32_to_1024,0,720896,48,5,bench2-fn-b,bench2-fn-b,1,57564129,1000000000,57564129,50,1199215302322,1199272866451
vanilla_two_containers_step32kb_32_to_1024,0,720896,49,2,bench2-fn-a,bench2-fn-a,1,59073778,1000000000,59073778,50,1199275697877,1199334771655
vanilla_two_containers_step32kb_32_to_1024,0,720896,50,6,bench2-fn-b,bench2-fn-b,1,59171389,1000000000,59171389,50,1199337161914,1199396333303
vanilla_two_containers_step32kb_32_to_1024,0,753664,1,1,bench2-fn-a,bench2-fn-a,0,66013963,1000000000,66013963,50,1199498293229,1199564307192
vanilla_two_containers_step32kb_32_to_1024,0,753664,2,1,bench2-fn-b,bench2-fn-b,1,60715889,1000000000,60715889,50,1199566817303,1199627533192
vanilla_two_containers_step32kb_32_to_1024,0,753664,3,2,bench2-fn-a,bench2-fn-a,1,67673389,1000000000,67673389,50,1199630052525,1199697725914
vanilla_two_containers_step32kb_32_to_1024,0,753664,4,2,bench2-fn-b,bench2-fn-b,1,59912555,1000000000,59912555,50,1199700187470,1199760100025
vanilla_two_containers_step32kb_32_to_1024,0,753664,5,3,bench2-fn-a,bench2-fn-a,1,61250055,1000000000,61250055,50,1199763125118,1199824375173
vanilla_two_containers_step32kb_32_to_1024,0,753664,6,3,bench2-fn-b,bench2-fn-b,1,60629518,1000000000,60629518,50,1199827012081,1199887641599
vanilla_two_containers_step32kb_32_to_1024,0,753664,7,4,bench2-fn-a,bench2-fn-a,1,238812370,1000000000,238812370,50,1199891387173,1200130199543
vanilla_two_containers_step32kb_32_to_1024,0,753664,8,1,bench2-fn-b,bench2-fn-b,1,60386463,1000000000,60386463,50,1200132945062,1200193331525
vanilla_two_containers_step32kb_32_to_1024,0,753664,9,5,bench2-fn-a,bench2-fn-a,1,59907630,1000000000,59907630,50,1200196965895,1200256873525
vanilla_two_containers_step32kb_32_to_1024,0,753664,10,2,bench2-fn-b,bench2-fn-b,1,61366426,1000000000,61366426,50,1200259431914,1200320798340
vanilla_two_containers_step32kb_32_to_1024,0,753664,11,6,bench2-fn-a,bench2-fn-a,1,61132129,1000000000,61132129,50,1200323216803,1200384348932
vanilla_two_containers_step32kb_32_to_1024,0,753664,12,3,bench2-fn-b,bench2-fn-b,1,60681074,1000000000,60681074,50,1200388452895,1200449133969
vanilla_two_containers_step32kb_32_to_1024,0,753664,13,7,bench2-fn-a,bench2-fn-a,1,62969370,1000000000,62969370,50,1200451558636,1200514528006
vanilla_two_containers_step32kb_32_to_1024,0,753664,14,4,bench2-fn-b,bench2-fn-b,1,65548556,1000000000,65548556,50,1200520109321,1200585657877
vanilla_two_containers_step32kb_32_to_1024,0,753664,15,8,bench2-fn-a,bench2-fn-a,1,59525926,1000000000,59525926,50,1200588250191,1200647776117
vanilla_two_containers_step32kb_32_to_1024,0,753664,16,5,bench2-fn-b,bench2-fn-b,1,62220926,1000000000,62220926,50,1200650198154,1200712419080
vanilla_two_containers_step32kb_32_to_1024,0,753664,17,9,bench2-fn-a,bench2-fn-a,1,60266574,1000000000,60266574,50,1200715055988,1200775322562
vanilla_two_containers_step32kb_32_to_1024,0,753664,18,6,bench2-fn-b,bench2-fn-b,1,59853574,1000000000,59853574,50,1200777876228,1200837729802
vanilla_two_containers_step32kb_32_to_1024,0,753664,19,10,bench2-fn-a,bench2-fn-a,1,240832759,1000000000,240832759,50,1200841274506,1201082107265
vanilla_two_containers_step32kb_32_to_1024,0,753664,20,1,bench2-fn-b,bench2-fn-b,1,60416925,1000000000,60416925,50,1201084896710,1201145313635
vanilla_two_containers_step32kb_32_to_1024,0,753664,21,11,bench2-fn-a,bench2-fn-a,1,63364259,1000000000,63364259,50,1201148217747,1201211582006
vanilla_two_containers_step32kb_32_to_1024,0,753664,22,2,bench2-fn-b,bench2-fn-b,1,60190019,1000000000,60190019,50,1201214571413,1201274761432
vanilla_two_containers_step32kb_32_to_1024,0,753664,23,12,bench2-fn-a,bench2-fn-a,1,67307925,1000000000,67307925,50,1201277131747,1201344439672
vanilla_two_containers_step32kb_32_to_1024,0,753664,24,3,bench2-fn-b,bench2-fn-b,1,60069204,1000000000,60069204,50,1201347006691,1201407075895
vanilla_two_containers_step32kb_32_to_1024,0,753664,25,13,bench2-fn-a,bench2-fn-a,1,60568760,1000000000,60568760,50,1201409530635,1201470099395
vanilla_two_containers_step32kb_32_to_1024,0,753664,26,4,bench2-fn-b,bench2-fn-b,1,60593019,1000000000,60593019,50,1201474271487,1201534864506
vanilla_two_containers_step32kb_32_to_1024,0,753664,27,14,bench2-fn-a,bench2-fn-a,1,61918166,1000000000,61918166,50,1201537895006,1201599813172
vanilla_two_containers_step32kb_32_to_1024,0,753664,28,5,bench2-fn-b,bench2-fn-b,1,247482425,1000000000,247482425,50,1201603586543,1201851068968
vanilla_two_containers_step32kb_32_to_1024,0,753664,29,1,bench2-fn-a,bench2-fn-a,1,70775500,1000000000,70775500,50,1201853710079,1201924485579
vanilla_two_containers_step32kb_32_to_1024,0,753664,30,6,bench2-fn-b,bench2-fn-b,1,64309611,1000000000,64309611,50,1201928704135,1201993013746
vanilla_two_containers_step32kb_32_to_1024,0,753664,31,2,bench2-fn-a,bench2-fn-a,1,236400685,1000000000,236400685,50,1201995620135,1202232020820
vanilla_two_containers_step32kb_32_to_1024,0,753664,32,1,bench2-fn-b,bench2-fn-b,1,271601278,1000000000,271601278,50,1202238517005,1202510118283
vanilla_two_containers_step32kb_32_to_1024,0,753664,33,1,bench2-fn-a,bench2-fn-a,1,59132593,1000000000,59132593,50,1202513256616,1202572389209
vanilla_two_containers_step32kb_32_to_1024,0,753664,34,2,bench2-fn-b,bench2-fn-b,1,62349852,1000000000,62349852,50,1202574956431,1202637306283
vanilla_two_containers_step32kb_32_to_1024,0,753664,35,2,bench2-fn-a,bench2-fn-a,1,61944018,1000000000,61944018,50,1202640523005,1202702467023
vanilla_two_containers_step32kb_32_to_1024,0,753664,36,3,bench2-fn-b,bench2-fn-b,1,62826315,1000000000,62826315,50,1202706350986,1202769177301
vanilla_two_containers_step32kb_32_to_1024,0,753664,37,3,bench2-fn-a,bench2-fn-a,1,60262296,1000000000,60262296,50,1202772486931,1202832749227
vanilla_two_containers_step32kb_32_to_1024,0,753664,38,4,bench2-fn-b,bench2-fn-b,1,60832426,1000000000,60832426,50,1202836452116,1202897284542
vanilla_two_containers_step32kb_32_to_1024,0,753664,39,4,bench2-fn-a,bench2-fn-a,1,61965222,1000000000,61965222,50,1202900114301,1202962079523
vanilla_two_containers_step32kb_32_to_1024,0,753664,40,5,bench2-fn-b,bench2-fn-b,1,233604759,1000000000,233604759,50,1202964833986,1203198438745
vanilla_two_containers_step32kb_32_to_1024,0,753664,41,1,bench2-fn-a,bench2-fn-a,1,59906130,1000000000,59906130,50,1203201301523,1203261207653
vanilla_two_containers_step32kb_32_to_1024,0,753664,42,6,bench2-fn-b,bench2-fn-b,1,63461444,1000000000,63461444,50,1203263860949,1203327322393
vanilla_two_containers_step32kb_32_to_1024,0,753664,43,2,bench2-fn-a,bench2-fn-a,1,61923222,1000000000,61923222,50,1203329794264,1203391717486
vanilla_two_containers_step32kb_32_to_1024,0,753664,44,7,bench2-fn-b,bench2-fn-b,1,61888426,1000000000,61888426,50,1203395073856,1203456962282
vanilla_two_containers_step32kb_32_to_1024,0,753664,45,3,bench2-fn-a,bench2-fn-a,1,60916185,1000000000,60916185,50,1203459539560,1203520455745
vanilla_two_containers_step32kb_32_to_1024,0,753664,46,8,bench2-fn-b,bench2-fn-b,1,240361703,1000000000,240361703,50,1203522921764,1203763283467
vanilla_two_containers_step32kb_32_to_1024,0,753664,47,1,bench2-fn-a,bench2-fn-a,1,61075944,1000000000,61075944,50,1203765894449,1203826970393
vanilla_two_containers_step32kb_32_to_1024,0,753664,48,9,bench2-fn-b,bench2-fn-b,1,61759148,1000000000,61759148,50,1203829402838,1203891161986
vanilla_two_containers_step32kb_32_to_1024,0,753664,49,2,bench2-fn-a,bench2-fn-a,1,60897018,1000000000,60897018,50,1203894823949,1203955720967
vanilla_two_containers_step32kb_32_to_1024,0,753664,50,10,bench2-fn-b,bench2-fn-b,1,62266000,1000000000,62266000,50,1203958144875,1204020410875
vanilla_two_containers_step32kb_32_to_1024,0,786432,1,1,bench2-fn-a,bench2-fn-a,0,70426352,1000000000,70426352,50,1204129006708,1204199433060
vanilla_two_containers_step32kb_32_to_1024,0,786432,2,1,bench2-fn-b,bench2-fn-b,1,63495723,1000000000,63495723,50,1204202899448,1204266395171
vanilla_two_containers_step32kb_32_to_1024,0,786432,3,2,bench2-fn-a,bench2-fn-a,1,62314519,1000000000,62314519,50,1204269518078,1204331832597
vanilla_two_containers_step32kb_32_to_1024,0,786432,4,2,bench2-fn-b,bench2-fn-b,1,65372389,1000000000,65372389,50,1204334474448,1204399846837
vanilla_two_containers_step32kb_32_to_1024,0,786432,5,3,bench2-fn-a,bench2-fn-a,1,250585889,1000000000,250585889,50,1204402375485,1204652961374
vanilla_two_containers_step32kb_32_to_1024,0,786432,6,1,bench2-fn-b,bench2-fn-b,1,239941574,1000000000,239941574,50,1204656151596,1204896093170
vanilla_two_containers_step32kb_32_to_1024,0,786432,7,1,bench2-fn-a,bench2-fn-a,1,61473759,1000000000,61473759,50,1204899404689,1204960878448
vanilla_two_containers_step32kb_32_to_1024,0,786432,8,2,bench2-fn-b,bench2-fn-b,1,240280611,1000000000,240280611,50,1204964358781,1205204639392
vanilla_two_containers_step32kb_32_to_1024,0,786432,9,1,bench2-fn-a,bench2-fn-a,1,62623796,1000000000,62623796,50,1205207303615,1205269927411
vanilla_two_containers_step32kb_32_to_1024,0,786432,10,3,bench2-fn-b,bench2-fn-b,1,66037259,1000000000,66037259,50,1205272801763,1205338839022
vanilla_two_containers_step32kb_32_to_1024,0,786432,11,2,bench2-fn-a,bench2-fn-a,1,64399277,1000000000,64399277,50,1205341529226,1205405928503
vanilla_two_containers_step32kb_32_to_1024,0,786432,12,4,bench2-fn-b,bench2-fn-b,1,62711963,1000000000,62711963,50,1205408381244,1205471093207
vanilla_two_containers_step32kb_32_to_1024,0,786432,13,3,bench2-fn-a,bench2-fn-a,1,62316093,1000000000,62316093,50,1205473500614,1205535816707
vanilla_two_containers_step32kb_32_to_1024,0,786432,14,5,bench2-fn-b,bench2-fn-b,1,62701611,1000000000,62701611,50,1205540658429,1205603360040
vanilla_two_containers_step32kb_32_to_1024,0,786432,15,4,bench2-fn-a,bench2-fn-a,1,63029981,1000000000,63029981,50,1205605726281,1205668756262
vanilla_two_containers_step32kb_32_to_1024,0,786432,16,6,bench2-fn-b,bench2-fn-b,1,253313037,1000000000,253313037,50,1205672671133,1205925984170
vanilla_two_containers_step32kb_32_to_1024,0,786432,17,1,bench2-fn-a,bench2-fn-a,1,62395037,1000000000,62395037,50,1205928703040,1205991098077
vanilla_two_containers_step32kb_32_to_1024,0,786432,18,7,bench2-fn-b,bench2-fn-b,1,314843796,1000000000,314843796,50,1205993753318,1206308597114
vanilla_two_containers_step32kb_32_to_1024,0,786432,19,1,bench2-fn-a,bench2-fn-a,1,61323296,1000000000,61323296,50,1206311484836,1206372808132
vanilla_two_containers_step32kb_32_to_1024,0,786432,20,8,bench2-fn-b,bench2-fn-b,1,62124352,1000000000,62124352,50,1206375762632,1206437886984
vanilla_two_containers_step32kb_32_to_1024,0,786432,21,2,bench2-fn-a,bench2-fn-a,1,63651222,1000000000,63651222,50,1206440459688,1206504110910
vanilla_two_containers_step32kb_32_to_1024,0,786432,22,9,bench2-fn-b,bench2-fn-b,1,65304518,1000000000,65304518,50,1206506596892,1206571901410
vanilla_two_containers_step32kb_32_to_1024,0,786432,23,3,bench2-fn-a,bench2-fn-a,1,62880797,1000000000,62880797,50,1206574442891,1206637323688
vanilla_two_containers_step32kb_32_to_1024,0,786432,24,10,bench2-fn-b,bench2-fn-b,1,61332963,1000000000,61332963,50,1206639807410,1206701140373
vanilla_two_containers_step32kb_32_to_1024,0,786432,25,4,bench2-fn-a,bench2-fn-a,1,63193630,1000000000,63193630,50,1206703637669,1206766831299
vanilla_two_containers_step32kb_32_to_1024,0,786432,26,11,bench2-fn-b,bench2-fn-b,1,235262426,1000000000,235262426,50,1206769744373,1207005006799
vanilla_two_containers_step32kb_32_to_1024,0,786432,27,1,bench2-fn-a,bench2-fn-a,1,63466315,1000000000,63466315,50,1207007590965,1207071057280
vanilla_two_containers_step32kb_32_to_1024,0,786432,28,12,bench2-fn-b,bench2-fn-b,1,63187611,1000000000,63187611,50,1207073715058,1207136902669
vanilla_two_containers_step32kb_32_to_1024,0,786432,29,2,bench2-fn-a,bench2-fn-a,1,62390778,1000000000,62390778,50,1207139554928,1207201945706
vanilla_two_containers_step32kb_32_to_1024,0,786432,30,13,bench2-fn-b,bench2-fn-b,1,63882260,1000000000,63882260,50,1207208445261,1207272327521
vanilla_two_containers_step32kb_32_to_1024,0,786432,31,3,bench2-fn-a,bench2-fn-a,1,62213796,1000000000,62213796,50,1207275417243,1207337631039
vanilla_two_containers_step32kb_32_to_1024,0,786432,32,14,bench2-fn-b,bench2-fn-b,1,65402055,1000000000,65402055,50,1207340271817,1207405673872
vanilla_two_containers_step32kb_32_to_1024,0,786432,33,4,bench2-fn-a,bench2-fn-a,1,250191518,1000000000,250191518,50,1207409658743,1207659850261
vanilla_two_containers_step32kb_32_to_1024,0,786432,34,1,bench2-fn-b,bench2-fn-b,1,62886278,1000000000,62886278,50,1207663119520,1207726005798
vanilla_two_containers_step32kb_32_to_1024,0,786432,35,5,bench2-fn-a,bench2-fn-a,1,63103703,1000000000,63103703,50,1207728803169,1207791906872
vanilla_two_containers_step32kb_32_to_1024,0,786432,36,2,bench2-fn-b,bench2-fn-b,1,62359629,1000000000,62359629,50,1207794793280,1207857152909
vanilla_two_containers_step32kb_32_to_1024,0,786432,37,6,bench2-fn-a,bench2-fn-a,1,65244685,1000000000,65244685,50,1207860028817,1207925273502
vanilla_two_containers_step32kb_32_to_1024,0,786432,38,3,bench2-fn-b,bench2-fn-b,1,63047370,1000000000,63047370,50,1207927964817,1207991012187
vanilla_two_containers_step32kb_32_to_1024,0,786432,39,7,bench2-fn-a,bench2-fn-a,1,63612093,1000000000,63612093,50,1207994174483,1208057786576
vanilla_two_containers_step32kb_32_to_1024,0,786432,40,4,bench2-fn-b,bench2-fn-b,1,61315703,1000000000,61315703,50,1208060845354,1208122161057
vanilla_two_containers_step32kb_32_to_1024,0,786432,41,8,bench2-fn-a,bench2-fn-a,1,62702982,1000000000,62702982,50,1208124920705,1208187623687
vanilla_two_containers_step32kb_32_to_1024,0,786432,42,5,bench2-fn-b,bench2-fn-b,1,61564556,1000000000,61564556,50,1208191049668,1208252614224
vanilla_two_containers_step32kb_32_to_1024,0,786432,43,9,bench2-fn-a,bench2-fn-a,1,61718445,1000000000,61718445,50,1208256127557,1208317846002
vanilla_two_containers_step32kb_32_to_1024,0,786432,44,6,bench2-fn-b,bench2-fn-b,1,61007704,1000000000,61007704,50,1208320607020,1208381614724
vanilla_two_containers_step32kb_32_to_1024,0,786432,45,10,bench2-fn-a,bench2-fn-a,1,64441445,1000000000,64441445,50,1208384713427,1208449154872
vanilla_two_containers_step32kb_32_to_1024,0,786432,46,7,bench2-fn-b,bench2-fn-b,1,60964167,1000000000,60964167,50,1208452192668,1208513156835
vanilla_two_containers_step32kb_32_to_1024,0,786432,47,11,bench2-fn-a,bench2-fn-a,1,64479463,1000000000,64479463,50,1208516531427,1208581010890
vanilla_two_containers_step32kb_32_to_1024,0,786432,48,8,bench2-fn-b,bench2-fn-b,1,64689297,1000000000,64689297,50,1208583866353,1208648555650
vanilla_two_containers_step32kb_32_to_1024,0,786432,49,12,bench2-fn-a,bench2-fn-a,1,67581444,1000000000,67581444,50,1208652807298,1208720388742
vanilla_two_containers_step32kb_32_to_1024,0,786432,50,9,bench2-fn-b,bench2-fn-b,1,64761389,1000000000,64761389,50,1208722979927,1208787741316
vanilla_two_containers_step32kb_32_to_1024,0,819200,1,1,bench2-fn-a,bench2-fn-a,0,71556703,1000000000,71556703,50,1208897460983,1208969017686
vanilla_two_containers_step32kb_32_to_1024,0,819200,2,1,bench2-fn-b,bench2-fn-b,1,65109111,1000000000,65109111,50,1208971829501,1209036938612
vanilla_two_containers_step32kb_32_to_1024,0,819200,3,2,bench2-fn-a,bench2-fn-a,1,66168445,1000000000,66168445,50,1209039595501,1209105763946
vanilla_two_containers_step32kb_32_to_1024,0,819200,4,2,bench2-fn-b,bench2-fn-b,1,65035241,1000000000,65035241,50,1209109075279,1209174110520
vanilla_two_containers_step32kb_32_to_1024,0,819200,5,3,bench2-fn-a,bench2-fn-a,1,245373314,1000000000,245373314,50,1209176633020,1209422006334
vanilla_two_containers_step32kb_32_to_1024,0,819200,6,1,bench2-fn-b,bench2-fn-b,1,65220741,1000000000,65220741,50,1209424924964,1209490145705
vanilla_two_containers_step32kb_32_to_1024,0,819200,7,4,bench2-fn-a,bench2-fn-a,1,65084129,1000000000,65084129,50,1209492587779,1209557671908
vanilla_two_containers_step32kb_32_to_1024,0,819200,8,2,bench2-fn-b,bench2-fn-b,1,65475667,1000000000,65475667,50,1209561082093,1209626557760
vanilla_two_containers_step32kb_32_to_1024,0,819200,9,5,bench2-fn-a,bench2-fn-a,1,67725074,1000000000,67725074,50,1209629308871,1209697033945
vanilla_two_containers_step32kb_32_to_1024,0,819200,10,3,bench2-fn-b,bench2-fn-b,1,244813685,1000000000,244813685,50,1209699628371,1209944442056
vanilla_two_containers_step32kb_32_to_1024,0,819200,11,1,bench2-fn-a,bench2-fn-a,1,249399037,1000000000,249399037,50,1209947328223,1210196727260
vanilla_two_containers_step32kb_32_to_1024,0,819200,12,1,bench2-fn-b,bench2-fn-b,1,64604463,1000000000,64604463,50,1210200791815,1210265396278
vanilla_two_containers_step32kb_32_to_1024,0,819200,13,2,bench2-fn-a,bench2-fn-a,1,64813963,1000000000,64813963,50,1210267821963,1210332635926
vanilla_two_containers_step32kb_32_to_1024,0,819200,14,2,bench2-fn-b,bench2-fn-b,1,64506055,1000000000,64506055,50,1210335035908,1210399541963
vanilla_two_containers_step32kb_32_to_1024,0,819200,15,3,bench2-fn-a,bench2-fn-a,1,64563592,1000000000,64563592,50,1210402409908,1210466973500
vanilla_two_containers_step32kb_32_to_1024,0,819200,16,3,bench2-fn-b,bench2-fn-b,1,67978056,1000000000,67978056,50,1210470189204,1210538167260
vanilla_two_containers_step32kb_32_to_1024,0,819200,17,4,bench2-fn-a,bench2-fn-a,1,64963537,1000000000,64963537,50,1210542415482,1210607379019
vanilla_two_containers_step32kb_32_to_1024,0,819200,18,4,bench2-fn-b,bench2-fn-b,1,243188259,1000000000,243188259,50,1210610211611,1210853399870
vanilla_two_containers_step32kb_32_to_1024,0,819200,19,1,bench2-fn-a,bench2-fn-a,1,68556740,1000000000,68556740,50,1210856156482,1210924713222
vanilla_two_containers_step32kb_32_to_1024,0,819200,20,5,bench2-fn-b,bench2-fn-b,1,63353074,1000000000,63353074,50,1210927281833,1210990634907
vanilla_two_containers_step32kb_32_to_1024,0,819200,21,2,bench2-fn-a,bench2-fn-a,1,311468852,1000000000,311468852,50,1210993450537,1211304919389
vanilla_two_containers_step32kb_32_to_1024,0,819200,22,1,bench2-fn-b,bench2-fn-b,1,66034463,1000000000,66034463,50,1211307524666,1211373559129
vanilla_two_containers_step32kb_32_to_1024,0,819200,23,3,bench2-fn-a,bench2-fn-a,1,67341574,1000000000,67341574,50,1211376454648,1211443796222
vanilla_two_containers_step32kb_32_to_1024,0,819200,24,2,bench2-fn-b,bench2-fn-b,1,65761185,1000000000,65761185,50,1211446618926,1211512380111
vanilla_two_containers_step32kb_32_to_1024,0,819200,25,4,bench2-fn-a,bench2-fn-a,1,67229574,1000000000,67229574,50,1211515259777,1211582489351
vanilla_two_containers_step32kb_32_to_1024,0,819200,26,3,bench2-fn-b,bench2-fn-b,1,239525074,1000000000,239525074,50,1211585823574,1211825348648
vanilla_two_containers_step32kb_32_to_1024,0,819200,27,1,bench2-fn-a,bench2-fn-a,1,68710296,1000000000,68710296,50,1211828185166,1211896895462
vanilla_two_containers_step32kb_32_to_1024,0,819200,28,4,bench2-fn-b,bench2-fn-b,1,74018556,1000000000,74018556,50,1211900603240,1211974621796
vanilla_two_containers_step32kb_32_to_1024,0,819200,29,2,bench2-fn-a,bench2-fn-a,1,73048222,1000000000,73048222,50,1211977352111,1212050400333
vanilla_two_containers_step32kb_32_to_1024,0,819200,30,5,bench2-fn-b,bench2-fn-b,1,66746667,1000000000,66746667,50,1212052815703,1212119562370
vanilla_two_containers_step32kb_32_to_1024,0,819200,31,3,bench2-fn-a,bench2-fn-a,1,64825056,1000000000,64825056,50,1212123143425,1212187968481
vanilla_two_containers_step32kb_32_to_1024,0,819200,32,6,bench2-fn-b,bench2-fn-b,1,67887408,1000000000,67887408,50,1212190499425,1212258386833
vanilla_two_containers_step32kb_32_to_1024,0,819200,33,4,bench2-fn-a,bench2-fn-a,1,64046908,1000000000,64046908,50,1212260875721,1212324922629
vanilla_two_containers_step32kb_32_to_1024,0,819200,34,7,bench2-fn-b,bench2-fn-b,1,299516333,1000000000,299516333,50,1212328075499,1212627591832
vanilla_two_containers_step32kb_32_to_1024,0,819200,35,1,bench2-fn-a,bench2-fn-a,1,64931759,1000000000,64931759,50,1212630311999,1212695243758
vanilla_two_containers_step32kb_32_to_1024,0,819200,36,8,bench2-fn-b,bench2-fn-b,1,62635574,1000000000,62635574,50,1212697852573,1212760488147
vanilla_two_containers_step32kb_32_to_1024,0,819200,37,2,bench2-fn-a,bench2-fn-a,1,62331389,1000000000,62331389,50,1212763077480,1212825408869
vanilla_two_containers_step32kb_32_to_1024,0,819200,38,9,bench2-fn-b,bench2-fn-b,1,61784593,1000000000,61784593,50,1212827784258,1212889568851
vanilla_two_containers_step32kb_32_to_1024,0,819200,39,3,bench2-fn-a,bench2-fn-a,1,63534574,1000000000,63534574,50,1212892083851,1212955618425
vanilla_two_containers_step32kb_32_to_1024,0,819200,40,10,bench2-fn-b,bench2-fn-b,1,63465334,1000000000,63465334,50,1212959218406,1213022683740
vanilla_two_containers_step32kb_32_to_1024,0,819200,41,4,bench2-fn-a,bench2-fn-a,1,237771648,1000000000,237771648,50,1213025661184,1213263432832
vanilla_two_containers_step32kb_32_to_1024,0,819200,42,1,bench2-fn-b,bench2-fn-b,1,62066037,1000000000,62066037,50,1213266232536,1213328298573
vanilla_two_containers_step32kb_32_to_1024,0,819200,43,5,bench2-fn-a,bench2-fn-a,1,61990148,1000000000,61990148,50,1213330697684,1213392687832
vanilla_two_containers_step32kb_32_to_1024,0,819200,44,2,bench2-fn-b,bench2-fn-b,1,60840296,1000000000,60840296,50,1213395730369,1213456570665
vanilla_two_containers_step32kb_32_to_1024,0,819200,45,6,bench2-fn-a,bench2-fn-a,1,60315648,1000000000,60315648,50,1213459491406,1213519807054
vanilla_two_containers_step32kb_32_to_1024,0,819200,46,3,bench2-fn-b,bench2-fn-b,1,60879648,1000000000,60879648,50,1213522593387,1213583473035
vanilla_two_containers_step32kb_32_to_1024,0,819200,47,7,bench2-fn-a,bench2-fn-a,1,247312926,1000000000,247312926,50,1213587299054,1213834611980
vanilla_two_containers_step32kb_32_to_1024,0,819200,48,1,bench2-fn-b,bench2-fn-b,1,63001037,1000000000,63001037,50,1213837319906,1213900320943
vanilla_two_containers_step32kb_32_to_1024,0,819200,49,8,bench2-fn-a,bench2-fn-a,1,60793555,1000000000,60793555,50,1213903077128,1213963870683
vanilla_two_containers_step32kb_32_to_1024,0,819200,50,2,bench2-fn-b,bench2-fn-b,1,62102685,1000000000,62102685,50,1213966926239,1214029028924
vanilla_two_containers_step32kb_32_to_1024,0,851968,1,1,bench2-fn-a,bench2-fn-a,0,72725148,1000000000,72725148,50,1214133546572,1214206271720
vanilla_two_containers_step32kb_32_to_1024,0,851968,2,1,bench2-fn-b,bench2-fn-b,1,67041926,1000000000,67041926,50,1214209101331,1214276143257
vanilla_two_containers_step32kb_32_to_1024,0,851968,3,2,bench2-fn-a,bench2-fn-a,1,69406037,1000000000,69406037,50,1214278459257,1214347865294
vanilla_two_containers_step32kb_32_to_1024,0,851968,4,2,bench2-fn-b,bench2-fn-b,1,68854648,1000000000,68854648,50,1214350937739,1214419792387
vanilla_two_containers_step32kb_32_to_1024,0,851968,5,3,bench2-fn-a,bench2-fn-a,1,315635704,1000000000,315635704,50,1214422333146,1214737968850
vanilla_two_containers_step32kb_32_to_1024,0,851968,6,1,bench2-fn-b,bench2-fn-b,1,66777685,1000000000,66777685,50,1214740634683,1214807412368
vanilla_two_containers_step32kb_32_to_1024,0,851968,7,4,bench2-fn-a,bench2-fn-a,1,259819055,1000000000,259819055,50,1214809884609,1215069703664
vanilla_two_containers_step32kb_32_to_1024,0,851968,8,1,bench2-fn-b,bench2-fn-b,1,67297741,1000000000,67297741,50,1215072445368,1215139743109
vanilla_two_containers_step32kb_32_to_1024,0,851968,9,5,bench2-fn-a,bench2-fn-a,1,68164408,1000000000,68164408,50,1215142542960,1215210707368
vanilla_two_containers_step32kb_32_to_1024,0,851968,10,2,bench2-fn-b,bench2-fn-b,1,67399093,1000000000,67399093,50,1215213467386,1215280866479
vanilla_two_containers_step32kb_32_to_1024,0,851968,11,6,bench2-fn-a,bench2-fn-a,1,74652722,1000000000,74652722,50,1215284822905,1215359475627
vanilla_two_containers_step32kb_32_to_1024,0,851968,12,3,bench2-fn-b,bench2-fn-b,1,68020333,1000000000,68020333,50,1215362404794,1215430425127
vanilla_two_containers_step32kb_32_to_1024,0,851968,13,7,bench2-fn-a,bench2-fn-a,1,244403278,1000000000,244403278,50,1215433187553,1215677590831
vanilla_two_containers_step32kb_32_to_1024,0,851968,14,1,bench2-fn-b,bench2-fn-b,1,68362259,1000000000,68362259,50,1215680073664,1215748435923
vanilla_two_containers_step32kb_32_to_1024,0,851968,15,8,bench2-fn-a,bench2-fn-a,1,252741333,1000000000,252741333,50,1215750868442,1216003609775
vanilla_two_containers_step32kb_32_to_1024,0,851968,16,1,bench2-fn-b,bench2-fn-b,1,67646019,1000000000,67646019,50,1216006191608,1216073837627
vanilla_two_containers_step32kb_32_to_1024,0,851968,17,9,bench2-fn-a,bench2-fn-a,1,67320111,1000000000,67320111,50,1216076219812,1216143539923
vanilla_two_containers_step32kb_32_to_1024,0,851968,18,2,bench2-fn-b,bench2-fn-b,1,67784055,1000000000,67784055,50,1216145861127,1216213645182
vanilla_two_containers_step32kb_32_to_1024,0,851968,19,10,bench2-fn-a,bench2-fn-a,1,66295111,1000000000,66295111,50,1216216354404,1216282649515
vanilla_two_containers_step32kb_32_to_1024,0,851968,20,3,bench2-fn-b,bench2-fn-b,1,69652240,1000000000,69652240,50,1216285793349,1216355445589
vanilla_two_containers_step32kb_32_to_1024,0,851968,21,11,bench2-fn-a,bench2-fn-a,1,66622685,1000000000,66622685,50,1216358013867,1216424636552
vanilla_two_containers_step32kb_32_to_1024,0,851968,22,4,bench2-fn-b,bench2-fn-b,1,66576963,1000000000,66576963,50,1216427059089,1216493636052
vanilla_two_containers_step32kb_32_to_1024,0,851968,23,12,bench2-fn-a,bench2-fn-a,1,67191389,1000000000,67191389,50,1216496268163,1216563459552
vanilla_two_containers_step32kb_32_to_1024,0,851968,24,5,bench2-fn-b,bench2-fn-b,1,66801037,1000000000,66801037,50,1216565762182,1216632563219
vanilla_two_containers_step32kb_32_to_1024,0,851968,25,13,bench2-fn-a,bench2-fn-a,1,243944519,1000000000,243944519,50,1216635524589,1216879469108
vanilla_two_containers_step32kb_32_to_1024,0,851968,26,1,bench2-fn-b,bench2-fn-b,1,75479907,1000000000,75479907,50,1216883948793,1216959428700
vanilla_two_containers_step32kb_32_to_1024,0,851968,27,14,bench2-fn-a,bench2-fn-a,1,71291537,1000000000,71291537,50,1216963992033,1217035283570
vanilla_two_containers_step32kb_32_to_1024,0,851968,28,2,bench2-fn-b,bench2-fn-b,1,69228851,1000000000,69228851,50,1217037848756,1217107077607
vanilla_two_containers_step32kb_32_to_1024,0,851968,29,15,bench2-fn-a,bench2-fn-a,1,245929426,1000000000,245929426,50,1217109759404,1217355688830
vanilla_two_containers_step32kb_32_to_1024,0,851968,30,1,bench2-fn-b,bench2-fn-b,1,66297907,1000000000,66297907,50,1217358574811,1217424872718
vanilla_two_containers_step32kb_32_to_1024,0,851968,31,16,bench2-fn-a,bench2-fn-a,1,69436703,1000000000,69436703,50,1217427483515,1217496920218
vanilla_two_containers_step32kb_32_to_1024,0,851968,32,2,bench2-fn-b,bench2-fn-b,1,70098222,1000000000,70098222,50,1217500292089,1217570390311
vanilla_two_containers_step32kb_32_to_1024,0,851968,33,17,bench2-fn-a,bench2-fn-a,1,67902907,1000000000,67902907,50,1217573317570,1217641220477
vanilla_two_containers_step32kb_32_to_1024,0,851968,34,3,bench2-fn-b,bench2-fn-b,1,250054370,1000000000,250054370,50,1217646956237,1217897010607
vanilla_two_containers_step32kb_32_to_1024,0,851968,35,1,bench2-fn-a,bench2-fn-a,1,66617482,1000000000,66617482,50,1217899589514,1217966206996
vanilla_two_containers_step32kb_32_to_1024,0,851968,36,4,bench2-fn-b,bench2-fn-b,1,245241148,1000000000,245241148,50,1217968830440,1218214071588
vanilla_two_containers_step32kb_32_to_1024,0,851968,37,1,bench2-fn-a,bench2-fn-a,1,66770222,1000000000,66770222,50,1218216864107,1218283634329
vanilla_two_containers_step32kb_32_to_1024,0,851968,38,5,bench2-fn-b,bench2-fn-b,1,66165907,1000000000,66165907,50,1218286283070,1218352448977
vanilla_two_containers_step32kb_32_to_1024,0,851968,39,2,bench2-fn-a,bench2-fn-a,1,242584815,1000000000,242584815,50,1218355528292,1218598113107
vanilla_two_containers_step32kb_32_to_1024,0,851968,40,1,bench2-fn-b,bench2-fn-b,1,245364334,1000000000,245364334,50,1218601326921,1218846691255
vanilla_two_containers_step32kb_32_to_1024,0,851968,41,1,bench2-fn-a,bench2-fn-a,1,73932611,1000000000,73932611,50,1218850390829,1218924323440
vanilla_two_containers_step32kb_32_to_1024,0,851968,42,2,bench2-fn-b,bench2-fn-b,1,67356500,1000000000,67356500,50,1218927468717,1218994825217
vanilla_two_containers_step32kb_32_to_1024,0,851968,43,2,bench2-fn-a,bench2-fn-a,1,68746518,1000000000,68746518,50,1218997774088,1219066520606
vanilla_two_containers_step32kb_32_to_1024,0,851968,44,3,bench2-fn-b,bench2-fn-b,1,74001907,1000000000,74001907,50,1219070579810,1219144581717
vanilla_two_containers_step32kb_32_to_1024,0,851968,45,3,bench2-fn-a,bench2-fn-a,1,67230426,1000000000,67230426,50,1219147670847,1219214901273
vanilla_two_containers_step32kb_32_to_1024,0,851968,46,4,bench2-fn-b,bench2-fn-b,1,70758629,1000000000,70758629,50,1219217589273,1219288347902
vanilla_two_containers_step32kb_32_to_1024,0,851968,47,4,bench2-fn-a,bench2-fn-a,1,67214055,1000000000,67214055,50,1219291819088,1219359033143
vanilla_two_containers_step32kb_32_to_1024,0,851968,48,5,bench2-fn-b,bench2-fn-b,1,65875796,1000000000,65875796,50,1219361830551,1219427706347
vanilla_two_containers_step32kb_32_to_1024,0,851968,49,5,bench2-fn-a,bench2-fn-a,1,66443185,1000000000,66443185,50,1219430475347,1219496918532
vanilla_two_containers_step32kb_32_to_1024,0,851968,50,6,bench2-fn-b,bench2-fn-b,1,239572555,1000000000,239572555,50,1219499389125,1219738961680
vanilla_two_containers_step32kb_32_to_1024,0,884736,1,1,bench2-fn-a,bench2-fn-a,0,71540148,1000000000,71540148,50,1219849600291,1219921140439
vanilla_two_containers_step32kb_32_to_1024,0,884736,2,1,bench2-fn-b,bench2-fn-b,1,69955018,1000000000,69955018,50,1219924048254,1219994003272
vanilla_two_containers_step32kb_32_to_1024,0,884736,3,2,bench2-fn-a,bench2-fn-a,1,70129704,1000000000,70129704,50,1219996800791,1220066930495
vanilla_two_containers_step32kb_32_to_1024,0,884736,4,2,bench2-fn-b,bench2-fn-b,1,240383593,1000000000,240383593,50,1220069732309,1220310115902
vanilla_two_containers_step32kb_32_to_1024,0,884736,5,1,bench2-fn-a,bench2-fn-a,1,68147352,1000000000,68147352,50,1220312986402,1220381133754
vanilla_two_containers_step32kb_32_to_1024,0,884736,6,3,bench2-fn-b,bench2-fn-b,1,70573018,1000000000,70573018,50,1220383851939,1220454424957
vanilla_two_containers_step32kb_32_to_1024,0,884736,7,2,bench2-fn-a,bench2-fn-a,1,69920889,1000000000,69920889,50,1220456870994,1220526791883
vanilla_two_containers_step32kb_32_to_1024,0,884736,8,4,bench2-fn-b,bench2-fn-b,1,251496740,1000000000,251496740,50,1220529488976,1220780985716
vanilla_two_containers_step32kb_32_to_1024,0,884736,9,1,bench2-fn-a,bench2-fn-a,1,71717297,1000000000,71717297,50,1220783362827,1220855080124
vanilla_two_containers_step32kb_32_to_1024,0,884736,10,5,bench2-fn-b,bench2-fn-b,1,70350407,1000000000,70350407,50,1220858532772,1220928883179
vanilla_two_containers_step32kb_32_to_1024,0,884736,11,2,bench2-fn-a,bench2-fn-a,1,73393222,1000000000,73393222,50,1220932274383,1221005667605
vanilla_two_containers_step32kb_32_to_1024,0,884736,12,6,bench2-fn-b,bench2-fn-b,1,249426167,1000000000,249426167,50,1221008344531,1221257770698
vanilla_two_containers_step32kb_32_to_1024,0,884736,13,1,bench2-fn-a,bench2-fn-a,1,69230000,1000000000,69230000,50,1221260605198,1221329835198
vanilla_two_containers_step32kb_32_to_1024,0,884736,14,7,bench2-fn-b,bench2-fn-b,1,68390537,1000000000,68390537,50,1221333036179,1221401426716
vanilla_two_containers_step32kb_32_to_1024,0,884736,15,2,bench2-fn-a,bench2-fn-a,1,69710130,1000000000,69710130,50,1221403841697,1221473551827
vanilla_two_containers_step32kb_32_to_1024,0,884736,16,8,bench2-fn-b,bench2-fn-b,1,71485371,1000000000,71485371,50,1221476370697,1221547856068
vanilla_two_containers_step32kb_32_to_1024,0,884736,17,3,bench2-fn-a,bench2-fn-a,1,69636833,1000000000,69636833,50,1221550704790,1221620341623
vanilla_two_containers_step32kb_32_to_1024,0,884736,18,9,bench2-fn-b,bench2-fn-b,1,253457074,1000000000,253457074,50,1221622997845,1221876454919
vanilla_two_containers_step32kb_32_to_1024,0,884736,19,1,bench2-fn-a,bench2-fn-a,1,84904463,1000000000,84904463,50,1221881038419,1221965942882
vanilla_two_containers_step32kb_32_to_1024,0,884736,20,1,bench2-fn-b,bench2-fn-b,1,69330074,1000000000,69330074,50,1221968395438,1222037725512
vanilla_two_containers_step32kb_32_to_1024,0,884736,21,2,bench2-fn-a,bench2-fn-a,1,72398555,1000000000,72398555,50,1222040369827,1222112768382
vanilla_two_containers_step32kb_32_to_1024,0,884736,22,2,bench2-fn-b,bench2-fn-b,1,243492444,1000000000,243492444,50,1222115948512,1222359440956
vanilla_two_containers_step32kb_32_to_1024,0,884736,23,1,bench2-fn-a,bench2-fn-a,1,72800185,1000000000,72800185,50,1222361932567,1222434732752
vanilla_two_containers_step32kb_32_to_1024,0,884736,24,3,bench2-fn-b,bench2-fn-b,1,68733407,1000000000,68733407,50,1222437422345,1222506155752
vanilla_two_containers_step32kb_32_to_1024,0,884736,25,2,bench2-fn-a,bench2-fn-a,1,71431092,1000000000,71431092,50,1222509158808,1222580589900
vanilla_two_containers_step32kb_32_to_1024,0,884736,26,4,bench2-fn-b,bench2-fn-b,1,73021074,1000000000,73021074,50,1222583793123,1222656814197
vanilla_two_containers_step32kb_32_to_1024,0,884736,27,3,bench2-fn-a,bench2-fn-a,1,72134907,1000000000,72134907,50,1222659349604,1222731484511
vanilla_two_containers_step32kb_32_to_1024,0,884736,28,5,bench2-fn-b,bench2-fn-b,1,70647537,1000000000,70647537,50,1222734384067,1222805031604
vanilla_two_containers_step32kb_32_to_1024,0,884736,29,4,bench2-fn-a,bench2-fn-a,1,69853037,1000000000,69853037,50,1222808573808,1222878426845
vanilla_two_containers_step32kb_32_to_1024,0,884736,30,6,bench2-fn-b,bench2-fn-b,1,71042333,1000000000,71042333,50,1222882188289,1222953230622
vanilla_two_containers_step32kb_32_to_1024,0,884736,31,5,bench2-fn-a,bench2-fn-a,1,240274537,1000000000,240274537,50,1222955755252,1223196029789
vanilla_two_containers_step32kb_32_to_1024,0,884736,32,1,bench2-fn-b,bench2-fn-b,1,69624093,1000000000,69624093,50,1223198646659,1223268270752
vanilla_two_containers_step32kb_32_to_1024,0,884736,33,6,bench2-fn-a,bench2-fn-a,1,70358148,1000000000,70358148,50,1223270693196,1223341051344
vanilla_two_containers_step32kb_32_to_1024,0,884736,34,2,bench2-fn-b,bench2-fn-b,1,68245185,1000000000,68245185,50,1223343543974,1223411789159
vanilla_two_containers_step32kb_32_to_1024,0,884736,35,7,bench2-fn-a,bench2-fn-a,1,71484370,1000000000,71484370,50,1223416566678,1223488051048
vanilla_two_containers_step32kb_32_to_1024,0,884736,36,3,bench2-fn-b,bench2-fn-b,1,244344519,1000000000,244344519,50,1223491617881,1223735962400
vanilla_two_containers_step32kb_32_to_1024,0,884736,37,1,bench2-fn-a,bench2-fn-a,1,69004426,1000000000,69004426,50,1223739891103,1223808895529
vanilla_two_containers_step32kb_32_to_1024,0,884736,38,4,bench2-fn-b,bench2-fn-b,1,250618037,1000000000,250618037,50,1223812169381,1224062787418
vanilla_two_containers_step32kb_32_to_1024,0,884736,39,1,bench2-fn-a,bench2-fn-a,1,68224500,1000000000,68224500,50,1224065452622,1224133677122
vanilla_two_containers_step32kb_32_to_1024,0,884736,40,5,bench2-fn-b,bench2-fn-b,1,67567797,1000000000,67567797,50,1224136040214,1224203608011
vanilla_two_containers_step32kb_32_to_1024,0,884736,41,2,bench2-fn-a,bench2-fn-a,1,67896648,1000000000,67896648,50,1224206270122,1224274166770
vanilla_two_containers_step32kb_32_to_1024,0,884736,42,6,bench2-fn-b,bench2-fn-b,1,303566704,1000000000,303566704,50,1224276676603,1224580243307
vanilla_two_containers_step32kb_32_to_1024,0,884736,43,1,bench2-fn-a,bench2-fn-a,1,67952260,1000000000,67952260,50,1224584050584,1224652002844
vanilla_two_containers_step32kb_32_to_1024,0,884736,44,7,bench2-fn-b,bench2-fn-b,1,252820722,1000000000,252820722,50,1224654976159,1224907796881
vanilla_two_containers_step32kb_32_to_1024,0,884736,45,1,bench2-fn-a,bench2-fn-a,1,255149296,1000000000,255149296,50,1224910788936,1225165938232
vanilla_two_containers_step32kb_32_to_1024,0,884736,46,1,bench2-fn-b,bench2-fn-b,1,67705611,1000000000,67705611,50,1225168492251,1225236197862
vanilla_two_containers_step32kb_32_to_1024,0,884736,47,2,bench2-fn-a,bench2-fn-a,1,69346186,1000000000,69346186,50,1225238778991,1225308125177
vanilla_two_containers_step32kb_32_to_1024,0,884736,48,2,bench2-fn-b,bench2-fn-b,1,253510555,1000000000,253510555,50,1225311182714,1225564693269
vanilla_two_containers_step32kb_32_to_1024,0,884736,49,1,bench2-fn-a,bench2-fn-a,1,67075389,1000000000,67075389,50,1225567568973,1225634644362
vanilla_two_containers_step32kb_32_to_1024,0,884736,50,3,bench2-fn-b,bench2-fn-b,1,248270666,1000000000,248270666,50,1225637424195,1225885694861
vanilla_two_containers_step32kb_32_to_1024,0,917504,1,1,bench2-fn-a,bench2-fn-a,0,76019888,1000000000,76019888,50,1225999086547,1226075106435
vanilla_two_containers_step32kb_32_to_1024,0,917504,2,1,bench2-fn-b,bench2-fn-b,1,71279944,1000000000,71279944,50,1226078614417,1226149894361
vanilla_two_containers_step32kb_32_to_1024,0,917504,3,2,bench2-fn-a,bench2-fn-a,1,73018092,1000000000,73018092,50,1226152614454,1226225632546
vanilla_two_containers_step32kb_32_to_1024,0,917504,4,2,bench2-fn-b,bench2-fn-b,1,77278333,1000000000,77278333,50,1226228654028,1226305932361
vanilla_two_containers_step32kb_32_to_1024,0,917504,5,3,bench2-fn-a,bench2-fn-a,1,248605648,1000000000,248605648,50,1226308991417,1226557597065
vanilla_two_containers_step32kb_32_to_1024,0,917504,6,1,bench2-fn-b,bench2-fn-b,1,71852204,1000000000,71852204,50,1226560589250,1226632441454
vanilla_two_containers_step32kb_32_to_1024,0,917504,7,4,bench2-fn-a,bench2-fn-a,1,74102630,1000000000,74102630,50,1226635642657,1226709745287
vanilla_two_containers_step32kb_32_to_1024,0,917504,8,2,bench2-fn-b,bench2-fn-b,1,73701815,1000000000,73701815,50,1226714123305,1226787825120
vanilla_two_containers_step32kb_32_to_1024,0,917504,9,5,bench2-fn-a,bench2-fn-a,1,76898185,1000000000,76898185,50,1226790391435,1226867289620
vanilla_two_containers_step32kb_32_to_1024,0,917504,10,1,bench2-fn-b,bench2-fn-b,1,80748371,1000000000,80748371,50,1226870974879,1226951723250
vanilla_two_containers_step32kb_32_to_1024,0,917504,11,1,bench2-fn-a,bench2-fn-a,1,73595296,1000000000,73595296,50,1226955464120,1227029059416
vanilla_two_containers_step32kb_32_to_1024,0,917504,12,2,bench2-fn-b,bench2-fn-b,1,243589314,1000000000,243589314,50,1227031516250,1227275105564
vanilla_two_containers_step32kb_32_to_1024,0,917504,13,1,bench2-fn-a,bench2-fn-a,1,71390111,1000000000,71390111,50,1227278899824,1227350289935
vanilla_two_containers_step32kb_32_to_1024,0,917504,14,3,bench2-fn-b,bench2-fn-b,1,71702093,1000000000,71702093,50,1227353331879,1227425033972
vanilla_two_containers_step32kb_32_to_1024,0,917504,15,2,bench2-fn-a,bench2-fn-a,1,654842500,1000000000,654842500,50,1227427981286,1228082823786
vanilla_two_containers_step32kb_32_to_1024,0,917504,16,1,bench2-fn-b,bench2-fn-b,1,70525259,1000000000,70525259,50,1228086090601,1228156615860
vanilla_two_containers_step32kb_32_to_1024,0,917504,17,3,bench2-fn-a,bench2-fn-a,1,69340204,1000000000,69340204,50,1228159561397,1228228901601
vanilla_two_containers_step32kb_32_to_1024,0,917504,18,2,bench2-fn-b,bench2-fn-b,1,69251648,1000000000,69251648,50,1228231941305,1228301192953
vanilla_two_containers_step32kb_32_to_1024,0,917504,19,4,bench2-fn-a,bench2-fn-a,1,69204296,1000000000,69204296,50,1228303843916,1228373048212
vanilla_two_containers_step32kb_32_to_1024,0,917504,20,3,bench2-fn-b,bench2-fn-b,1,74084204,1000000000,74084204,50,1228375831193,1228449915397
vanilla_two_containers_step32kb_32_to_1024,0,917504,21,5,bench2-fn-a,bench2-fn-a,1,243161370,1000000000,243161370,50,1228452959860,1228696121230
vanilla_two_containers_step32kb_32_to_1024,0,917504,22,1,bench2-fn-b,bench2-fn-b,1,73436704,1000000000,73436704,50,1228698689915,1228772126619
vanilla_two_containers_step32kb_32_to_1024,0,917504,23,6,bench2-fn-a,bench2-fn-a,1,73599481,1000000000,73599481,50,1228774616249,1228848215730
vanilla_two_containers_step32kb_32_to_1024,0,917504,24,2,bench2-fn-b,bench2-fn-b,1,73949629,1000000000,73949629,50,1228850802360,1228924751989
vanilla_two_containers_step32kb_32_to_1024,0,917504,25,7,bench2-fn-a,bench2-fn-a,1,69634574,1000000000,69634574,50,1228927641156,1228997275730
vanilla_two_containers_step32kb_32_to_1024,0,917504,26,3,bench2-fn-b,bench2-fn-b,1,70082722,1000000000,70082722,50,1229000341489,1229070424211
vanilla_two_containers_step32kb_32_to_1024,0,917504,27,8,bench2-fn-a,bench2-fn-a,1,70227055,1000000000,70227055,50,1229072897582,1229143124637
vanilla_two_containers_step32kb_32_to_1024,0,917504,28,4,bench2-fn-b,bench2-fn-b,1,71473222,1000000000,71473222,50,1229146233156,1229217706378
vanilla_two_containers_step32kb_32_to_1024,0,917504,29,9,bench2-fn-a,bench2-fn-a,1,69234555,1000000000,69234555,50,1229221359508,1229290594063
vanilla_two_containers_step32kb_32_to_1024,0,917504,30,5,bench2-fn-b,bench2-fn-b,1,308652185,1000000000,308652185,50,1229294720563,1229603372748
vanilla_two_containers_step32kb_32_to_1024,0,917504,31,1,bench2-fn-a,bench2-fn-a,1,71793018,1000000000,71793018,50,1229606093804,1229677886822
vanilla_two_containers_step32kb_32_to_1024,0,917504,32,6,bench2-fn-b,bench2-fn-b,1,72174018,1000000000,72174018,50,1229680666563,1229752840581
vanilla_two_containers_step32kb_32_to_1024,0,917504,33,2,bench2-fn-a,bench2-fn-a,1,69701703,1000000000,69701703,50,1229756273952,1229825975655
vanilla_two_containers_step32kb_32_to_1024,0,917504,34,7,bench2-fn-b,bench2-fn-b,1,252428741,1000000000,252428741,50,1229829000507,1230081429248
vanilla_two_containers_step32kb_32_to_1024,0,917504,35,1,bench2-fn-a,bench2-fn-a,1,69689759,1000000000,69689759,50,1230084154748,1230153844507
vanilla_two_containers_step32kb_32_to_1024,0,917504,36,8,bench2-fn-b,bench2-fn-b,1,71424926,1000000000,71424926,50,1230156655396,1230228080322
vanilla_two_containers_step32kb_32_to_1024,0,917504,37,2,bench2-fn-a,bench2-fn-a,1,70901685,1000000000,70901685,50,1230230525989,1230301427674
vanilla_two_containers_step32kb_32_to_1024,0,917504,38,9,bench2-fn-b,bench2-fn-b,1,69339296,1000000000,69339296,50,1230303764822,1230373104118
vanilla_two_containers_step32kb_32_to_1024,0,917504,39,3,bench2-fn-a,bench2-fn-a,1,76456277,1000000000,76456277,50,1230375623785,1230452080062
vanilla_two_containers_step32kb_32_to_1024,0,917504,40,10,bench2-fn-b,bench2-fn-b,1,72167222,1000000000,72167222,50,1230454895729,1230527062951
vanilla_two_containers_step32kb_32_to_1024,0,917504,41,4,bench2-fn-a,bench2-fn-a,1,71429815,1000000000,71429815,50,1230529701155,1230601130970
vanilla_two_containers_step32kb_32_to_1024,0,917504,42,11,bench2-fn-b,bench2-fn-b,1,71000778,1000000000,71000778,50,1230604096766,1230675097544
vanilla_two_containers_step32kb_32_to_1024,0,917504,43,5,bench2-fn-a,bench2-fn-a,1,70303463,1000000000,70303463,50,1230677706618,1230748010081
vanilla_two_containers_step32kb_32_to_1024,0,917504,44,12,bench2-fn-b,bench2-fn-b,1,70192537,1000000000,70192537,50,1230750570655,1230820763192
vanilla_two_containers_step32kb_32_to_1024,0,917504,45,6,bench2-fn-a,bench2-fn-a,1,71528889,1000000000,71528889,50,1230823826099,1230895354988
vanilla_two_containers_step32kb_32_to_1024,0,917504,46,13,bench2-fn-b,bench2-fn-b,1,246411111,1000000000,246411111,50,1230898286321,1231144697432
vanilla_two_containers_step32kb_32_to_1024,0,917504,47,1,bench2-fn-a,bench2-fn-a,1,69855593,1000000000,69855593,50,1231147286599,1231217142192
vanilla_two_containers_step32kb_32_to_1024,0,917504,48,14,bench2-fn-b,bench2-fn-b,1,69332759,1000000000,69332759,50,1231219961562,1231289294321
vanilla_two_containers_step32kb_32_to_1024,0,917504,49,2,bench2-fn-a,bench2-fn-a,1,71098981,1000000000,71098981,50,1231292019340,1231363118321
vanilla_two_containers_step32kb_32_to_1024,0,917504,50,15,bench2-fn-b,bench2-fn-b,1,70294907,1000000000,70294907,50,1231365680803,1231435975710
vanilla_two_containers_step32kb_32_to_1024,0,950272,1,1,bench2-fn-a,bench2-fn-a,0,78471870,1000000000,78471870,50,1231540635321,1231619107191
vanilla_two_containers_step32kb_32_to_1024,0,950272,2,1,bench2-fn-b,bench2-fn-b,1,75127352,1000000000,75127352,50,1231621700784,1231696828136
vanilla_two_containers_step32kb_32_to_1024,0,950272,3,2,bench2-fn-a,bench2-fn-a,1,319669704,1000000000,319669704,50,1231699325580,1232018995284
vanilla_two_containers_step32kb_32_to_1024,0,950272,4,1,bench2-fn-b,bench2-fn-b,1,73948777,1000000000,73948777,50,1232021782710,1232095731487
vanilla_two_containers_step32kb_32_to_1024,0,950272,5,3,bench2-fn-a,bench2-fn-a,1,252424982,1000000000,252424982,50,1232098587987,1232351012969
vanilla_two_containers_step32kb_32_to_1024,0,950272,6,1,bench2-fn-b,bench2-fn-b,1,74091944,1000000000,74091944,50,1232353593821,1232427685765
vanilla_two_containers_step32kb_32_to_1024,0,950272,7,4,bench2-fn-a,bench2-fn-a,1,75433370,1000000000,75433370,50,1232430559154,1232505992524
vanilla_two_containers_step32kb_32_to_1024,0,950272,8,2,bench2-fn-b,bench2-fn-b,1,75981000,1000000000,75981000,50,1232509093895,1232585074895
vanilla_two_containers_step32kb_32_to_1024,0,950272,9,5,bench2-fn-a,bench2-fn-a,1,309312685,1000000000,309312685,50,1232588034746,1232897347431
vanilla_two_containers_step32kb_32_to_1024,0,950272,10,1,bench2-fn-b,bench2-fn-b,1,74953500,1000000000,74953500,50,1232900528061,1232975481561
vanilla_two_containers_step32kb_32_to_1024,0,950272,11,6,bench2-fn-a,bench2-fn-a,1,74568241,1000000000,74568241,50,1232978092672,1233052660913
vanilla_two_containers_step32kb_32_to_1024,0,950272,12,2,bench2-fn-b,bench2-fn-b,1,312768018,1000000000,312768018,50,1233055404191,1233368172209
vanilla_two_containers_step32kb_32_to_1024,0,950272,13,1,bench2-fn-a,bench2-fn-a,1,75140963,1000000000,75140963,50,1233371491857,1233446632820
vanilla_two_containers_step32kb_32_to_1024,0,950272,14,3,bench2-fn-b,bench2-fn-b,1,77486685,1000000000,77486685,50,1233449458505,1233526945190
vanilla_two_containers_step32kb_32_to_1024,0,950272,15,2,bench2-fn-a,bench2-fn-a,1,77752611,1000000000,77752611,50,1233529610635,1233607363246
vanilla_two_containers_step32kb_32_to_1024,0,950272,16,4,bench2-fn-b,bench2-fn-b,1,75897667,1000000000,75897667,50,1233610172764,1233686070431
vanilla_two_containers_step32kb_32_to_1024,0,950272,17,3,bench2-fn-a,bench2-fn-a,1,75024815,1000000000,75024815,50,1233688788579,1233763813394
vanilla_two_containers_step32kb_32_to_1024,0,950272,18,1,bench2-fn-b,bench2-fn-b,1,249565741,1000000000,249565741,50,1233766449690,1234016015431
vanilla_two_containers_step32kb_32_to_1024,0,950272,19,1,bench2-fn-a,bench2-fn-a,1,73971537,1000000000,73971537,50,1234018585357,1234092556894
vanilla_two_containers_step32kb_32_to_1024,0,950272,20,2,bench2-fn-b,bench2-fn-b,1,82161907,1000000000,82161907,50,1234095679801,1234177841708
vanilla_two_containers_step32kb_32_to_1024,0,950272,21,2,bench2-fn-a,bench2-fn-a,1,73588111,1000000000,73588111,50,1234180647301,1234254235412
vanilla_two_containers_step32kb_32_to_1024,0,950272,22,3,bench2-fn-b,bench2-fn-b,1,252553074,1000000000,252553074,50,1234256980171,1234509533245
vanilla_two_containers_step32kb_32_to_1024,0,950272,23,1,bench2-fn-a,bench2-fn-a,1,75533407,1000000000,75533407,50,1234512904375,1234588437782
vanilla_two_containers_step32kb_32_to_1024,0,950272,24,4,bench2-fn-b,bench2-fn-b,1,74933334,1000000000,74933334,50,1234591447319,1234666380653
vanilla_two_containers_step32kb_32_to_1024,0,950272,25,2,bench2-fn-a,bench2-fn-a,1,667244148,1000000000,667244148,50,1234668863375,1235336107523
vanilla_two_containers_step32kb_32_to_1024,0,950272,26,1,bench2-fn-b,bench2-fn-b,1,75671037,1000000000,75671037,50,1235339043597,1235414714634
vanilla_two_containers_step32kb_32_to_1024,0,950272,27,3,bench2-fn-a,bench2-fn-a,1,74597777,1000000000,74597777,50,1235417278171,1235491875948
vanilla_two_containers_step32kb_32_to_1024,0,950272,28,2,bench2-fn-b,bench2-fn-b,1,74753055,1000000000,74753055,50,1235495135967,1235569889022
vanilla_two_containers_step32kb_32_to_1024,0,950272,29,4,bench2-fn-a,bench2-fn-a,1,74877000,1000000000,74877000,50,1235573391911,1235648268911
vanilla_two_containers_step32kb_32_to_1024,0,950272,30,3,bench2-fn-b,bench2-fn-b,1,73421019,1000000000,73421019,50,1235651176485,1235724597504
vanilla_two_containers_step32kb_32_to_1024,0,950272,31,5,bench2-fn-a,bench2-fn-a,1,75691611,1000000000,75691611,50,1235728030615,1235803722226
vanilla_two_containers_step32kb_32_to_1024,0,950272,32,4,bench2-fn-b,bench2-fn-b,1,246178370,1000000000,246178370,50,1235806546004,1236052724374
vanilla_two_containers_step32kb_32_to_1024,0,950272,33,1,bench2-fn-a,bench2-fn-a,1,79004500,1000000000,79004500,50,1236055846022,1236134850522
vanilla_two_containers_step32kb_32_to_1024,0,950272,34,5,bench2-fn-b,bench2-fn-b,1,258675037,1000000000,258675037,50,1236137388226,1236396063263
vanilla_two_containers_step32kb_32_to_1024,0,950272,35,1,bench2-fn-a,bench2-fn-a,1,74700389,1000000000,74700389,50,1236398848503,1236473548892
vanilla_two_containers_step32kb_32_to_1024,0,950272,36,6,bench2-fn-b,bench2-fn-b,1,73879092,1000000000,73879092,50,1236475993911,1236549873003
vanilla_two_containers_step32kb_32_to_1024,0,950272,37,2,bench2-fn-a,bench2-fn-a,1,79408222,1000000000,79408222,50,1236552281170,1236631689392
vanilla_two_containers_step32kb_32_to_1024,0,950272,38,7,bench2-fn-b,bench2-fn-b,1,74827241,1000000000,74827241,50,1236634963855,1236709791096
vanilla_two_containers_step32kb_32_to_1024,0,950272,39,3,bench2-fn-a,bench2-fn-a,1,75969908,1000000000,75969908,50,1236712569688,1236788539596
vanilla_two_containers_step32kb_32_to_1024,0,950272,40,8,bench2-fn-b,bench2-fn-b,1,79681630,1000000000,79681630,50,1236792251466,1236871933096
vanilla_two_containers_step32kb_32_to_1024,0,950272,41,4,bench2-fn-a,bench2-fn-a,1,248363815,1000000000,248363815,50,1236875479577,1237123843392
vanilla_two_containers_step32kb_32_to_1024,0,950272,42,1,bench2-fn-b,bench2-fn-b,1,75493629,1000000000,75493629,50,1237126847781,1237202341410
vanilla_two_containers_step32kb_32_to_1024,0,950272,43,5,bench2-fn-a,bench2-fn-a,1,75678982,1000000000,75678982,50,1237205427984,1237281106966
vanilla_two_containers_step32kb_32_to_1024,0,950272,44,2,bench2-fn-b,bench2-fn-b,1,74679759,1000000000,74679759,50,1237285495318,1237360175077
vanilla_two_containers_step32kb_32_to_1024,0,950272,45,6,bench2-fn-a,bench2-fn-a,1,263621555,1000000000,263621555,50,1237362940299,1237626561854
vanilla_two_containers_step32kb_32_to_1024,0,950272,46,1,bench2-fn-b,bench2-fn-b,1,101060241,1000000000,101060241,50,1237629083558,1237730143799
vanilla_two_containers_step32kb_32_to_1024,0,950272,47,1,bench2-fn-a,bench2-fn-a,1,257111296,1000000000,257111296,50,1237732805558,1237989916854
vanilla_two_containers_step32kb_32_to_1024,0,950272,48,1,bench2-fn-b,bench2-fn-b,1,75356481,1000000000,75356481,50,1237992633762,1238067990243
vanilla_two_containers_step32kb_32_to_1024,0,950272,49,2,bench2-fn-a,bench2-fn-a,1,74258130,1000000000,74258130,50,1238070615576,1238144873706
vanilla_two_containers_step32kb_32_to_1024,0,950272,50,2,bench2-fn-b,bench2-fn-b,1,76835314,1000000000,76835314,50,1238147524225,1238224359539
vanilla_two_containers_step32kb_32_to_1024,0,983040,1,1,bench2-fn-a,bench2-fn-a,0,84956333,1000000000,84956333,50,1238327512891,1238412469224
vanilla_two_containers_step32kb_32_to_1024,0,983040,2,1,bench2-fn-b,bench2-fn-b,1,76427574,1000000000,76427574,50,1238415285984,1238491713558
vanilla_two_containers_step32kb_32_to_1024,0,983040,3,2,bench2-fn-a,bench2-fn-a,1,76664574,1000000000,76664574,50,1238494562021,1238571226595
vanilla_two_containers_step32kb_32_to_1024,0,983040,4,2,bench2-fn-b,bench2-fn-b,1,81285648,1000000000,81285648,50,1238574911521,1238656197169
vanilla_two_containers_step32kb_32_to_1024,0,983040,5,3,bench2-fn-a,bench2-fn-a,1,77505148,1000000000,77505148,50,1238658658280,1238736163428
vanilla_two_containers_step32kb_32_to_1024,0,983040,6,3,bench2-fn-b,bench2-fn-b,1,255188685,1000000000,255188685,50,1238738875002,1238994063687
vanilla_two_containers_step32kb_32_to_1024,0,983040,7,1,bench2-fn-a,bench2-fn-a,1,78012574,1000000000,78012574,50,1238997115539,1239075128113
vanilla_two_containers_step32kb_32_to_1024,0,983040,8,4,bench2-fn-b,bench2-fn-b,1,79653351,1000000000,79653351,50,1239077687317,1239157340668
vanilla_two_containers_step32kb_32_to_1024,0,983040,9,2,bench2-fn-a,bench2-fn-a,1,81818056,1000000000,81818056,50,1239160368835,1239242186891
vanilla_two_containers_step32kb_32_to_1024,0,983040,10,5,bench2-fn-b,bench2-fn-b,1,322309963,1000000000,322309963,50,1239244684150,1239566994113
vanilla_two_containers_step32kb_32_to_1024,0,983040,11,1,bench2-fn-a,bench2-fn-a,1,79164482,1000000000,79164482,50,1239571059001,1239650223483
vanilla_two_containers_step32kb_32_to_1024,0,983040,12,6,bench2-fn-b,bench2-fn-b,1,252593963,1000000000,252593963,50,1239653609927,1239906203890
vanilla_two_containers_step32kb_32_to_1024,0,983040,13,1,bench2-fn-a,bench2-fn-a,1,77546370,1000000000,77546370,50,1239909159261,1239986705631
vanilla_two_containers_step32kb_32_to_1024,0,983040,14,7,bench2-fn-b,bench2-fn-b,1,76833167,1000000000,76833167,50,1239989670242,1240066503409
vanilla_two_containers_step32kb_32_to_1024,0,983040,15,2,bench2-fn-a,bench2-fn-a,1,837651333,1000000000,837651333,50,1240069316001,1240906967334
vanilla_two_containers_step32kb_32_to_1024,0,983040,16,1,bench2-fn-b,bench2-fn-b,1,299831444,1000000000,299831444,50,1240909562760,1241209394204
vanilla_two_containers_step32kb_32_to_1024,0,983040,17,1,bench2-fn-a,bench2-fn-a,1,77387852,1000000000,77387852,50,1241212059815,1241289447667
vanilla_two_containers_step32kb_32_to_1024,0,983040,18,1,bench2-fn-b,bench2-fn-b,1,81270000,1000000000,81270000,50,1241292092149,1241373362149
vanilla_two_containers_step32kb_32_to_1024,0,983040,19,2,bench2-fn-a,bench2-fn-a,1,79050778,1000000000,79050778,50,1241376036704,1241455087482
vanilla_two_containers_step32kb_32_to_1024,0,983040,20,2,bench2-fn-b,bench2-fn-b,1,79290907,1000000000,79290907,50,1241458169723,1241537460630
vanilla_two_containers_step32kb_32_to_1024,0,983040,21,3,bench2-fn-a,bench2-fn-a,1,80584463,1000000000,80584463,50,1241539997278,1241620581741
vanilla_two_containers_step32kb_32_to_1024,0,983040,22,3,bench2-fn-b,bench2-fn-b,1,77794629,1000000000,77794629,50,1241623134519,1241700929148
vanilla_two_containers_step32kb_32_to_1024,0,983040,23,4,bench2-fn-a,bench2-fn-a,1,76905074,1000000000,76905074,50,1241704893019,1241781798093
vanilla_two_containers_step32kb_32_to_1024,0,983040,24,4,bench2-fn-b,bench2-fn-b,1,78133333,1000000000,78133333,50,1241785823741,1241863957074
vanilla_two_containers_step32kb_32_to_1024,0,983040,25,1,bench2-fn-a,bench2-fn-a,1,88956018,1000000000,88956018,50,1241867556278,1241956512296
vanilla_two_containers_step32kb_32_to_1024,0,983040,26,1,bench2-fn-b,bench2-fn-b,1,250651907,1000000000,250651907,50,1241961804963,1242212456870
vanilla_two_containers_step32kb_32_to_1024,0,983040,27,1,bench2-fn-a,bench2-fn-a,1,78415685,1000000000,78415685,50,1242215466111,1242293881796
vanilla_two_containers_step32kb_32_to_1024,0,983040,28,2,bench2-fn-b,bench2-fn-b,1,76161519,1000000000,76161519,50,1242296633259,1242372794778
vanilla_two_containers_step32kb_32_to_1024,0,983040,29,2,bench2-fn-a,bench2-fn-a,1,253283666,1000000000,253283666,50,1242375552889,1242628836555
vanilla_two_containers_step32kb_32_to_1024,0,983040,30,1,bench2-fn-b,bench2-fn-b,1,79269426,1000000000,79269426,50,1242631675870,1242710945296
vanilla_two_containers_step32kb_32_to_1024,0,983040,31,3,bench2-fn-a,bench2-fn-a,1,79325852,1000000000,79325852,50,1242713713444,1242793039296
vanilla_two_containers_step32kb_32_to_1024,0,983040,32,1,bench2-fn-b,bench2-fn-b,1,656289833,1000000000,656289833,50,1242795615981,1243451905814
vanilla_two_containers_step32kb_32_to_1024,0,983040,33,1,bench2-fn-a,bench2-fn-a,1,77379241,1000000000,77379241,50,1243454326851,1243531706092
vanilla_two_containers_step32kb_32_to_1024,0,983040,34,2,bench2-fn-b,bench2-fn-b,1,77702056,1000000000,77702056,50,1243534143425,1243611845481
vanilla_two_containers_step32kb_32_to_1024,0,983040,35,2,bench2-fn-a,bench2-fn-a,1,77352612,1000000000,77352612,50,1243614231943,1243691584555
vanilla_two_containers_step32kb_32_to_1024,0,983040,36,3,bench2-fn-b,bench2-fn-b,1,77333389,1000000000,77333389,50,1243694411721,1243771745110
vanilla_two_containers_step32kb_32_to_1024,0,983040,37,3,bench2-fn-a,bench2-fn-a,1,80067704,1000000000,80067704,50,1243774211758,1243854279462
vanilla_two_containers_step32kb_32_to_1024,0,983040,38,4,bench2-fn-b,bench2-fn-b,1,247155630,1000000000,247155630,50,1243856812906,1244103968536
vanilla_two_containers_step32kb_32_to_1024,0,983040,39,1,bench2-fn-a,bench2-fn-a,1,76622333,1000000000,76622333,50,1244106313573,1244182935906
vanilla_two_containers_step32kb_32_to_1024,0,983040,40,5,bench2-fn-b,bench2-fn-b,1,77621982,1000000000,77621982,50,1244187825517,1244265447499
vanilla_two_containers_step32kb_32_to_1024,0,983040,41,2,bench2-fn-a,bench2-fn-a,1,258340277,1000000000,258340277,50,1244267861647,1244526201924
vanilla_two_containers_step32kb_32_to_1024,0,983040,42,1,bench2-fn-b,bench2-fn-b,1,77439278,1000000000,77439278,50,1244529003906,1244606443184
vanilla_two_containers_step32kb_32_to_1024,0,983040,43,3,bench2-fn-a,bench2-fn-a,1,246232814,1000000000,246232814,50,1244609899332,1244856132146
vanilla_two_containers_step32kb_32_to_1024,0,983040,44,1,bench2-fn-b,bench2-fn-b,1,76845722,1000000000,76845722,50,1244859416350,1244936262072
vanilla_two_containers_step32kb_32_to_1024,0,983040,45,4,bench2-fn-a,bench2-fn-a,1,82330500,1000000000,82330500,50,1244939003980,1245021334480
vanilla_two_containers_step32kb_32_to_1024,0,983040,46,2,bench2-fn-b,bench2-fn-b,1,77615722,1000000000,77615722,50,1245024041461,1245101657183
vanilla_two_containers_step32kb_32_to_1024,0,983040,47,5,bench2-fn-a,bench2-fn-a,1,77436777,1000000000,77436777,50,1245104820591,1245182257368
vanilla_two_containers_step32kb_32_to_1024,0,983040,48,3,bench2-fn-b,bench2-fn-b,1,78747277,1000000000,78747277,50,1245184645906,1245263393183
vanilla_two_containers_step32kb_32_to_1024,0,983040,49,6,bench2-fn-a,bench2-fn-a,1,80516018,1000000000,80516018,50,1245266350554,1245346866572
vanilla_two_containers_step32kb_32_to_1024,0,983040,50,4,bench2-fn-b,bench2-fn-b,1,77292445,1000000000,77292445,50,1245349398294,1245426690739
vanilla_two_containers_step32kb_32_to_1024,0,1015808,1,1,bench2-fn-a,bench2-fn-a,0,83916889,1000000000,83916889,50,1245535074924,1245618991813
vanilla_two_containers_step32kb_32_to_1024,0,1015808,2,1,bench2-fn-b,bench2-fn-b,1,253518703,1000000000,253518703,50,1245621689072,1245875207775
vanilla_two_containers_step32kb_32_to_1024,0,1015808,3,1,bench2-fn-a,bench2-fn-a,1,247819352,1000000000,247819352,50,1245878012794,1246125832146
vanilla_two_containers_step32kb_32_to_1024,0,1015808,4,1,bench2-fn-b,bench2-fn-b,1,78906777,1000000000,78906777,50,1246128339183,1246207245960
vanilla_two_containers_step32kb_32_to_1024,0,1015808,5,2,bench2-fn-a,bench2-fn-a,1,252267926,1000000000,252267926,50,1246209747127,1246462015053
vanilla_two_containers_step32kb_32_to_1024,0,1015808,6,1,bench2-fn-b,bench2-fn-b,1,80834130,1000000000,80834130,50,1246464496312,1246545330442
vanilla_two_containers_step32kb_32_to_1024,0,1015808,7,3,bench2-fn-a,bench2-fn-a,1,257820796,1000000000,257820796,50,1246547965738,1246805786534
vanilla_two_containers_step32kb_32_to_1024,0,1015808,8,1,bench2-fn-b,bench2-fn-b,1,83239537,1000000000,83239537,50,1246808315164,1246891554701
vanilla_two_containers_step32kb_32_to_1024,0,1015808,9,1,bench2-fn-a,bench2-fn-a,1,87313796,1000000000,87313796,50,1246894710349,1246982024145
vanilla_two_containers_step32kb_32_to_1024,0,1015808,10,1,bench2-fn-b,bench2-fn-b,1,79186074,1000000000,79186074,50,1246984984090,1247064170164
vanilla_two_containers_step32kb_32_to_1024,0,1015808,11,2,bench2-fn-a,bench2-fn-a,1,257146314,1000000000,257146314,50,1247067152201,1247324298515
vanilla_two_containers_step32kb_32_to_1024,0,1015808,12,1,bench2-fn-b,bench2-fn-b,1,79350556,1000000000,79350556,50,1247328111941,1247407462497
vanilla_two_containers_step32kb_32_to_1024,0,1015808,13,1,bench2-fn-a,bench2-fn-a,1,258974296,1000000000,258974296,50,1247409928219,1247668902515
vanilla_two_containers_step32kb_32_to_1024,0,1015808,14,1,bench2-fn-b,bench2-fn-b,1,78962648,1000000000,78962648,50,1247671692015,1247750654663
vanilla_two_containers_step32kb_32_to_1024,0,1015808,15,2,bench2-fn-a,bench2-fn-a,1,78181611,1000000000,78181611,50,1247753043534,1247831225145
vanilla_two_containers_step32kb_32_to_1024,0,1015808,16,2,bench2-fn-b,bench2-fn-b,1,77927889,1000000000,77927889,50,1247834276552,1247912204441
vanilla_two_containers_step32kb_32_to_1024,0,1015808,17,3,bench2-fn-a,bench2-fn-a,1,79086426,1000000000,79086426,50,1247914818663,1247993905089
vanilla_two_containers_step32kb_32_to_1024,0,1015808,18,3,bench2-fn-b,bench2-fn-b,1,80791000,1000000000,80791000,50,1247996728385,1248077519385
vanilla_two_containers_step32kb_32_to_1024,0,1015808,19,4,bench2-fn-a,bench2-fn-a,1,78505796,1000000000,78505796,50,1248080320830,1248158826626
vanilla_two_containers_step32kb_32_to_1024,0,1015808,20,4,bench2-fn-b,bench2-fn-b,1,255943685,1000000000,255943685,50,1248161510200,1248417453885
vanilla_two_containers_step32kb_32_to_1024,0,1015808,21,1,bench2-fn-a,bench2-fn-a,1,80696722,1000000000,80696722,50,1248420069922,1248500766644
vanilla_two_containers_step32kb_32_to_1024,0,1015808,22,5,bench2-fn-b,bench2-fn-b,1,80842536,1000000000,80842536,50,1248503273367,1248584115903
vanilla_two_containers_step32kb_32_to_1024,0,1015808,23,2,bench2-fn-a,bench2-fn-a,1,80702907,1000000000,80702907,50,1248587282126,1248667985033
vanilla_two_containers_step32kb_32_to_1024,0,1015808,24,6,bench2-fn-b,bench2-fn-b,1,78946092,1000000000,78946092,50,1248670535478,1248749481570
vanilla_two_containers_step32kb_32_to_1024,0,1015808,25,3,bench2-fn-a,bench2-fn-a,1,79476592,1000000000,79476592,50,1248752533848,1248832010440
vanilla_two_containers_step32kb_32_to_1024,0,1015808,26,7,bench2-fn-b,bench2-fn-b,1,252662796,1000000000,252662796,50,1248834980292,1249087643088
vanilla_two_containers_step32kb_32_to_1024,0,1015808,27,1,bench2-fn-a,bench2-fn-a,1,80409166,1000000000,80409166,50,1249090354274,1249170763440
vanilla_two_containers_step32kb_32_to_1024,0,1015808,28,8,bench2-fn-b,bench2-fn-b,1,78943944,1000000000,78943944,50,1249173363385,1249252307329
vanilla_two_containers_step32kb_32_to_1024,0,1015808,29,2,bench2-fn-a,bench2-fn-a,1,264545204,1000000000,264545204,50,1249254710292,1249519255496
vanilla_two_containers_step32kb_32_to_1024,0,1015808,30,1,bench2-fn-b,bench2-fn-b,1,82894870,1000000000,82894870,50,1249522359125,1249605253995
vanilla_two_containers_step32kb_32_to_1024,0,1015808,31,3,bench2-fn-a,bench2-fn-a,1,252296574,1000000000,252296574,50,1249608232329,1249860528903
vanilla_two_containers_step32kb_32_to_1024,0,1015808,32,1,bench2-fn-b,bench2-fn-b,1,82615704,1000000000,82615704,50,1249863373069,1249945988773
vanilla_two_containers_step32kb_32_to_1024,0,1015808,33,1,bench2-fn-a,bench2-fn-a,1,79313074,1000000000,79313074,50,1249948770903,1250028083977
vanilla_two_containers_step32kb_32_to_1024,0,1015808,34,2,bench2-fn-b,bench2-fn-b,1,78313593,1000000000,78313593,50,1250030726532,1250109040125
vanilla_two_containers_step32kb_32_to_1024,0,1015808,35,2,bench2-fn-a,bench2-fn-a,1,260278074,1000000000,260278074,50,1250111488551,1250371766625
vanilla_two_containers_step32kb_32_to_1024,0,1015808,36,1,bench2-fn-b,bench2-fn-b,1,251342722,1000000000,251342722,50,1250376017865,1250627360587
vanilla_two_containers_step32kb_32_to_1024,0,1015808,37,1,bench2-fn-a,bench2-fn-a,1,78380259,1000000000,78380259,50,1250629779828,1250708160087
vanilla_two_containers_step32kb_32_to_1024,0,1015808,38,2,bench2-fn-b,bench2-fn-b,1,77267908,1000000000,77267908,50,1250710657050,1250787924958
vanilla_two_containers_step32kb_32_to_1024,0,1015808,39,2,bench2-fn-a,bench2-fn-a,1,78343685,1000000000,78343685,50,1250790666976,1250869010661
vanilla_two_containers_step32kb_32_to_1024,0,1015808,40,3,bench2-fn-b,bench2-fn-b,1,77741222,1000000000,77741222,50,1250871704439,1250949445661
vanilla_two_containers_step32kb_32_to_1024,0,1015808,41,3,bench2-fn-a,bench2-fn-a,1,77716982,1000000000,77716982,50,1250952740772,1251030457754
vanilla_two_containers_step32kb_32_to_1024,0,1015808,42,4,bench2-fn-b,bench2-fn-b,1,79655852,1000000000,79655852,50,1251033196272,1251112852124
vanilla_two_containers_step32kb_32_to_1024,0,1015808,43,4,bench2-fn-a,bench2-fn-a,1,80696611,1000000000,80696611,50,1251115501735,1251196198346
vanilla_two_containers_step32kb_32_to_1024,0,1015808,44,5,bench2-fn-b,bench2-fn-b,1,257959870,1000000000,257959870,50,1251198663902,1251456623772
vanilla_two_containers_step32kb_32_to_1024,0,1015808,45,1,bench2-fn-a,bench2-fn-a,1,79469278,1000000000,79469278,50,1251459023346,1251538492624
vanilla_two_containers_step32kb_32_to_1024,0,1015808,46,6,bench2-fn-b,bench2-fn-b,1,266208852,1000000000,266208852,50,1251541136976,1251807345828
vanilla_two_containers_step32kb_32_to_1024,0,1015808,47,1,bench2-fn-a,bench2-fn-a,1,87999444,1000000000,87999444,50,1251810094587,1251898094031
vanilla_two_containers_step32kb_32_to_1024,0,1015808,48,1,bench2-fn-b,bench2-fn-b,1,87372425,1000000000,87372425,50,1251900984976,1251988357401
vanilla_two_containers_step32kb_32_to_1024,0,1015808,49,1,bench2-fn-a,bench2-fn-a,1,77469444,1000000000,77469444,50,1251990919420,1252068388864
vanilla_two_containers_step32kb_32_to_1024,0,1015808,50,2,bench2-fn-b,bench2-fn-b,1,79270685,1000000000,79270685,50,1252071713920,1252150984605
vanilla_two_containers_step32kb_32_to_1024,0,1048576,1,1,bench2-fn-a,bench2-fn-a,0,88668556,1000000000,88668556,50,1252254623753,1252343292309
vanilla_two_containers_step32kb_32_to_1024,0,1048576,2,1,bench2-fn-b,bench2-fn-b,1,267539926,1000000000,267539926,50,1252346316957,1252613856883
vanilla_two_containers_step32kb_32_to_1024,0,1048576,3,1,bench2-fn-a,bench2-fn-a,1,674411055,1000000000,674411055,50,1252617072105,1253291483160
vanilla_two_containers_step32kb_32_to_1024,0,1048576,4,1,bench2-fn-b,bench2-fn-b,1,84687278,1000000000,84687278,50,1253294384123,1253379071401
vanilla_two_containers_step32kb_32_to_1024,0,1048576,5,2,bench2-fn-a,bench2-fn-a,1,257667296,1000000000,257667296,50,1253381852919,1253639520215
vanilla_two_containers_step32kb_32_to_1024,0,1048576,6,1,bench2-fn-b,bench2-fn-b,1,81434833,1000000000,81434833,50,1253642502734,1253723937567
vanilla_two_containers_step32kb_32_to_1024,0,1048576,7,3,bench2-fn-a,bench2-fn-a,1,81749111,1000000000,81749111,50,1253726629345,1253808378456
vanilla_two_containers_step32kb_32_to_1024,0,1048576,8,2,bench2-fn-b,bench2-fn-b,1,81027629,1000000000,81027629,50,1253811193345,1253892220974
vanilla_two_containers_step32kb_32_to_1024,0,1048576,9,4,bench2-fn-a,bench2-fn-a,1,263937926,1000000000,263937926,50,1253895185141,1254159123067
vanilla_two_containers_step32kb_32_to_1024,0,1048576,10,1,bench2-fn-b,bench2-fn-b,1,87406019,1000000000,87406019,50,1254161572474,1254248978493
vanilla_two_containers_step32kb_32_to_1024,0,1048576,11,1,bench2-fn-a,bench2-fn-a,1,82253889,1000000000,82253889,50,1254251876178,1254334130067
vanilla_two_containers_step32kb_32_to_1024,0,1048576,12,2,bench2-fn-b,bench2-fn-b,1,84560648,1000000000,84560648,50,1254337129863,1254421690511
vanilla_two_containers_step32kb_32_to_1024,0,1048576,13,1,bench2-fn-a,bench2-fn-a,1,259864389,1000000000,259864389,50,1254425553270,1254685417659
vanilla_two_containers_step32kb_32_to_1024,0,1048576,14,1,bench2-fn-b,bench2-fn-b,1,81353222,1000000000,81353222,50,1254688092826,1254769446048
vanilla_two_containers_step32kb_32_to_1024,0,1048576,15,2,bench2-fn-a,bench2-fn-a,1,80540000,1000000000,80540000,50,1254772062863,1254852602863
vanilla_two_containers_step32kb_32_to_1024,0,1048576,16,2,bench2-fn-b,bench2-fn-b,1,258835888,1000000000,258835888,50,1254855486363,1255114322251
vanilla_two_containers_step32kb_32_to_1024,0,1048576,17,1,bench2-fn-a,bench2-fn-a,1,80419833,1000000000,80419833,50,1255116765307,1255197185140
vanilla_two_containers_step32kb_32_to_1024,0,1048576,18,3,bench2-fn-b,bench2-fn-b,1,81438777,1000000000,81438777,50,1255199809085,1255281247862
vanilla_two_containers_step32kb_32_to_1024,0,1048576,19,2,bench2-fn-a,bench2-fn-a,1,264303426,1000000000,264303426,50,1255283878733,1255548182159
vanilla_two_containers_step32kb_32_to_1024,0,1048576,20,1,bench2-fn-b,bench2-fn-b,1,81604333,1000000000,81604333,50,1255550779844,1255632384177
vanilla_two_containers_step32kb_32_to_1024,0,1048576,21,3,bench2-fn-a,bench2-fn-a,1,83304130,1000000000,83304130,50,1255634861936,1255718166066
vanilla_two_containers_step32kb_32_to_1024,0,1048576,22,2,bench2-fn-b,bench2-fn-b,1,260996593,1000000000,260996593,50,1255720730936,1255981727529
vanilla_two_containers_step32kb_32_to_1024,0,1048576,23,1,bench2-fn-a,bench2-fn-a,1,81830463,1000000000,81830463,50,1255984093084,1256065923547
vanilla_two_containers_step32kb_32_to_1024,0,1048576,24,3,bench2-fn-b,bench2-fn-b,1,83347148,1000000000,83347148,50,1256068407251,1256151754399
vanilla_two_containers_step32kb_32_to_1024,0,1048576,25,2,bench2-fn-a,bench2-fn-a,1,82302185,1000000000,82302185,50,1256154745547,1256237047732
vanilla_two_containers_step32kb_32_to_1024,0,1048576,26,4,bench2-fn-b,bench2-fn-b,1,83942241,1000000000,83942241,50,1256241959788,1256325902029
vanilla_two_containers_step32kb_32_to_1024,0,1048576,27,1,bench2-fn-a,bench2-fn-a,1,87797315,1000000000,87797315,50,1256328299399,1256416096714
vanilla_two_containers_step32kb_32_to_1024,0,1048576,28,1,bench2-fn-b,bench2-fn-b,1,82834778,1000000000,82834778,50,1256418479621,1256501314399
vanilla_two_containers_step32kb_32_to_1024,0,1048576,29,2,bench2-fn-a,bench2-fn-a,1,80500777,1000000000,80500777,50,1256504063325,1256584564102
vanilla_two_containers_step32kb_32_to_1024,0,1048576,30,2,bench2-fn-b,bench2-fn-b,1,672034166,1000000000,672034166,50,1256587089973,1257259124139
vanilla_two_containers_step32kb_32_to_1024,0,1048576,31,1,bench2-fn-a,bench2-fn-a,1,356677500,1000000000,356677500,50,1257261689602,1257618367102
vanilla_two_containers_step32kb_32_to_1024,0,1048576,32,1,bench2-fn-b,bench2-fn-b,1,88380333,1000000000,88380333,50,1257621220398,1257709600731
vanilla_two_containers_step32kb_32_to_1024,0,1048576,33,1,bench2-fn-a,bench2-fn-a,1,255053851,1000000000,255053851,50,1257712244565,1257967298416
vanilla_two_containers_step32kb_32_to_1024,0,1048576,34,1,bench2-fn-b,bench2-fn-b,1,82077982,1000000000,82077982,50,1257970086268,1258052164250
vanilla_two_containers_step32kb_32_to_1024,0,1048576,35,2,bench2-fn-a,bench2-fn-a,1,80841296,1000000000,80841296,50,1258054678509,1258135519805
vanilla_two_containers_step32kb_32_to_1024,0,1048576,36,2,bench2-fn-b,bench2-fn-b,1,263133074,1000000000,263133074,50,1258138054472,1258401187546
vanilla_two_containers_step32kb_32_to_1024,0,1048576,37,1,bench2-fn-a,bench2-fn-a,1,84221796,1000000000,84221796,50,1258403877120,1258488098916
vanilla_two_containers_step32kb_32_to_1024,0,1048576,38,3,bench2-fn-b,bench2-fn-b,1,260416203,1000000000,260416203,50,1258490633398,1258751049601
vanilla_two_containers_step32kb_32_to_1024,0,1048576,39,1,bench2-fn-a,bench2-fn-a,1,82532315,1000000000,82532315,50,1258753746879,1258836279194
vanilla_two_containers_step32kb_32_to_1024,0,1048576,40,1,bench2-fn-b,bench2-fn-b,1,89273926,1000000000,89273926,50,1258838814342,1258928088268
vanilla_two_containers_step32kb_32_to_1024,0,1048576,41,2,bench2-fn-a,bench2-fn-a,1,257758944,1000000000,257758944,50,1258930839620,1259188598564
vanilla_two_containers_step32kb_32_to_1024,0,1048576,42,1,bench2-fn-b,bench2-fn-b,1,81696500,1000000000,81696500,50,1259191390860,1259273087360
vanilla_two_containers_step32kb_32_to_1024,0,1048576,43,3,bench2-fn-a,bench2-fn-a,1,259414592,1000000000,259414592,50,1259275922064,1259535336656
vanilla_two_containers_step32kb_32_to_1024,0,1048576,44,1,bench2-fn-b,bench2-fn-b,1,82246796,1000000000,82246796,50,1259538704508,1259620951304
vanilla_two_containers_step32kb_32_to_1024,0,1048576,45,4,bench2-fn-a,bench2-fn-a,1,257125871,1000000000,257125871,50,1259623358341,1259880484212
vanilla_two_containers_step32kb_32_to_1024,0,1048576,46,1,bench2-fn-b,bench2-fn-b,1,81162630,1000000000,81162630,50,1259882900619,1259964063249
vanilla_two_containers_step32kb_32_to_1024,0,1048576,47,5,bench2-fn-a,bench2-fn-a,1,264607185,1000000000,264607185,50,1259966512489,1260231119674
vanilla_two_containers_step32kb_32_to_1024,0,1048576,48,1,bench2-fn-b,bench2-fn-b,1,81353740,1000000000,81353740,50,1260234451360,1260315805100
vanilla_two_containers_step32kb_32_to_1024,0,1048576,49,6,bench2-fn-a,bench2-fn-a,1,80758111,1000000000,80758111,50,1260318324545,1260399082656
vanilla_two_containers_step32kb_32_to_1024,0,1048576,50,2,bench2-fn-b,bench2-fn-b,1,263859297,1000000000,263859297,50,1260401512396,1260665371693
